country,state,city,station,last_update,latitude,longitude,pollutant_id,pollutant_min,pollutant_max,pollutant_avg
India,Bihar,Patna,"Govt. High School Shikarpur, Patna - BSPCB","24-08-2026 11:00:00",25.592539,85.227158,SO2,12,13,13
India,Bihar,Patna,"Muradpur, Patna - BSPCB","24-08-2026 11:00:00",25.619651,85.147382,PM2.5,40,53,45
India,Bihar,Patna,"Muradpur, Patna - BSPCB","24-08-2026 11:00:00",25.619651,85.147382,OZONE,5,43,16
India,Bihar,Patna,"Samanpura, Patna - BSPCB","24-08-2026 11:00:00",25.596727,85.085624,PM2.5,25,239,90
India,Bihar,Patna,"Samanpura, Patna - BSPCB","24-08-2026 11:00:00",25.596727,85.085624,NH3,4,5,5
India,Bihar,Purnia,"Mariam Nagar, Purnia - BSPCB","24-08-2026 11:00:00",25.366336,87.117468,PM2.5,10,48,28
India,Bihar,Purnia,"Mariam Nagar, Purnia - BSPCB","24-08-2026 11:00:00",25.366336,87.117468,NO2,16,19,18
India,Bihar,Purnia,"Mariam Nagar, Purnia - BSPCB","24-08-2026 11:00:00",25.366336,87.117468,CO,56,58,57
India,Bihar,Purnia,"Mariam Nagar, Purnia - BSPCB","24-08-2026 11:00:00",25.366336,87.117468,OZONE,19,30,24
India,Bihar,Saharsa,"Police Line, Saharsa - BSPCB","24-08-2026 11:00:00",25.892357,86.590325,OZONE,13,25,16
India,Bihar,Samastipur,"DM Office_Kasipur, Samastipur - BSPCB","24-08-2026 11:00:00",25.859655,85.77944,NO2,8,9,8
India,Bihar,Samastipur,"DM Office_Kasipur, Samastipur - BSPCB","24-08-2026 11:00:00",25.859655,85.77944,NH3,1,2,1
India,Bihar,Sasaram,"Dada Peer, Sasaram - BSPCB","24-08-2026 11:00:00",24.952822,84.002396,NH3,3,5,3
India,Assam,Nalbari,"Bata Chowk, Nalbari - PCBA","24-08-2026 11:00:00",26.446912,91.439057,NH3,NA,NA,NA
India,Assam,Nalbari,"Bata Chowk, Nalbari - PCBA","24-08-2026 11:00:00",26.446912,91.439057,OZONE,19,19,19
India,Assam,Sivasagar,"Girls College, Sivasagar - PCBA","24-08-2026 11:00:00",26.987634,94.636574,NH3,2,9,4
India,Assam,Sivasagar,"Girls College, Sivasagar - PCBA","24-08-2026 11:00:00",26.987634,94.636574,SO2,6,9,8
India,Bihar,Arrah,"New DM Office, Arrah - BSPCB","24-08-2026 11:00:00",25.5626095,84.663264,PM2.5,33,38,35
India,Bihar,Arrah,"New DM Office, Arrah - BSPCB","24-08-2026 11:00:00",25.5626095,84.663264,CO,48,54,51
India,Bihar,Aurangabad,"Gurdeo Nagar, Aurangabad - BSPCB","24-08-2026 11:00:00",24.75746,84.366208,NH3,0,0,0
India,Bihar,Begusarai,"Lohiyanagar, Begusarai - BSPCB","24-08-2026 11:00:00",25.42742023,86.13886079,PM2.5,33,85,46
India,Bihar,Begusarai,"Lohiyanagar, Begusarai - BSPCB","24-08-2026 11:00:00",25.42742023,86.13886079,PM10,65,143,87
India,Bihar,Begusarai,"Lohiyanagar, Begusarai - BSPCB","24-08-2026 11:00:00",25.42742023,86.13886079,OZONE,19,62,42
India,Bihar,Bettiah,"Kamalnath Nagar, Bettiah - BSPCB","24-08-2026 11:00:00",26.80365,84.51954,PM2.5,21,26,23
India,Bihar,Bhagalpur,"Mayaganj, Bhagalpur - BSPCB","24-08-2026 11:00:00",25.265194,87.012947,PM2.5,13,500,181
India,Bihar,Munger,"Town Hall, Munger - BSPCB","24-08-2026 11:00:00",25.376776,86.471523,PM2.5,NA,NA,NA
India,Bihar,Munger,"Town Hall, Munger - BSPCB","24-08-2026 11:00:00",25.376776,86.471523,NH3,2,3,3
India,Bihar,Muzaffarpur,"Buddha Colony, Muzaffarpur - BSPCB","24-08-2026 11:00:00",26.11442,85.39813,PM10,34,56,45
India,Bihar,Muzaffarpur,"Buddha Colony, Muzaffarpur - BSPCB","24-08-2026 11:00:00",26.11442,85.39813,SO2,5,8,7
India,Bihar,Muzaffarpur,"Buddha Colony, Muzaffarpur - BSPCB","24-08-2026 11:00:00",26.11442,85.39813,CO,14,23,21
India,Bihar,Muzaffarpur,"Buddha Colony, Muzaffarpur - BSPCB","24-08-2026 11:00:00",26.11442,85.39813,OZONE,14,55,30
India,Bihar,Muzaffarpur,"MIT-Daudpur Kothi, Muzaffarpur - BSPCB","24-08-2026 11:00:00",26.1403345,85.3650192,NH3,1,1,1
India,Bihar,Muzaffarpur,"MIT-Daudpur Kothi, Muzaffarpur - BSPCB","24-08-2026 11:00:00",26.1403345,85.3650192,CO,17,20,18
India,Bihar,Muzaffarpur,"MIT-Daudpur Kothi, Muzaffarpur - BSPCB","24-08-2026 11:00:00",26.1403345,85.3650192,OZONE,15,24,17
India,Bihar,Patna,"Rajbansi Nagar, Patna - BSPCB","24-08-2026 11:00:00",25.599486,85.113666,PM2.5,NA,NA,NA
India,Bihar,Patna,"Rajbansi Nagar, Patna - BSPCB","24-08-2026 11:00:00",25.599486,85.113666,OZONE,28,28,28
India,Bihar,Patna,"Govt. High School Shikarpur, Patna - BSPCB","24-08-2026 11:00:00",25.592539,85.227158,NH3,6,7,6
India,"Andhra Pradesh",Vijayawada,"Rajiv Nagar, Vijayawada - APPCB","24-08-2026 11:00:00",16.554731,80.64911,PM10,52,71,57
India,"Andhra Pradesh",Vijayawada,"Rajiv Nagar, Vijayawada - APPCB","24-08-2026 11:00:00",16.554731,80.64911,CO,10,11,11
India,"Andhra Pradesh",Vijayawada,"Rajiv Nagar, Vijayawada - APPCB","24-08-2026 11:00:00",16.554731,80.64911,OZONE,21,22,22
India,"Andhra Pradesh",Vijayawada,"HB Colony, Vijayawada - APPCB","24-08-2026 11:00:00",16.536107,80.594233,PM10,58,117,63
India,"Andhra Pradesh",Vijayawada,"Rajiv Gandhi Park, Vijayawada - APPCB","24-08-2026 11:00:00",16.509717,80.612222,PM2.5,33,68,46
India,"Andhra Pradesh",Vijayawada,"Rajiv Gandhi Park, Vijayawada - APPCB","24-08-2026 11:00:00",16.509717,80.612222,SO2,14,20,18
India,"Andhra Pradesh",Visakhapatnam,"GVM Corporation, Visakhapatnam - APPCB","24-08-2026 11:00:00",17.72,83.3,NO2,44,90,60
India,"Arunachal Pradesh",Naharlagun,"Naharlagun, Naharlagun - APSPCB","24-08-2026 11:00:00",27.103358,93.679645,PM2.5,17,87,36
India,"Andhra Pradesh",Chittoor,"Gangineni Cheruvu, Chittoor - APPCB","24-08-2026 11:00:00",13.20488,79.097889,PM2.5,71,81,75
India,"Andhra Pradesh",Chittoor,"Gangineni Cheruvu, Chittoor - APPCB","24-08-2026 11:00:00",13.20488,79.097889,OZONE,29,31,30
India,"Andhra Pradesh",Eluru,"District Court, Eluru - APPCB","24-08-2026 11:00:00",16.711754,81.092095,PM2.5,39,52,42
India,"Andhra Pradesh",Eluru,"District Court, Eluru - APPCB","24-08-2026 11:00:00",16.711754,81.092095,CO,10,14,12
India,"Andhra Pradesh",Eluru,"District Court, Eluru - APPCB","24-08-2026 11:00:00",16.711754,81.092095,OZONE,2,7,5
India,"Andhra Pradesh",Guntur,"Rajendra Nagar North, Guntur - APPCB","24-08-2026 11:00:00",16.316553,80.413302,NO2,18,49,29
India,"Andhra Pradesh",Kadapa,"Yerramukkapalli, Kadapa - APPCB","24-08-2026 11:00:00",14.465052,78.824187,PM2.5,45,47,46
India,"Andhra Pradesh",Kadapa,"Yerramukkapalli, Kadapa - APPCB","24-08-2026 11:00:00",14.465052,78.824187,NH3,2,2,2
India,"Andhra Pradesh",Kadapa,"Yerramukkapalli, Kadapa - APPCB","24-08-2026 11:00:00",14.465052,78.824187,SO2,17,17,17
India,"Andhra Pradesh",Kadapa,"Yerramukkapalli, Kadapa - APPCB","24-08-2026 11:00:00",14.465052,78.824187,OZONE,31,31,31
India,"Andhra Pradesh",Nellore,"Ambedkar Nagar, Nellore - APPCB ","24-08-2026 11:00:00",14.438164,79.966814,OZONE,20,22,21
India,"Andhra Pradesh",Rajamahendravaram,"Anand Kala Kshetram, Rajamahendravaram - APPCB","24-08-2026 11:00:00",16.9872867,81.7363176,SO2,4,7,5
India,"Andhra Pradesh",Srikakulam,"Chinna Bharatham Colony, Srikakulam - APPCB","24-08-2026 11:00:00",18.292191,83.897173,NO2,14,58,29
India,Assam,Byrnihat,"Central Academy for SFS, Byrnihat - PCBA","24-08-2026 11:00:00",26.071318,91.87488,PM2.5,85,103,92
India,Assam,Guwahati,"Pan Bazaar, Guwahati - PCBA","24-08-2026 11:00:00",26.1875,91.744194,PM2.5,NA,NA,NA
India,Assam,Guwahati,"Railway Colony, Guwahati - PCBA","24-08-2026 11:00:00",26.181742,91.78063,SO2,4,9,6
India,Assam,Guwahati,"Railway Colony, Guwahati - PCBA","24-08-2026 11:00:00",26.181742,91.78063,OZONE,9,12,11
India,Assam,Nagaon,"Christianpatty, Nagaon - PCBA","24-08-2026 11:00:00",26.349082,92.68449,CO,21,28,25
India,Assam,Nagaon,"Christianpatty, Nagaon - PCBA","24-08-2026 11:00:00",26.349082,92.68449,OZONE,11,14,13
India,Bihar,Bhagalpur,"Mayaganj, Bhagalpur - BSPCB","24-08-2026 11:00:00",25.265194,87.012947,OZONE,10,34,17
India,Bihar,Bhagalpur,"DM Office_Kachari Chowk, Bhagalpur - BSPCB","24-08-2026 11:00:00",25.251013,86.989001,PM2.5,NA,NA,NA
India,Bihar,Bhagalpur,"DM Office_Kachari Chowk, Bhagalpur - BSPCB","24-08-2026 11:00:00",25.251013,86.989001,NH3,4,4,4
India,Bihar,Chhapra,"Darshan Nagar, Chhapra - BSPCB","24-08-2026 11:00:00",25.7808257,84.7446768,NH3,1,2,2
India,Bihar,Gaya,"Kareemganj, Gaya - BSPCB","24-08-2026 11:00:00",24.792403,84.992416,PM2.5,7,333,110
India,Bihar,Gaya,"Kareemganj, Gaya - BSPCB","24-08-2026 11:00:00",24.792403,84.992416,OZONE,4,78,37
India,"Andhra Pradesh",Tirumala,"Toll Gate, Tirumala - APPCB","24-08-2026 11:00:00",13.67,79.35,SO2,4,8,6
India,Delhi,Delhi,"IHBAS, Dilshad Garden, Delhi - CPCB","24-08-2026 11:00:00",28.6811736,77.3025234,NO2,26,30,28
India,Delhi,Delhi,"IHBAS, Dilshad Garden, Delhi - CPCB","24-08-2026 11:00:00",28.6811736,77.3025234,NH3,4,5,5
India,Delhi,Delhi,"IHBAS, Dilshad Garden, Delhi - CPCB","24-08-2026 11:00:00",28.6811736,77.3025234,CO,14,22,18
India,Delhi,Delhi,"Sri Aurobindo Marg, Delhi - DPCC","24-08-2026 11:00:00",28.531346,77.190156,PM10,26,145,90
India,Delhi,Delhi,"Sri Aurobindo Marg, Delhi - DPCC","24-08-2026 11:00:00",28.531346,77.190156,NO2,13,33,20
India,Delhi,Delhi,"Sri Aurobindo Marg, Delhi - DPCC","24-08-2026 11:00:00",28.531346,77.190156,NH3,2,3,2
India,Delhi,Delhi,"Sri Aurobindo Marg, Delhi - DPCC","24-08-2026 11:00:00",28.531346,77.190156,CO,47,56,52
India,Delhi,Delhi,"Sri Aurobindo Marg, Delhi - DPCC","24-08-2026 11:00:00",28.531346,77.190156,OZONE,1,15,5
India,Delhi,Delhi,"Nehru Nagar, Delhi - DPCC","24-08-2026 11:00:00",28.56789,77.250515,PM2.5,3,223,80
India,Delhi,Delhi,"Patparganj, Delhi - DPCC","24-08-2026 11:00:00",28.623763,77.287209,NO2,NA,NA,NA
India,Delhi,Delhi,"Najafgarh, Delhi - DPCC","24-08-2026 11:00:00",28.570173,76.933762,PM2.5,22,88,52
India,Delhi,Delhi,"Najafgarh, Delhi - DPCC","24-08-2026 11:00:00",28.570173,76.933762,NH3,6,9,7
India,Delhi,Delhi,"Najafgarh, Delhi - DPCC","24-08-2026 11:00:00",28.570173,76.933762,CO,10,50,28
India,Delhi,Delhi,"Wazirpur, Delhi - DPCC","24-08-2026 11:00:00",28.699793,77.165453,PM2.5,72,197,110
India,Delhi,Delhi,"Wazirpur, Delhi - DPCC","24-08-2026 11:00:00",28.699793,77.165453,NH3,3,6,4
India,Delhi,Delhi,"Wazirpur, Delhi - DPCC","24-08-2026 11:00:00",28.699793,77.165453,CO,56,56,56
India,Delhi,Delhi,"Wazirpur, Delhi - DPCC","24-08-2026 11:00:00",28.699793,77.165453,OZONE,4,8,7
India,Delhi,Delhi,"Major Dhyan Chand National Stadium, Delhi - DPCC","24-08-2026 11:00:00",28.611281,77.237738,NO2,12,76,43
India,Delhi,Delhi,"Major Dhyan Chand National Stadium, Delhi - DPCC","24-08-2026 11:00:00",28.611281,77.237738,OZONE,9,24,12
India,Delhi,Delhi,"Sonia Vihar, Delhi - DPCC","24-08-2026 11:00:00",28.710508,77.249485,PM10,41,500,107
India,Delhi,Delhi,"Bawana, Delhi - DPCC","24-08-2026 11:00:00",28.7762,77.051074,PM2.5,42,331,140
India,Delhi,Delhi,"Bawana, Delhi - DPCC","24-08-2026 11:00:00",28.7762,77.051074,CO,13,40,26
India,Delhi,Delhi,"Bawana, Delhi - DPCC","24-08-2026 11:00:00",28.7762,77.051074,OZONE,15,17,16
India,Delhi,Delhi,"Okhla Phase-2, Delhi - DPCC","24-08-2026 11:00:00",28.530785,77.271255,NO2,13,57,32
India,Delhi,Delhi,"Okhla Phase-2, Delhi - DPCC","24-08-2026 11:00:00",28.530785,77.271255,SO2,6,13,10
India,Delhi,Delhi,"Rohini, Delhi - DPCC","24-08-2026 11:00:00",28.732528,77.11992,OZONE,10,12,11
India,Delhi,Delhi,"Vivek Vihar, Delhi - DPCC","24-08-2026 11:00:00",28.672342,77.31526,OZONE,22,40,32
India,Delhi,Delhi,"Jahangirpuri, Delhi - DPCC","24-08-2026 11:00:00",28.73282,77.170633,PM2.5,17,330,125
India,Delhi,Delhi,"Jahangirpuri, Delhi - DPCC","24-08-2026 11:00:00",28.73282,77.170633,PM10,75,229,139
India,Chandigarh,Chandigarh,"Sector 22, Chandigarh - CPCC","24-08-2026 11:00:00",30.735567,76.775714,PM10,15,55,30
India,Chandigarh,Chandigarh,"Sector-25, Chandigarh - CPCC","24-08-2026 11:00:00",30.751462,76.762879,PM2.5,14,41,26
India,Chandigarh,Chandigarh,"Sector-53, Chandigarh - CPCC","24-08-2026 11:00:00",30.719859,76.738637,OZONE,2,8,4
India,Chhattisgarh,Bhilai,"Hathkhoj, Bhilai - CECB","24-08-2026 11:00:00",21.224231,81.40835,PM2.5,13,54,31
India,Chhattisgarh,Bhilai,"Hathkhoj, Bhilai - CECB","24-08-2026 11:00:00",21.224231,81.40835,PM10,17,52,29
India,Chhattisgarh,Bhilai,"Hathkhoj, Bhilai - CECB","24-08-2026 11:00:00",21.224231,81.40835,NO2,6,32,20
India,Chhattisgarh,Bhilai,"Hathkhoj, Bhilai - CECB","24-08-2026 11:00:00",21.224231,81.40835,SO2,7,23,13
India,Chhattisgarh,Bilaspur,"Mangala, Bilaspur - NTPC","24-08-2026 11:00:00",22.08815,82.13737,NO2,19,24,23
India,Chhattisgarh,Chhal,"Nawapara SECL Colony, Chhal - CECB","24-08-2026 11:00:00",22.118125,83.140608,PM10,NA,NA,NA
India,Chhattisgarh,Chhal,"Nawapara SECL Colony, Chhal - CECB","24-08-2026 11:00:00",22.118125,83.140608,CO,28,28,28
India,Chhattisgarh,Korba,"Urja Nagar, Korba - CECB","24-08-2026 11:00:00",22.348441,82.549611,OZONE,5,5,5
India,Chhattisgarh,Korba,"Rampur, Korba - CECB","24-08-2026 11:00:00",22.368195,82.746431,PM2.5,11,25,15
India,Chhattisgarh,Korba,"Rampur, Korba - CECB","24-08-2026 11:00:00",22.368195,82.746431,PM10,12,31,19
India,Chhattisgarh,Korba,"Rampur, Korba - CECB","24-08-2026 11:00:00",22.368195,82.746431,NO2,3,33,12
India,Chhattisgarh,Korba,"Rampur, Korba - CECB","24-08-2026 11:00:00",22.368195,82.746431,CO,11,28,17
India,Chhattisgarh,Raipur,"Krishak Nagar, Raipur - CECB","24-08-2026 11:00:00",21.237755,81.705301,NH3,2,2,2
India,Chhattisgarh,Raipur,"Krishak Nagar, Raipur - CECB","24-08-2026 11:00:00",21.237755,81.705301,SO2,5,9,7
India,Chhattisgarh,Raipur,"Krishak Nagar, Raipur - CECB","24-08-2026 11:00:00",21.237755,81.705301,OZONE,1,1,1
India,Delhi,Delhi,"Pusa, Delhi - DPCC","24-08-2026 11:00:00",28.639652,77.146275,NH3,3,13,9
India,Delhi,Delhi,"Sirifort, Delhi - CPCB","24-08-2026 11:00:00",28.5504249,77.2159377,CO,34,59,43
India,Delhi,Delhi,"Chandni Chowk, Delhi - IITM","24-08-2026 11:00:00",28.656756,77.227234,PM10,38,164,121
India,Delhi,Delhi,"Pusa, Delhi - IITM","24-08-2026 11:00:00",28.63611,77.173332,PM2.5,34,81,54
India,Delhi,Delhi,"Pusa, Delhi - IITM","24-08-2026 11:00:00",28.63611,77.173332,SO2,NA,NA,NA
India,Delhi,Delhi,"DTU, Delhi - CPCB","24-08-2026 11:00:00",28.7500499,77.1112615,PM2.5,36,114,65
India,Delhi,Delhi,"Anand Vihar, Delhi - DPCC","24-08-2026 11:00:00",28.647622,77.315809,OZONE,2,3,3
India,Delhi,Delhi,"Shadipur, Delhi - CPCB","24-08-2026 11:00:00",28.6514781,77.1473105,CO,12,32,21
India,Delhi,Delhi,"Shadipur, Delhi - CPCB","24-08-2026 11:00:00",28.6514781,77.1473105,OZONE,10,27,16
India,Delhi,Delhi,"Mandir Marg, Delhi - DPCC","24-08-2026 11:00:00",28.636429,77.201067,PM10,45,130,99
India,Delhi,Delhi,"Mandir Marg, Delhi - DPCC","24-08-2026 11:00:00",28.636429,77.201067,SO2,33,82,35
India,Delhi,Delhi,"Pusa, Delhi - DPCC","24-08-2026 11:00:00",28.639652,77.146275,PM10,55,219,119
India,Chhattisgarh,Raipur,"AIIMS, Raipur - CECB","24-08-2026 11:00:00",21.258815,81.578979,NO2,0,6,2
India,Chhattisgarh,Raipur,"AIIMS, Raipur - CECB","24-08-2026 11:00:00",21.258815,81.578979,NH3,2,2,2
India,Chhattisgarh,Raipur,"AIIMS, Raipur - CECB","24-08-2026 11:00:00",21.258815,81.578979,CO,22,32,26
India,Chhattisgarh,Tumidih,"OP Jindal Industrial Park, Tumidih - CECB","24-08-2026 11:00:00",22.06631475,83.33820077,PM2.5,11,73,51
India,Chhattisgarh,Tumidih,"OP Jindal Industrial Park, Tumidih - CECB","24-08-2026 11:00:00",22.06631475,83.33820077,CO,19,25,22
India,Delhi,Delhi,"ITO, Delhi - CPCB","24-08-2026 11:00:00",28.628624,77.24106,OZONE,33,83,52
India,Delhi,Delhi,"Cantonment Area, Delhi - DPCC","24-08-2026 11:00:00",28.594169,77.1251,PM2.5,13,46,25
India,Delhi,Delhi,"Mundka, Delhi - DPCC","24-08-2026 11:00:00",28.684678,77.076574,PM10,33,245,122
India,Delhi,Delhi,"Mundka, Delhi - DPCC","24-08-2026 11:00:00",28.684678,77.076574,CO,44,83,58
India,Delhi,Delhi,"Punjabi Bagh, Delhi - DPCC","24-08-2026 11:00:00",28.674045,77.131023,SO2,34,56,43
India,Delhi,Delhi,"DTU, Delhi - CPCB","24-08-2026 11:00:00",28.7500499,77.1112615,OZONE,14,23,16
India,Delhi,Delhi,"Dwarka-Sector 8, Delhi - DPCC ","24-08-2026 11:00:00",28.5710274,77.0719006,SO2,11,15,13
India,Delhi,Delhi,"Dr. Karni Singh Shooting Range, Delhi - DPCC","24-08-2026 11:00:00",28.498571,77.26484,PM10,14,156,100
India,Delhi,Delhi,"Dr. Karni Singh Shooting Range, Delhi - DPCC","24-08-2026 11:00:00",28.498571,77.26484,CO,28,63,43
India,Delhi,Delhi,"IIT Delhi, Delhi - IITM","24-08-2026 11:00:00",28.54246,77.191651,NO2,10,50,26
India,Delhi,Delhi,"IGI Airport (T3), Delhi - IITM","24-08-2026 11:00:00",28.5627763,77.1180053,NH3,NA,NA,NA
India,Delhi,Delhi,"IGI Airport (T3), Delhi - IITM","24-08-2026 11:00:00",28.5627763,77.1180053,SO2,NA,NA,NA
India,Delhi,Delhi,"IGNOU_Maidan Garhi, Delhi - DPCC","24-08-2026 11:00:00",28.493624,77.201159,SO2,5,6,6
India,Delhi,Delhi,"Commonwealth Sports Complex, Delhi - DPCC","24-08-2026 11:00:00",28.615828,77.271992,PM2.5,50,118,77
India,Delhi,Delhi,"Commonwealth Sports Complex, Delhi - DPCC","24-08-2026 11:00:00",28.615828,77.271992,OZONE,4,18,7
India,Delhi,Delhi,"Talkatora Garden, Delhi - DPCC","24-08-2026 11:00:00",28.62181,77.1944633,PM10,34,104,76
India,Delhi,Delhi,"Talkatora Garden, Delhi - DPCC","24-08-2026 11:00:00",28.62181,77.1944633,NH3,NA,NA,NA
India,Delhi,Delhi,"Talkatora Garden, Delhi - DPCC","24-08-2026 11:00:00",28.62181,77.1944633,CO,53,88,79
India,Delhi,Delhi,"NSIT Dwarka, Delhi - CPCB","24-08-2026 11:00:00",28.60909,77.0325413,SO2,14,19,16
India,Delhi,Delhi,"Aya Nagar, Delhi - IITM","24-08-2026 11:00:00",28.4706914,77.1099364,PM10,26,159,109
India,Delhi,Delhi,"Aya Nagar, Delhi - IITM","24-08-2026 11:00:00",28.4706914,77.1099364,OZONE,1,19,7
India,Delhi,Delhi,"CRRI Mathura Road, Delhi - IITM","24-08-2026 11:00:00",28.5512005,77.2735737,NO2,NA,NA,NA
India,Delhi,Delhi,"CRRI Mathura Road, Delhi - IITM","24-08-2026 11:00:00",28.5512005,77.2735737,NH3,NA,NA,NA
India,Delhi,Delhi,"Burari Crossing, Delhi - IITM","24-08-2026 11:00:00",28.7256504,77.2011573,SO2,NA,NA,NA
India,Delhi,Delhi,"Burari Crossing, Delhi - IITM","24-08-2026 11:00:00",28.7256504,77.2011573,CO,61,79,66
India,Delhi,Delhi,"IMD Lodhi Road, Delhi - IITM","24-08-2026 11:00:00",28.5918245,77.2273074,PM10,17,144,92
India,Delhi,Delhi,"IMD Lodhi Road, Delhi - IITM","24-08-2026 11:00:00",28.5918245,77.2273074,NO2,2,36,18
India,Delhi,Delhi,"IMD Lodhi Road, Delhi - IITM","24-08-2026 11:00:00",28.5918245,77.2273074,CO,24,43,36
India,Delhi,Delhi,"JNU, Delhi - DPCC","24-08-2026 11:00:00",28.540721,77.168544,SO2,2,4,3
India,Delhi,Delhi,"JNU, Delhi - DPCC","24-08-2026 11:00:00",28.540721,77.168544,CO,42,64,55
India,Delhi,Delhi,"Alipur, Delhi - DPCC","24-08-2026 11:00:00",28.815329,77.15301,PM10,55,155,100
India,Delhi,Delhi,"Alipur, Delhi - DPCC","24-08-2026 11:00:00",28.815329,77.15301,CO,31,48,41
India,Delhi,Delhi,"North Campus, DU, Delhi - IITM","24-08-2026 11:00:00",28.6573814,77.1585447,NH3,NA,NA,NA
India,Delhi,Delhi,"R K Puram, Delhi - DPCC","24-08-2026 11:00:00",28.563262,77.186937,CO,49,74,61
India,Gujarat,Ahmedabad,"SVPI Airport Hansol, Ahmedabad - IITM","24-08-2026 11:00:00",23.076793,72.627874,NH3,2,3,2
India,Haryana,Fatehabad,"Huda Sector, Fatehabad - HSPCB","24-08-2026 11:00:00",29.503664,75.467934,NO2,18,21,19
India,Haryana,Fatehabad,"Huda Sector, Fatehabad - HSPCB","24-08-2026 11:00:00",29.503664,75.467934,OZONE,10,11,10
India,Haryana,Gurugram,"Teri Gram, Gurugram - HSPCB","24-08-2026 11:00:00",28.4275,77.1465,NH3,9,17,11
India,Haryana,Gurugram,"NISE Gwal Pahari, Gurugram - IITM","24-08-2026 11:00:00",28.422681,77.148944,NH3,NA,NA,NA
India,Haryana,Gurugram,"NISE Gwal Pahari, Gurugram - IITM","24-08-2026 11:00:00",28.422681,77.148944,SO2,NA,NA,NA
India,Haryana,Gurugram,"NISE Gwal Pahari, Gurugram - IITM","24-08-2026 11:00:00",28.422681,77.148944,CO,33,37,35
India,Haryana,Gurugram,"NISE Gwal Pahari, Gurugram - IITM","24-08-2026 11:00:00",28.422681,77.148944,OZONE,1,15,5
India,Haryana,Gurugram,"Sector-51, Gurugram - HSPCB","24-08-2026 11:00:00",28.4227,77.0667,PM10,61,153,109
India,Haryana,Gurugram,"Sector-51, Gurugram - HSPCB","24-08-2026 11:00:00",28.4227,77.0667,NO2,24,69,41
India,Haryana,Gurugram,"Vikas Sadan, Gurugram - HSPCB","24-08-2026 11:00:00",28.4501238,77.0263051,PM2.5,NA,NA,NA
India,Haryana,Hisar,"Urban Estate-II, Hisar - HSPCB","24-08-2026 11:00:00",29.14056,75.744941,PM10,61,97,82
India,Haryana,Hisar,"Urban Estate-II, Hisar - HSPCB","24-08-2026 11:00:00",29.14056,75.744941,CO,13,19,15
India,Gujarat,Gandhinagar,"GIFT City, Gandhinagar - IITM","24-08-2026 11:00:00",23.163798,72.677768,PM2.5,30,70,48
India,Gujarat,Gandhinagar,"GIFT City, Gandhinagar - IITM","24-08-2026 11:00:00",23.163798,72.677768,CO,13,28,19
India,Gujarat,Mehsana,"Sadanand Nagar, Mehsana - Nexteng Enviro","24-08-2026 11:00:00",23.59315,72.372792,CO,44,45,44
India,Gujarat,Nandesari,"GIDC, Nandesari - Nandesari Ind. Association","24-08-2026 11:00:00",22.410802,73.097923,NH3,NA,NA,NA
India,Gujarat,Rajkot,"Mavdi, Rajkot - Nexteng Enviro ","24-08-2026 11:00:00",22.248853,70.776774,SO2,9,12,10
India,Gujarat,Surat,"Science Center, Surat - SMC","24-08-2026 11:00:00",21.170046,72.795405,NO2,1,7,4
India,Gujarat,Surat,"Science Center, Surat - SMC","24-08-2026 11:00:00",21.170046,72.795405,OZONE,NA,NA,NA
India,Gujarat,Vapi,"Phase-1 GIDC, Vapi - GPCB","24-08-2026 11:00:00",20.362421,72.918013,PM2.5,NA,NA,NA
India,Gujarat,Vapi,"Phase-1 GIDC, Vapi - GPCB","24-08-2026 11:00:00",20.362421,72.918013,NH3,NA,NA,NA
India,Gujarat,Vatva,"Phase-4 GIDC, Vatva - GPCB","24-08-2026 11:00:00",22.969611,72.6435,CO,34,47,39
India,Gujarat,Vatva,"Phase-4 GIDC, Vatva - GPCB","24-08-2026 11:00:00",22.969611,72.6435,OZONE,9,10,10
India,Haryana,Bahadurgarh,"Arya Nagar, Bahadurgarh - HSPCB","24-08-2026 11:00:00",28.6701,76.9254,SO2,7,9,8
India,Haryana,Bhiwani,"H.B. Colony, Bhiwani - HSPCB","24-08-2026 11:00:00",28.806223,76.141105,PM2.5,40,85,61
India,Haryana,Bhiwani,"H.B. Colony, Bhiwani - HSPCB","24-08-2026 11:00:00",28.806223,76.141105,PM10,127,147,135
India,Haryana,Bhiwani,"H.B. Colony, Bhiwani - HSPCB","24-08-2026 11:00:00",28.806223,76.141105,SO2,0,36,7
India,Haryana,Bhiwani,"H.B. Colony, Bhiwani - HSPCB","24-08-2026 11:00:00",28.806223,76.141105,CO,17,22,20
India,Haryana,Bhiwani,"H.B. Colony, Bhiwani - HSPCB","24-08-2026 11:00:00",28.806223,76.141105,OZONE,22,303,59
India,Haryana,Dharuhera,"Municipal Corporation Office, Dharuhera -  HSPCB","24-08-2026 11:00:00",28.2068,76.7997,SO2,6,14,9
India,Haryana,Faridabad,"Sector 11, Faridabad - HSPCB","24-08-2026 11:00:00",28.376058,77.315741,PM10,55,332,154
India,Gujarat,Ankleshwar,"GIDC, Ankleshwar - GPCB","24-08-2026 11:00:00",21.613267,73.010555,SO2,19,22,19
India,Gujarat,Ankleshwar,"GIDC, Ankleshwar - GPCB","24-08-2026 11:00:00",21.613267,73.010555,CO,36,46,41
India,Gujarat,Bhavnagar,"Vidhyanagar, Bhavnagar - Nexteng Enviro","24-08-2026 11:00:00",21.755417,72.139056,PM2.5,20,37,30
India,Gujarat,Gandhinagar,"IIPHG Lekawada, Gandhinagar - IITM","24-08-2026 11:00:00",23.243639,72.68994,PM10,107,166,137
India,Gujarat,Ahmedabad,"SAC ISRO Satellite, Ahmedabad - IITM","24-08-2026 11:00:00",23.023389,72.515201,NO2,22,41,25
India,Gujarat,Ahmedabad,"SAC ISRO Satellite, Ahmedabad - IITM","24-08-2026 11:00:00",23.023389,72.515201,NH3,1,2,1
India,Gujarat,Ahmedabad,"Gyaspur, Ahmedabad - IITM","24-08-2026 11:00:00",22.977134,72.553024,PM2.5,35,70,49
India,Gujarat,Ahmedabad,"Raikhad, Ahmedabad - IITM","24-08-2026 11:00:00",23.020509,72.579261,OZONE,10,12,11
India,Gujarat,Vadodara,"Bapunagar, Vadodara - Nexteng Enviro","24-08-2026 11:00:00",22.320153,73.216285,SO2,7,8,8
India,"Madhya Pradesh",Bhopal,"Idgah Hills, Bhopal - MPPCB","24-08-2026 11:00:00",23.264759,77.381568,SO2,5,6,6
India,"Madhya Pradesh",Bhopal,"Idgah Hills, Bhopal - MPPCB","24-08-2026 11:00:00",23.264759,77.381568,OZONE,12,23,18
India,"Madhya Pradesh",Bhopal,"T T Nagar, Bhopal - MPPCB","24-08-2026 11:00:00",23.233584,77.400574,PM10,19,111,65
India,"Madhya Pradesh",Bhopal,"T T Nagar, Bhopal - MPPCB","24-08-2026 11:00:00",23.233584,77.400574,CO,23,38,27
India,"Madhya Pradesh",Dewas,"Bhopal Chauraha, Dewas - MPPCB","24-08-2026 11:00:00",22.9682591,76.064118,PM2.5,22,64,40
India,"Madhya Pradesh",Gwalior,"Maharaj Bada, Gwalior - MPPCB","24-08-2026 11:00:00",26.200388,78.147714,OZONE,16,57,41
India,"Madhya Pradesh",Gwalior,"City Center, Gwalior - MPPCB","24-08-2026 11:00:00",26.203442,78.193251,PM2.5,32,57,43
India,"Madhya Pradesh",Gwalior,"City Center, Gwalior - MPPCB","24-08-2026 11:00:00",26.203442,78.193251,OZONE,43,58,49
India,"Madhya Pradesh",Gwalior,"Deen Dayal Nagar, Gwalior - MPPCB","24-08-2026 11:00:00",26.259242,78.216432,SO2,10,14,11
India,"Madhya Pradesh",Gwalior,"Deen Dayal Nagar, Gwalior - MPPCB","24-08-2026 11:00:00",26.259242,78.216432,CO,56,64,58
India,"Madhya Pradesh",Indore,"Regional Park, Indore - IMC","24-08-2026 11:00:00",22.678,75.8559,OZONE,5,5,5
India,"Madhya Pradesh",Indore,"Maguda Nagar, Indore - IMC","24-08-2026 11:00:00",22.7524,75.8872,PM2.5,20,33,27
India,"Madhya Pradesh",Indore,"Maguda Nagar, Indore - IMC","24-08-2026 11:00:00",22.7524,75.8872,PM10,23,44,31
India,Karnataka,Shivamogga,"Vinoba Nagara, Shivamogga - KSPCB","24-08-2026 11:00:00",13.94,75.555917,NH3,3,4,4
India,Kerala,Eloor,"Udyogamandal, Eloor - Kerala PCB","24-08-2026 11:00:00",10.073232,76.302765,PM10,NA,NA,NA
India,Kerala,Kannur,"Thavakkara, Kannur - Kerala PCB","24-08-2026 11:00:00",11.875,75.3732,PM2.5,88,101,93
India,Kerala,Kannur,"Thavakkara, Kannur - Kerala PCB","24-08-2026 11:00:00",11.875,75.3732,CO,14,15,14
India,Kerala,Thiruvananthapuram,"Plammoodu, Thiruvananthapuram - Kerala PCB","24-08-2026 11:00:00",8.5149093,76.9435879,PM10,9,25,17
India,Kerala,Thiruvananthapuram,"Plammoodu, Thiruvananthapuram - Kerala PCB","24-08-2026 11:00:00",8.5149093,76.9435879,NO2,2,5,3
India,Kerala,Thiruvananthapuram,"Kariavattom, Thiruvananthapuram - Kerala PCB","24-08-2026 11:00:00",8.5637,76.8865,NO2,6,7,6
India,Kerala,Thiruvananthapuram,"Kariavattom, Thiruvananthapuram - Kerala PCB","24-08-2026 11:00:00",8.5637,76.8865,NH3,0,0,0
India,Kerala,Thrissur,"Corporation Ground, Thrissur - Kerala PCB","24-08-2026 11:00:00",10.5324,76.2159,SO2,0,0,0
India,Kerala,Thrissur,"Corporation Ground, Thrissur - Kerala PCB","24-08-2026 11:00:00",10.5324,76.2159,CO,21,28,25
India,Kerala,Thrissur,"Corporation Ground, Thrissur - Kerala PCB","24-08-2026 11:00:00",10.5324,76.2159,OZONE,30,31,30
India,"Madhya Pradesh",Bhopal,"Paryavaran Parisar, Bhopal - MPPCB","24-08-2026 11:00:00",23.210494,77.425409,NO2,7,19,12
India,Karnataka,Gadag,"Panchal Nagar, Gadag - KSPCB","24-08-2026 11:00:00",15.411456,75.638133,SO2,25,33,29
India,Karnataka,Hubballi,"Lingaraj Nagar, Hubballi - KSPCB","24-08-2026 11:00:00",15.3714823,75.1160168,CO,9,14,12
India,Karnataka,Madikeri,"Stuart Hill, Madikeri - KSPCB","24-08-2026 11:00:00",12.415911,75.73505,PM10,3,20,10
India,Karnataka,Mangalore,"Kadri, Mangalore - KSPCB","24-08-2026 11:00:00",12.88925,74.853,NH3,2,4,3
India,Karnataka,Mangalore,"Kadri, Mangalore - KSPCB","24-08-2026 11:00:00",12.88925,74.853,SO2,NA,NA,NA
India,Karnataka,Mysuru,"Hebbal 1st Stage, Mysuru - KSPCB","24-08-2026 11:00:00",12.21041,76.37376,CO,4,23,10
India,Karnataka,Mysuru,"Hebbal 1st Stage, Mysuru - KSPCB","24-08-2026 11:00:00",12.21041,76.37376,OZONE,8,130,39
India,Karnataka,Ramanagara,"Vijay Nagar, Ramanagara - KSPCB","24-08-2026 11:00:00",12.733409,77.298051,PM2.5,3,45,19
India,Karnataka,Ramanagara,"Vijay Nagar, Ramanagara - KSPCB","24-08-2026 11:00:00",12.733409,77.298051,CO,23,43,28
India,Jharkhand,Jorapokhar,"Tata Stadium, Jorapokhar - JSPCB","24-08-2026 11:00:00",23.707909,86.41467,PM10,88,135,106
India,Karnataka,Bengaluru,"Jigani, Bengaluru - KSPCB","24-08-2026 11:00:00",12.7816279,77.6299145,PM10,46,171,71
India,Karnataka,Bengaluru,"Jigani, Bengaluru - KSPCB","24-08-2026 11:00:00",12.7816279,77.6299145,SO2,16,17,16
India,Karnataka,Bengaluru,"Jigani, Bengaluru - KSPCB","24-08-2026 11:00:00",12.7816279,77.6299145,CO,35,36,36
India,Karnataka,Bengaluru,"City Railway Station, Bengaluru - KSPCB","24-08-2026 11:00:00",12.9756843,77.5660749,PM10,78,93,92
India,Karnataka,Bengaluru,"Jayanagar 5th Block, Bengaluru - KSPCB","24-08-2026 11:00:00",12.920984,77.584908,PM10,19,487,100
India,Karnataka,Bengaluru,"Jayanagar 5th Block, Bengaluru - KSPCB","24-08-2026 11:00:00",12.920984,77.584908,NO2,4,12,8
India,Karnataka,Bengaluru,"Shivapura_Peenya, Bengaluru - KSPCB","24-08-2026 11:00:00",13.0246342,77.5080115,CO,NA,NA,NA
India,Karnataka,Bengaluru,"Hebbal, Bengaluru - KSPCB","24-08-2026 11:00:00",13.029152,77.585901,CO,9,62,47
India,"Himachal Pradesh",Baddi,"HIMUDA Complex Phase-1, Baddi - HPPCB","24-08-2026 11:00:00",30.943887,76.801991,CO,102,110,105
India,"Jammu and Kashmir",Pampore,"Khrew, Pampore - JKPCC","24-08-2026 11:00:00",34.031606,75.009712,NH3,NA,NA,NA
India,"Jammu and Kashmir",Pampore,"Khrew, Pampore - JKPCC","24-08-2026 11:00:00",34.031606,75.009712,OZONE,NA,NA,NA
India,"Jammu and Kashmir",Srinagar,"Rajbagh, Srinagar - JKPCC","24-08-2026 11:00:00",34.066206,74.81982,OZONE,0,2,1
India,"Jammu and Kashmir",Srinagar,"Khunmoh, Srinagar - JKPCC","24-08-2026 11:00:00",34.06313,74.96017,CO,NA,NA,NA
India,Jharkhand,Dhanbad,"Sardar Patel Nagar, Dhanbad - JSPCB","24-08-2026 11:00:00",23.80569,86.44268,PM10,NA,NA,NA
India,Jharkhand,Dhanbad,"Sardar Patel Nagar, Dhanbad - JSPCB","24-08-2026 11:00:00",23.80569,86.44268,NH3,NA,NA,NA
India,Haryana,Kaithal,"Rishi Nagar, Kaithal - HSPCB","24-08-2026 11:00:00",29.8006,76.4155,PM10,77,104,91
India,Haryana,Kaithal,"Rishi Nagar, Kaithal - HSPCB","24-08-2026 11:00:00",29.8006,76.4155,NO2,21,26,23
India,Haryana,Kaithal,"Rishi Nagar, Kaithal - HSPCB","24-08-2026 11:00:00",29.8006,76.4155,SO2,35,39,37
India,Haryana,Karnal,"Sector-12, Karnal - HSPCB","24-08-2026 11:00:00",29.6953,77.0027,CO,42,56,48
India,Haryana,Kurukshetra,"Sector-7, Kurukshetra - HSPCB","24-08-2026 11:00:00",29.966942,76.875879,NO2,7,10,9
India,Haryana,Manesar,"Sector-2 IMT, Manesar - HSPCB","24-08-2026 11:00:00",28.360699,76.93609,PM10,78,140,102
India,Haryana,Manesar,"Sector-2 IMT, Manesar - HSPCB","24-08-2026 11:00:00",28.360699,76.93609,NH3,10,24,18
India,Haryana,Panipat,"Sector-18, Panipat - HSPCB","24-08-2026 11:00:00",29.432304,76.972765,PM10,53,153,119
India,Haryana,Rohtak,"MD University, Rohtak - HSPCB","24-08-2026 11:00:00",28.52123,76.37138,PM2.5,29,86,51
India,Haryana,Rohtak,"MD University, Rohtak - HSPCB","24-08-2026 11:00:00",28.52123,76.37138,CO,34,40,38
India,Haryana,Sirsa,"F-Block, Sirsa - HSPCB","24-08-2026 11:00:00",29.5364,75.0158,NH3,13,14,14
India,Haryana,Sirsa,"F-Block, Sirsa - HSPCB","24-08-2026 11:00:00",29.5364,75.0158,CO,76,99,87
India,Haryana,Narnaul,"Shastri Nagar, Narnaul - HSPCB","24-08-2026 11:00:00",28.060249,76.113115,OZONE,10,43,21
India,Haryana,Palwal,"Shyam Nagar, Palwal - HSPCB","24-08-2026 11:00:00",28.1485564,77.3320667,PM10,68,395,178
India,Haryana,Panchgaon,"Amity University, Panchgaon - IITM","24-08-2026 11:00:00",28.3153,76.9143,PM2.5,NA,NA,NA
India,Haryana,Panchgaon,"Amity University, Panchgaon - IITM","24-08-2026 11:00:00",28.3153,76.9143,NO2,NA,NA,NA
India,Karnataka,Chikkamagaluru,"Kalyana Nagara, Chikkamagaluru - KSPCB","24-08-2026 11:00:00",13.328028,75.797056,CO,11,50,23
India,Karnataka,Gadag,"Panchal Nagar, Gadag - KSPCB","24-08-2026 11:00:00",15.411456,75.638133,NH3,3,5,4
India,"Madhya Pradesh",Indore,"Maguda Nagar, Indore - IMC","24-08-2026 11:00:00",22.7524,75.8872,OZONE,7,11,10
India,"Madhya Pradesh",Indore,"Residency Area, Indore - IMC","24-08-2026 11:00:00",22.7084,75.8815,PM10,32,55,42
India,"Madhya Pradesh",Jabalpur,"Marhatal, Jabalpur - MPPCB","24-08-2026 11:00:00",23.168606,79.932247,OZONE,9,21,15
India,"Madhya Pradesh",Jabalpur,"Gupteshwar, Jabalpur - JMC","24-08-2026 11:00:00",23.142888,79.916147,NH3,4,6,5
India,"Madhya Pradesh",Jabalpur,"Gupteshwar, Jabalpur - JMC","24-08-2026 11:00:00",23.142888,79.916147,SO2,10,12,11
India,"Madhya Pradesh",Jabalpur,"Govindh Bhavan Colony, Jabalpur - JMC","24-08-2026 11:00:00",23.163174,79.973061,SO2,4,9,6
India,"Madhya Pradesh",Jabalpur,"Suhagi, Jabalpur - JMC","24-08-2026 11:00:00",23.218135,79.95777,PM2.5,26,68,47
India,"Madhya Pradesh",Katni,"Gole Bazar, Katni - MPPCB","24-08-2026 11:00:00",23.50016,80.23284,PM10,29,72,53
India,"Madhya Pradesh",Katni,"Gole Bazar, Katni - MPPCB","24-08-2026 11:00:00",23.50016,80.23284,SO2,16,37,28
India,"Madhya Pradesh",Maihar,"Sahilara, Maihar - KJS Cements","24-08-2026 11:00:00",24.2613009,80.7231783,PM2.5,NA,NA,NA
India,"Madhya Pradesh",Maihar,"Sahilara, Maihar - KJS Cements","24-08-2026 11:00:00",24.2613009,80.7231783,SO2,11,12,12
India,"Madhya Pradesh",Mandideep,"Sector-D Industrial Area, Mandideep - MPPCB","24-08-2026 11:00:00",23.10844,77.511428,PM2.5,31,113,63
India,Maharashtra,Aurangabad,"MIDC Chilkalthana, Aurangabad - MPCB","24-08-2026 11:00:00",19.87562,75.38731,CO,21,28,26
India,Maharashtra,Aurangabad,"Rachnakar Colony, Aurangabad - MPCB","24-08-2026 11:00:00",19.863756,75.321188,PM10,35,60,46
India,Maharashtra,Aurangabad,"Rachnakar Colony, Aurangabad - MPCB","24-08-2026 11:00:00",19.863756,75.321188,NO2,8,18,12
India,Maharashtra,Aurangabad,"More Chowk Waluj, Aurangabad - MPCB","24-08-2026 11:00:00",19.8389439,75.244448,PM2.5,45,54,50
India,Maharashtra,Aurangabad,"More Chowk Waluj, Aurangabad - MPCB","24-08-2026 11:00:00",19.8389439,75.244448,SO2,26,29,28
India,Maharashtra,Aurangabad,"More Chowk Waluj, Aurangabad - MPCB","24-08-2026 11:00:00",19.8389439,75.244448,OZONE,10,24,14
India,Maharashtra,Badlapur,"Katrap, Badlapur - MPCB","24-08-2026 11:00:00",19.16485,73.23409,SO2,7,11,9
India,Maharashtra,Beed,"Bir, Beed - MPCB","24-08-2026 11:00:00",18.988474,75.753873,PM2.5,10,53,24
India,Maharashtra,Beed,"Bir, Beed - MPCB","24-08-2026 11:00:00",18.988474,75.753873,CO,4,16,9
India,Maharashtra,Belapur,"CBD Belapur, Belapur - MPCB","24-08-2026 11:00:00",19.0243902,73.0406721,PM10,34,86,54
India,Maharashtra,Bhiwandi,"Gokul Nagar, Bhiwandi - MPCB","24-08-2026 11:00:00",19.309073,73.057223,PM2.5,25,38,30
India,Maharashtra,Bhiwandi,"Gokul Nagar, Bhiwandi - MPCB","24-08-2026 11:00:00",19.309073,73.057223,NO2,5,6,5
India,Maharashtra,Chandrapur,"MIDC Khutala, Chandrapur - MPCB","24-08-2026 11:00:00",19.9775302,79.2337086,SO2,1,10,5
India,Maharashtra,Dhule,"Deopur, Dhule - MPCB","24-08-2026 11:00:00",20.918946,74.776388,CO,4,11,6
India,Maharashtra,Dombivli,"Kalu Nagar, Dombivli - MPCB","24-08-2026 11:00:00",19.2268427,73.0788456,PM2.5,2,17,8
India,Maharashtra,Dombivli,"Kalu Nagar, Dombivli - MPCB","24-08-2026 11:00:00",19.2268427,73.0788456,CO,10,67,21
India,Maharashtra,Dombivli,"Kalu Nagar, Dombivli - MPCB","24-08-2026 11:00:00",19.2268427,73.0788456,OZONE,22,35,27
India,Maharashtra,Hingoli,"Ashta Vinayak Nagar, Hingoli - MPCB","24-08-2026 11:00:00",19.710842,77.151824,PM2.5,9,43,28
India,Maharashtra,Hingoli,"Ashta Vinayak Nagar, Hingoli - MPCB","24-08-2026 11:00:00",19.710842,77.151824,NO2,3,13,6
India,Maharashtra,Jalna,"Old MIDC, Jalna - MPCB","24-08-2026 11:00:00",19.854616,75.905894,CO,28,34,30
India,Maharashtra,Jalna,"Old MIDC, Jalna - MPCB","24-08-2026 11:00:00",19.854616,75.905894,OZONE,6,26,18
India,Maharashtra,Kalyan,"Pimpleshwar Mandir, Kalyan - MPCB","24-08-2026 11:00:00",19.192056,72.9585188,SO2,9,17,13
India,Maharashtra,Kolhapur,"Sinchan Bhavan, Kolhapur - MPCB","24-08-2026 11:00:00",16.7143745,74.2426398,NH3,1,3,1
India,Maharashtra,Kolhapur,"Shivaji University, Kolhapur - MPCB","24-08-2026 11:00:00",16.6870449,74.2505872,PM2.5,5,26,14
India,Maharashtra,Latur,"Sawe Wadi, Latur - MPCB","24-08-2026 11:00:00",18.39963,76.57452,CO,2,8,5
India,"Madhya Pradesh",Ratlam,"Shasthri Nagar, Ratlam - IPCA Lab","24-08-2026 11:00:00",23.331731,75.045981,NH3,NA,NA,NA
India,"Madhya Pradesh",Satna,"Bandhavgar Colony, Satna - Birla Cement","24-08-2026 11:00:00",24.58434363,80.8549414,NO2,12,13,12
India,"Madhya Pradesh",Ujjain,"Mahashweta Nagar, Ujjain - MPPCB","24-08-2026 11:00:00",23.1633321,75.800225,CO,28,35,31
India,Maharashtra,Ahmednagar,"Tarakpur, Ahmednagar - MPCB","24-08-2026 11:00:00",19.10122,74.73339,CO,8,13,11
India,Maharashtra,Akola,"Ramdaspeth, Akola - MPCB","24-08-2026 11:00:00",20.719516,77.000253,SO2,5,11,9
India,Maharashtra,Akola,"Ramdaspeth, Akola - MPCB","24-08-2026 11:00:00",20.719516,77.000253,OZONE,9,15,11
India,Maharashtra,Ambernath,"Chinchpada, Ambernath - MPCB","24-08-2026 11:00:00",19.215784,73.199781,PM10,51,125,89
India,Maharashtra,Ambernath,"Chinchpada, Ambernath - MPCB","24-08-2026 11:00:00",19.215784,73.199781,CO,8,13,10
India,Maharashtra,Amravati,"Shri Shivaji Science College, Amravati - MPCB","24-08-2026 11:00:00",20.939198,77.765701,CO,22,23,23
India,Maharashtra,Mahad,"Kamble Tarf Birwadi, Mahad - MPCB","24-08-2026 11:00:00",18.1023399,73.4783687,NH3,3,3,3
India,Maharashtra,Mahad,"Kamble Tarf Birwadi, Mahad - MPCB","24-08-2026 11:00:00",18.1023399,73.4783687,CO,30,39,35
India,Maharashtra,Mira-Bhayandar,"Bhayandar West, Mira-Bhayandar - MPCB","24-08-2026 11:00:00",19.296481,72.840923,OZONE,0,2,1
India,Maharashtra,Mumbai,"Shivaji Nagar, Mumbai - BMC","24-08-2026 11:00:00",19.060498,72.923356,PM2.5,13,40,27
India,Maharashtra,Mumbai,"Siddharth Nagar-Worli, Mumbai - IITM","24-08-2026 11:00:00",19.000083,72.813993,NO2,8,16,12
India,Maharashtra,Mumbai,"Siddharth Nagar-Worli, Mumbai - IITM","24-08-2026 11:00:00",19.000083,72.813993,NH3,1,1,1
India,Maharashtra,Mumbai,"Bandra Kurla Complex, Mumbai - MPCB","24-08-2026 11:00:00",19.065931,72.862131,NO2,6,7,6
India,Maharashtra,Mumbai,"Kherwadi_Bandra East, Mumbai - MPCB","24-08-2026 11:00:00",19.0632143,72.8456324,NH3,5,6,5
India,Maharashtra,Mumbai,"Kherwadi_Bandra East, Mumbai - MPCB","24-08-2026 11:00:00",19.0632143,72.8456324,OZONE,11,12,11
India,Maharashtra,Mumbai,"Deonar, Mumbai - IITM","24-08-2026 11:00:00",19.04946,72.923,NH3,6,6,6
India,Maharashtra,Mumbai,"Chhatrapati Shivaji Intl. Airport (T2), Mumbai - MPCB","24-08-2026 11:00:00",19.10078,72.87462,PM10,18,41,29
India,Maharashtra,Nagpur,"Mahal, Nagpur - MPCB","24-08-2026 11:00:00",21.14472,79.107595,PM2.5,34,73,47
India,Maharashtra,Nagpur,"Mahal, Nagpur - MPCB","24-08-2026 11:00:00",21.14472,79.107595,PM10,44,95,61
India,Maharashtra,Nagpur,"Opp GPO Civil Lines, Nagpur - MPCB","24-08-2026 11:00:00",21.152875,79.0517531,SO2,1,8,4
India,Maharashtra,Nashik,"Pandav Nagari, Nashik - MPCB","24-08-2026 11:00:00",19.9591346,73.7788008,PM10,20,38,29
India,Maharashtra,Nashik,"Pandav Nagari, Nashik - MPCB","24-08-2026 11:00:00",19.9591346,73.7788008,NO2,3,6,4
India,Maharashtra,Nashik,"Hirawadi, Nashik - MPCB","24-08-2026 11:00:00",20.021503,73.813844,PM10,33,52,40
India,Maharashtra,Nashik,"Hirawadi, Nashik - MPCB","24-08-2026 11:00:00",20.021503,73.813844,SO2,NA,NA,NA
India,Maharashtra,Mumbai,"Mazgaon, Mumbai - IITM","24-08-2026 11:00:00",18.96702,72.84214,CO,52,68,58
India,Maharashtra,Mumbai,"Chakala-Andheri East, Mumbai - IITM","24-08-2026 11:00:00",19.11074,72.86084,PM2.5,10,41,29
India,Maharashtra,Mumbai,"Chakala-Andheri East, Mumbai - IITM","24-08-2026 11:00:00",19.11074,72.86084,NO2,3,6,4
India,Maharashtra,Mumbai,"Bandra Kurla Complex, Mumbai - IITM","24-08-2026 11:00:00",19.053536,72.84643,PM10,44,87,68
India,Maharashtra,Mumbai,"Kurla, Mumbai - MPCB","24-08-2026 11:00:00",19.0863,72.8888,CO,25,25,25
India,Maharashtra,Mumbai,"Ghatkopar, Mumbai - BMC","24-08-2026 11:00:00",19.083694,72.920967,PM2.5,16,52,28
India,Maharashtra,Mumbai,"Ghatkopar, Mumbai - BMC","24-08-2026 11:00:00",19.083694,72.920967,NO2,4,10,6
India,Maharashtra,Mumbai,"Ghatkopar, Mumbai - BMC","24-08-2026 11:00:00",19.083694,72.920967,NH3,4,7,5
India,Maharashtra,Mumbai,"Navy Nagar-Colaba, Mumbai - IITM","24-08-2026 11:00:00",18.897756,72.81332,OZONE,19,25,21
India,Maharashtra,Mumbai,"Kandivali West, Mumbai - BMC","24-08-2026 11:00:00",19.215859,72.831718,PM10,9,22,16
India,Maharashtra,Mumbai,"Sewri, Mumbai - BMC","24-08-2026 11:00:00",19.000084,72.85673,PM10,33,41,36
India,Maharashtra,Mumbai,"Sewri, Mumbai - BMC","24-08-2026 11:00:00",19.000084,72.85673,SO2,NA,NA,NA
India,Maharashtra,Mumbai,"Khindipada-Bhandup West, Mumbai - IITM","24-08-2026 11:00:00",19.1653323,72.922099,NH3,NA,NA,NA
India,Maharashtra,Mumbai,"Khindipada-Bhandup West, Mumbai - IITM","24-08-2026 11:00:00",19.1653323,72.922099,SO2,NA,NA,NA
India,Maharashtra,Mumbai,"Khindipada-Bhandup West, Mumbai - IITM","24-08-2026 11:00:00",19.1653323,72.922099,CO,36,39,38
India,Maharashtra,Mumbai,"Byculla, Mumbai - BMC","24-08-2026 11:00:00",18.9767,72.838,NO2,5,15,10
India,Maharashtra,Mumbai,"Byculla, Mumbai - BMC","24-08-2026 11:00:00",18.9767,72.838,CO,20,30,24
India,Maharashtra,Mumbai,"Mindspace-Malad West, Mumbai - MPCB","24-08-2026 11:00:00",19.1878657,72.8304069,NO2,17,19,18
India,Maharashtra,"Navi Mumbai","Nerul, Navi Mumbai - MPCB","24-08-2026 11:00:00",19.008751,73.01662,CO,NA,NA,NA
India,Maharashtra,Parbhani,"Masoom Colony, Parbhani - MPCB","24-08-2026 11:00:00",19.265594,76.761463,NH3,0,1,0
India,Maharashtra,Parbhani,"Masoom Colony, Parbhani - MPCB","24-08-2026 11:00:00",19.265594,76.761463,CO,8,14,11
India,Maharashtra,Pimpri-Chinchwad,"Gavalinagar, Pimpri Chinchwad - MPCB","24-08-2026 11:00:00",18.63673,73.82487,CO,7,20,13
India,Maharashtra,Pimpri-Chinchwad,"Gavalinagar, Pimpri Chinchwad - MPCB","24-08-2026 11:00:00",18.63673,73.82487,OZONE,5,10,7
India,Maharashtra,Pimpri-Chinchwad,"Bhosari, Pune - IITM","24-08-2026 11:00:00",18.640051,73.848956,PM2.5,17,55,32
India,Maharashtra,Pimpri-Chinchwad,"Bhosari, Pune - IITM","24-08-2026 11:00:00",18.640051,73.848956,NO2,16,35,25
India,Maharashtra,Pimpri-Chinchwad,"Thergaon, Pimpri Chinchwad - MPCB","24-08-2026 11:00:00",18.616318,73.765797,NH3,2,6,3
India,Maharashtra,Pimpri-Chinchwad,"Thergaon, Pimpri Chinchwad - MPCB","24-08-2026 11:00:00",18.616318,73.765797,OZONE,6,10,8
India,Maharashtra,Pimpri-Chinchwad,"Transport Nagar-Nigdi, Pune - IITM","24-08-2026 11:00:00",18.664282,73.763966,PM2.5,15,58,29
India,Maharashtra,Pimpri-Chinchwad,"Park Street Wakad, Pimpri Chinchwad - MPCB","24-08-2026 11:00:00",18.59051,73.77946,NH3,1,2,2
India,Maharashtra,Pimpri-Chinchwad,"Park Street Wakad, Pimpri Chinchwad - MPCB","24-08-2026 11:00:00",18.59051,73.77946,OZONE,5,12,8
India,Maharashtra,Nashik,"MIDC Ambad, Nashik - MPCB","24-08-2026 11:00:00",19.95022,73.73148,PM2.5,17,39,27
India,Maharashtra,Nashik,"MIDC Ambad, Nashik - MPCB","24-08-2026 11:00:00",19.95022,73.73148,SO2,1,4,2
India,Maharashtra,Nashik,"MIDC Ambad, Nashik - MPCB","24-08-2026 11:00:00",19.95022,73.73148,OZONE,8,13,11
India,Maharashtra,"Navi Mumbai","Kopripada-Vashi, Navi Mumbai - MPCB","24-08-2026 11:00:00",19.090337,73.014232,PM2.5,15,39,25
India,Maharashtra,"Navi Mumbai","Kopripada-Vashi, Navi Mumbai - MPCB","24-08-2026 11:00:00",19.090337,73.014232,SO2,1,2,1
India,Maharashtra,"Navi Mumbai","Sanpada, Navi Mumbai - MPCB","24-08-2026 11:00:00",19.0575752,73.0151367,PM10,27,50,40
India,Maharashtra,"Navi Mumbai","Sanpada, Navi Mumbai - MPCB","24-08-2026 11:00:00",19.0575752,73.0151367,SO2,14,16,15
India,Maharashtra,"Navi Mumbai","Sector-2E Kalamboli, Navi Mumbai - MPCB","24-08-2026 11:00:00",19.02579,73.10297,OZONE,3,7,4
India,Maharashtra,"Navi Mumbai","Mahape, Navi Mumbai - MPCB","24-08-2026 11:00:00",19.1135051,73.008978,PM10,37,73,59
India,Maharashtra,"Navi Mumbai","Mahape, Navi Mumbai - MPCB","24-08-2026 11:00:00",19.1135051,73.008978,NO2,42,43,43
India,Nagaland,Kohima,"PWD Junction, Kohima - NPCB","24-08-2026 11:00:00",25.6635413,94.0989878,NO2,3,4,3
India,Odisha,Angul,"Hakimapada, Angul - OSPCB","24-08-2026 11:00:00",20.832874,85.104082,NO2,6,25,12
India,Odisha,Angul,"Hakimapada, Angul - OSPCB","24-08-2026 11:00:00",20.832874,85.104082,NH3,5,8,6
India,Odisha,Balasore,"Kalidaspur, Balasore - OSPCB","24-08-2026 11:00:00",21.51161,86.89088,OZONE,7,33,15
India,Odisha,Baripada,"Meher Colony, Baripada - OSPCB","24-08-2026 11:00:00",21.941841,86.728318,PM10,24,52,36
India,Odisha,Baripada,"Meher Colony, Baripada - OSPCB","24-08-2026 11:00:00",21.941841,86.728318,OZONE,27,46,37
India,Odisha,Bhubaneswar,"Patia, Bhubaneswar - OSPCB","24-08-2026 11:00:00",20.34652,85.8163,PM10,8,81,37
India,Maharashtra,Virar,"Bolinj, Virar - MPCB","24-08-2026 11:00:00",19.445821,72.7988231,PM2.5,NA,NA,NA
India,Maharashtra,Virar,"Bolinj, Virar - MPCB","24-08-2026 11:00:00",19.445821,72.7988231,PM10,NA,NA,NA
India,Maharashtra,Virar,"Bolinj, Virar - MPCB","24-08-2026 11:00:00",19.445821,72.7988231,SO2,NA,NA,NA
India,Meghalaya,Byrnihat,"15th Mile-Nongthymmai, Byrnihat -Meghalaya PCB","24-08-2026 11:00:00",26.079047,91.875185,NH3,0,1,0
India,Meghalaya,Shillong,"JN Stadium, Shillong - Meghalaya PCB","24-08-2026 11:00:00",25.5803419,91.8942571,PM10,NA,NA,NA
India,Meghalaya,Shillong,"JN Stadium, Shillong - Meghalaya PCB","24-08-2026 11:00:00",25.5803419,91.8942571,NO2,1,4,2
India,Meghalaya,Shillong,"Lumpyngngad, Shillong - Meghalaya PCB","24-08-2026 11:00:00",25.5586,91.8985,PM2.5,NA,NA,NA
India,Meghalaya,Shillong,"Lumpyngngad, Shillong - Meghalaya PCB","24-08-2026 11:00:00",25.5586,91.8985,OZONE,21,33,27
India,Maharashtra,Pimpri-Chinchwad,"Savta Mali Nagar, Pimpri-Chinchwad - IITM","24-08-2026 11:00:00",18.614767,73.799516,SO2,NA,NA,NA
India,Maharashtra,Pune,"Hadapsar, Pune - IITM","24-08-2026 11:00:00",18.501793,73.927532,OZONE,8,9,9
India,Maharashtra,Pune,"Mhada Colony, Pune - IITM","24-08-2026 11:00:00",18.57304,73.927715,SO2,NA,NA,NA
India,Maharashtra,Ulhasnagar,"Sidhi Vinayak Nagar, Ulhasnagar - MPCB","24-08-2026 11:00:00",19.235581,73.159121,SO2,2,11,5
India,Maharashtra,Ulhasnagar,"Vithalwadi, Ulhasnagar - MPCB","24-08-2026 11:00:00",19.2307571,73.155192,NO2,4,6,6
India,Maharashtra,Ulhasnagar,"Vithalwadi, Ulhasnagar - MPCB","24-08-2026 11:00:00",19.2307571,73.155192,NH3,9,11,10
India,Maharashtra,Ulhasnagar,"Vithalwadi, Ulhasnagar - MPCB","24-08-2026 11:00:00",19.2307571,73.155192,OZONE,9,11,10
India,Maharashtra,Solapur,"Dnyaneshwar Nagar, Solapur - MPCB","24-08-2026 11:00:00",17.6336264,75.9132495,PM10,17,45,29
India,Maharashtra,Solapur,"Ratandeep Housing Society, Solapur - MPCB","24-08-2026 11:00:00",17.65439,75.90649,PM2.5,16,51,30
India,Maharashtra,Pune,"Dhankawadi, Pune - IITM","24-08-2026 11:00:00",18.459883,73.852193,CO,35,70,48
India,Maharashtra,Pune,"Dhankawadi, Pune - IITM","24-08-2026 11:00:00",18.459883,73.852193,OZONE,1,5,4
India,Maharashtra,Solapur,"Ratandeep Housing Society, Solapur - MPCB","24-08-2026 11:00:00",17.65439,75.90649,OZONE,7,17,11
India,Rajasthan,Jodhpur,"Mandor, Jodhpur - RSPCB","24-08-2026 11:00:00",26.358805,73.047444,OZONE,46,54,48
India,Rajasthan,Jodhpur,"Collectorate, Jodhpur - RSPCB","24-08-2026 11:00:00",26.268249,73.0193853,NO2,NA,NA,NA
India,Rajasthan,Jodhpur,"Collectorate, Jodhpur - RSPCB","24-08-2026 11:00:00",26.268249,73.0193853,CO,37,37,37
India,Rajasthan,Jodhpur,"Collectorate, Jodhpur - RSPCB","24-08-2026 11:00:00",26.268249,73.0193853,OZONE,14,14,14
India,Rajasthan,Jodhpur,"Samrat Ashok Udhyan, Jodhpur - RSPCB","24-08-2026 11:00:00",26.253384,72.976571,PM2.5,20,42,31
India,Rajasthan,Karauli,"Satyawati Vihar, Karauli - RSPCB","24-08-2026 11:00:00",26.506177,77.025989,PM2.5,7,54,23
India,Rajasthan,Khairthal,"New Anaj Mandi, Khairthal - RSPCB","24-08-2026 11:00:00",27.8015617,76.6365217,NO2,27,50,31
India,Rajasthan,Kota,"Nayapura, Kota - RSPCB","24-08-2026 11:00:00",25.196024,75.855668,PM2.5,40,143,58
India,Rajasthan,Kota,"Nayapura, Kota - RSPCB","24-08-2026 11:00:00",25.196024,75.855668,NO2,8,30,17
India,Rajasthan,Kota,"Dhanmandi, Kota - RSPCB","24-08-2026 11:00:00",25.16409,75.858137,PM2.5,17,47,32
India,Rajasthan,Kota,"Dhanmandi, Kota - RSPCB","24-08-2026 11:00:00",25.16409,75.858137,OZONE,24,40,30
India,Rajasthan,Kota,"Shrinath Puram, Kota - RSPCB","24-08-2026 11:00:00",25.14389,75.821256,PM10,53,74,62
India,Rajasthan,Nagaur,"Karni Colony, Nagaur - RSPCB","24-08-2026 11:00:00",27.213494,73.734444,PM10,79,127,96
India,Rajasthan,Nagaur,"Karni Colony, Nagaur - RSPCB","24-08-2026 11:00:00",27.213494,73.734444,SO2,3,8,5
India,Odisha,Bhubaneswar,"Lingraj Mandir, Bhubaneswar - OSPCB","24-08-2026 11:00:00",20.24079,85.836784,PM2.5,3,75,27
India,Odisha,Brajrajnagar,"GM Office, Brajrajnagar - OSPCB","24-08-2026 11:00:00",21.8004996,83.8396977,NO2,18,26,23
India,Odisha,Brajrajnagar,"GM Office, Brajrajnagar - OSPCB","24-08-2026 11:00:00",21.8004996,83.8396977,NH3,4,5,4
India,Odisha,Brajrajnagar,"GM Office, Brajrajnagar - OSPCB","24-08-2026 11:00:00",21.8004996,83.8396977,SO2,17,18,18
India,Odisha,Cuttack,"CDA Area, Cuttack - OSPCB","24-08-2026 11:00:00",20.48891,85.84768,PM10,30,151,71
India,Odisha,Cuttack,"CDA Area, Cuttack - OSPCB","24-08-2026 11:00:00",20.48891,85.84768,NO2,6,41,17
India,Odisha,Cuttack,"CDA Area, Cuttack - OSPCB","24-08-2026 11:00:00",20.48891,85.84768,CO,38,43,40
India,Odisha,Cuttack,"CDA Area, Cuttack - OSPCB","24-08-2026 11:00:00",20.48891,85.84768,OZONE,24,49,34
India,Odisha,Keonjhar,"Jagamohanpur, Keonjhar - OSPCB","24-08-2026 11:00:00",21.6439,85.599355,PM2.5,15,45,24
India,Odisha,Keonjhar,"Jagamohanpur, Keonjhar - OSPCB","24-08-2026 11:00:00",21.6439,85.599355,NH3,2,2,2
India,Odisha,Rourkela,"Sector-2, Rourkela - OSPCB","24-08-2026 11:00:00",22.245,84.88111111,NH3,NA,NA,NA
India,Odisha,Rourkela,"Raghunathpali, Rourkela - OSPCB","24-08-2026 11:00:00",22.220833,84.809444,NO2,13,13,13
India,Odisha,Rourkela,"Raghunathpali, Rourkela - OSPCB","24-08-2026 11:00:00",22.220833,84.809444,SO2,2,5,3
India,Odisha,Rourkela,"Raghunathpali, Rourkela - OSPCB","24-08-2026 11:00:00",22.220833,84.809444,CO,37,75,57
India,Odisha,Talcher,"Talcher Coalfields,Talcher - OSPCB","24-08-2026 11:00:00",20.9360711,85.1707021,NO2,63,100,84
India,Odisha,Talcher,"Talcher Coalfields,Talcher - OSPCB","24-08-2026 11:00:00",20.9360711,85.1707021,NH3,7,8,7
India,Odisha,Tensa,"Barsua Iron Ore Mines, Tensa - OSPCB","24-08-2026 11:00:00",21.869985,85.167016,PM2.5,10,36,17
India,Odisha,Tensa,"Barsua Iron Ore Mines, Tensa - OSPCB","24-08-2026 11:00:00",21.869985,85.167016,NO2,NA,NA,NA
India,Puducherry,Puducherry,"Jawahar Nagar, Puducherry - PPCC","24-08-2026 11:00:00",11.9309,79.8027,PM10,9,54,28
India,Puducherry,Puducherry,"Jawahar Nagar, Puducherry - PPCC","24-08-2026 11:00:00",11.9309,79.8027,NO2,5,21,11
India,Puducherry,Puducherry,"Jawahar Nagar, Puducherry - PPCC","24-08-2026 11:00:00",11.9309,79.8027,NH3,1,5,3
India,Puducherry,Puducherry,"Jawahar Nagar, Puducherry - PPCC","24-08-2026 11:00:00",11.9309,79.8027,CO,12,25,18
India,Punjab,Amritsar,"Golden Temple, Amritsar - PPCB","24-08-2026 11:00:00",31.62,74.876512,PM2.5,43,65,49
India,Punjab,Amritsar,"Golden Temple, Amritsar - PPCB","24-08-2026 11:00:00",31.62,74.876512,PM10,61,94,70
India,Punjab,Amritsar,"Golden Temple, Amritsar - PPCB","24-08-2026 11:00:00",31.62,74.876512,NO2,15,49,18
India,Punjab,Amritsar,"Golden Temple, Amritsar - PPCB","24-08-2026 11:00:00",31.62,74.876512,NH3,5,6,5
India,Punjab,Bathinda,"Hardev Nagar, Bathinda - PPCB","24-08-2026 11:00:00",30.233011,74.907758,PM10,27,225,63
India,Punjab,Bathinda,"Hardev Nagar, Bathinda - PPCB","24-08-2026 11:00:00",30.233011,74.907758,OZONE,NA,NA,NA
India,Punjab,Jalandhar,"Civil Line, Jalandhar - PPCB","24-08-2026 11:00:00",31.321907,75.578914,OZONE,17,25,23
India,Punjab,Ludhiana,"Punjab Agricultural University, Ludhiana - PPCB","24-08-2026 11:00:00",30.9028,75.8086,NH3,2,7,5
India,Punjab,"Mandi Gobindgarh","RIMT University, Mandi Gobindgarh - PPCB","24-08-2026 11:00:00",30.649961,76.331442,PM2.5,NA,NA,NA
India,Punjab,"Mandi Gobindgarh","RIMT University, Mandi Gobindgarh - PPCB","24-08-2026 11:00:00",30.649961,76.331442,NH3,5,5,5
India,Punjab,"Mandi Gobindgarh","RIMT University, Mandi Gobindgarh - PPCB","24-08-2026 11:00:00",30.649961,76.331442,OZONE,37,51,47
India,Punjab,Patiala,"Model Town, Patiala - PPCB","24-08-2026 11:00:00",30.349388,76.366642,NO2,7,23,14
India,Punjab,Rupnagar,"Ratanpura, Rupnagar - Ambuja Cements","24-08-2026 11:00:00",31.0325454,76.5623046,PM2.5,8,101,31
India,Punjab,Rupnagar,"Ratanpura, Rupnagar - Ambuja Cements","24-08-2026 11:00:00",31.0325454,76.5623046,PM10,9,108,34
India,Punjab,Rupnagar,"Ratanpura, Rupnagar - Ambuja Cements","24-08-2026 11:00:00",31.0325454,76.5623046,NH3,NA,NA,NA
India,Rajasthan,Ajmer,"Civil Lines,  Ajmer - RSPCB","24-08-2026 11:00:00",26.470859,74.646594,PM2.5,57,90,67
India,Rajasthan,Ajmer,"Civil Lines,  Ajmer - RSPCB","24-08-2026 11:00:00",26.470859,74.646594,PM10,74,125,98
India,Rajasthan,Ajmer,"Civil Lines,  Ajmer - RSPCB","24-08-2026 11:00:00",26.470859,74.646594,SO2,2,15,8
India,Rajasthan,Dungarpur,"Bhoiwada, Dungarpur - RSPCB","24-08-2026 11:00:00",23.837789,73.714926,PM10,23,47,35
India,Rajasthan,Hanumangarh,"Housing Board, Hanumangarh - RSPCB","24-08-2026 11:00:00",29.61075,74.283608,PM2.5,18,72,42
India,Rajasthan,Hanumangarh,"Housing Board, Hanumangarh - RSPCB","24-08-2026 11:00:00",29.61075,74.283608,NH3,7,7,7
India,Rajasthan,Jaipur,"Mansarovar Sector-12, Jaipur - RSPCB","24-08-2026 11:00:00",26.843698,75.766894,NO2,2,29,11
India,Rajasthan,Jaipur,"Mansarovar Sector-12, Jaipur - RSPCB","24-08-2026 11:00:00",26.843698,75.766894,SO2,0,2,1
India,Rajasthan,Jaipur,"Sector-2 Murlipura, Jaipur - RSPCB","24-08-2026 11:00:00",26.960669,75.771817,SO2,2,4,3
India,Rajasthan,Jaipur,"Sector-2 Murlipura, Jaipur - RSPCB","24-08-2026 11:00:00",26.960669,75.771817,CO,40,139,64
India,Rajasthan,Jaipur,"Police Commissionerate, Jaipur - RSPCB","24-08-2026 11:00:00",26.9164092,75.7994901,PM2.5,64,112,80
India,Rajasthan,Jaipur,"Police Commissionerate, Jaipur - RSPCB","24-08-2026 11:00:00",26.9164092,75.7994901,SO2,7,17,14
India,Rajasthan,Jaipur,"Adarsh Nagar, Jaipur - RSPCB","24-08-2026 11:00:00",26.902909,75.836858,NO2,NA,NA,NA
India,Rajasthan,Jaipur,"Adarsh Nagar, Jaipur - RSPCB","24-08-2026 11:00:00",26.902909,75.836858,NH3,NA,NA,NA
India,Rajasthan,Jaisalmer,"Sadar Bazar, Jaisalmer - RSPCB","24-08-2026 11:00:00",26.912329,70.909168,SO2,0,114,10
India,Rajasthan,Jaisalmer,"Sadar Bazar, Jaisalmer - RSPCB","24-08-2026 11:00:00",26.912329,70.909168,OZONE,1,7,3
India,Rajasthan,Jhunjhunu,"Indra Nagar, Jhunjhunu - RSPCB","24-08-2026 11:00:00",28.108988,75.386577,PM2.5,17,96,33
India,Rajasthan,Jodhpur,"Jhalamand, Jodhpur - RSPCB","24-08-2026 11:00:00",26.215415,73.070156,NO2,4,20,10
India,Rajasthan,Jodhpur,"Mandor, Jodhpur - RSPCB","24-08-2026 11:00:00",26.358805,73.047444,NH3,2,4,3
India,Rajasthan,Bundi,"New Colony, Bundi - RSPCB","24-08-2026 11:00:00",25.435774,75.644272,CO,9,12,11
India,Rajasthan,Chittorgarh,"Shastri Nagar, Chittorgarh - RSPCB","24-08-2026 11:00:00",24.892047,74.623527,PM10,88,121,100
India,Rajasthan,Churu,"Subash Chowk, Churu - RSPCB","24-08-2026 11:00:00",28.296139,74.961696,NO2,1,6,4
India,Rajasthan,Dausa,"Khatikan Mohalla, Dausa - RSPCB","24-08-2026 11:00:00",26.895552,76.334753,PM10,19,79,45
India,Rajasthan,Dholpur,"Raja Ganj, Dholpur - RSPCB","24-08-2026 11:00:00",26.699557,77.898881,PM10,16,47,28
India,Rajasthan,Dholpur,"Raja Ganj, Dholpur - RSPCB","24-08-2026 11:00:00",26.699557,77.898881,NO2,2,18,9
India,Rajasthan,Alwar,"Vigyan Nagar, Alwar - RSPCB","24-08-2026 11:00:00",27.598796,76.63861,CO,43,48,45
India,Rajasthan,Alwar,"Vigyan Nagar, Alwar - RSPCB","24-08-2026 11:00:00",27.598796,76.63861,OZONE,14,23,18
India,Rajasthan,Banswara,"Rati Talai, Banswara - RSPCB","24-08-2026 11:00:00",23.55519,74.44001,SO2,6,17,7
India,Rajasthan,Baran,"Bamboliya, Baran - RSPCB","24-08-2026 11:00:00",25.106006,76.469948,PM2.5,18,37,27
India,Rajasthan,Barmer,"Railway Colony, Barmer - RSPCB","24-08-2026 11:00:00",25.747299,71.393989,SO2,0,3,2
India,Rajasthan,Barmer,"Railway Colony, Barmer - RSPCB","24-08-2026 11:00:00",25.747299,71.393989,CO,13,21,17
India,Rajasthan,Bhiwadi,"RIICO Ind. Area III, Bhiwadi - RSPCB","24-08-2026 11:00:00",28.194909,76.862296,SO2,5,13,8
India,Rajasthan,Bikaner,"MM Ground, Bikaner - RSPCB","24-08-2026 11:00:00",28.018792,73.292658,PM10,53,125,87
India,Rajasthan,Udaipur,"Ashok Nagar, Udaipur - RSPCB","24-08-2026 11:00:00",24.5886166,73.6321397,NH3,2,4,3
India,Sikkim,Gangtok,"Zero Point GICI, Gangtok - SSPCB","24-08-2026 11:00:00",27.33853,88.614099,PM10,14,25,19
India,Sikkim,Gangtok,"Zero Point GICI, Gangtok - SSPCB","24-08-2026 11:00:00",27.33853,88.614099,NH3,1,2,1
India,Sikkim,Gangtok,"Zero Point GICI, Gangtok - SSPCB","24-08-2026 11:00:00",27.33853,88.614099,SO2,1,1,1
India,Sikkim,Gangtok,"Zero Point GICI, Gangtok - SSPCB","24-08-2026 11:00:00",27.33853,88.614099,CO,1,6,3
India,Sikkim,Gangtok,"Zero Point GICI, Gangtok - SSPCB","24-08-2026 11:00:00",27.33853,88.614099,OZONE,1,2,1
India,"Tamil Nadu",Chennai,"Kodungaiyur, Chennai - TNPCB","24-08-2026 11:00:00",13.1278,80.2642,SO2,5,7,6
India,"Tamil Nadu",Chennai,"Arumbakkam, Chennai - TNPCB","24-08-2026 11:00:00",13.0664,80.2112,NO2,11,23,15
India,"Tamil Nadu",Chennai,"Velachery Res. Area, Chennai - CPCB","24-08-2026 11:00:00",13.0052189,80.2398125,NO2,11,12,12
India,"Tamil Nadu",Chennai,"Velachery Res. Area, Chennai - CPCB","24-08-2026 11:00:00",13.0052189,80.2398125,CO,NA,NA,NA
India,"Tamil Nadu",Chennai,"Perungudi, Chennai - TNPCB","24-08-2026 11:00:00",12.9533,80.2357,CO,31,46,36
India,"Tamil Nadu",Chennai,"Manali Village, Chennai - TNPCB","24-08-2026 11:00:00",13.1662,80.2584,PM2.5,16,53,28
India,"Tamil Nadu",Chennai,"Manali, Chennai - CPCB","24-08-2026 11:00:00",13.164544,80.26285,NO2,10,13,11
India,"Tamil Nadu",Chennai,"Manali, Chennai - CPCB","24-08-2026 11:00:00",13.164544,80.26285,CO,12,45,26
India,Rajasthan,Pratapgarh,"Pragati Nagar, Pratapgarh - RSPCB","24-08-2026 11:00:00",24.041198,74.780702,PM10,76,108,94
India,Rajasthan,Pratapgarh,"Pragati Nagar, Pratapgarh - RSPCB","24-08-2026 11:00:00",24.041198,74.780702,NH3,4,5,5
India,Rajasthan,Rajsamand,"Dhoinda, Rajsamand - RSPCB","24-08-2026 11:00:00",25.03636,73.883502,OZONE,15,54,32
India,Rajasthan,"Sawai Madhopur","Sahu Nagar, Sawai Madhopur - RSPCB","24-08-2026 11:00:00",26.031443,76.359327,NO2,6,19,12
India,Rajasthan,"Sawai Madhopur","Sahu Nagar, Sawai Madhopur - RSPCB","24-08-2026 11:00:00",26.031443,76.359327,NH3,2,5,3
India,Rajasthan,Sirohi,"Vedhaynath Colony, Sirohi - RSPCB","24-08-2026 11:00:00",24.885261,72.857549,PM2.5,30,62,45
India,Rajasthan,Sirohi,"Vedhaynath Colony, Sirohi - RSPCB","24-08-2026 11:00:00",24.885261,72.857549,PM10,73,105,89
India,Rajasthan,Sirohi,"Vedhaynath Colony, Sirohi - RSPCB","24-08-2026 11:00:00",24.885261,72.857549,NH3,2,3,3
India,Rajasthan,"Sri Ganganagar","Old City, Sri Ganganagar - RSPCB","24-08-2026 11:00:00",29.931624,73.864511,NH3,6,10,7
India,Rajasthan,"Sri Ganganagar","Old City, Sri Ganganagar - RSPCB","24-08-2026 11:00:00",29.931624,73.864511,SO2,3,8,5
India,Rajasthan,Tonk,"Shastri Nagar, Tonk - RSPCB","24-08-2026 11:00:00",26.159933,75.780517,NH3,5,8,6
India,"Tamil Nadu",Chennai,"Royapuram, Chennai - TNPCB","24-08-2026 11:00:00",13.1036,80.2909,NH3,4,5,4
India,"Tamil Nadu",Chennai,"Royapuram, Chennai - TNPCB","24-08-2026 11:00:00",13.1036,80.2909,SO2,4,10,6
India,"Tamil Nadu",Coimbatore,"SIDCO Kurichi, Coimbatore - TNPCB","24-08-2026 11:00:00",10.942451,76.978996,PM10,5,22,14
India,"Tamil Nadu",Coimbatore,"SIDCO Kurichi, Coimbatore - TNPCB","24-08-2026 11:00:00",10.942451,76.978996,NO2,22,23,22
India,"Tamil Nadu",Cuddalore,"Kudikadu, Cuddalore - TNPCB","24-08-2026 11:00:00",11.6829898,79.7532099,PM10,NA,NA,NA
India,"Tamil Nadu",Gummidipoondi,"Anthoni Pillai Nagar, Gummidipoondi - TNPCB","24-08-2026 11:00:00",13.4127,80.1081,PM10,41,119,75
India,"Tamil Nadu",Gummidipoondi,"Anthoni Pillai Nagar, Gummidipoondi - TNPCB","24-08-2026 11:00:00",13.4127,80.1081,NH3,0,1,1
India,"Tamil Nadu",Thoothukudi,"Meelavittan, Thoothukudi - TNPCB","24-08-2026 11:00:00",8.816428,78.099039,NH3,NA,NA,NA
India,"Tamil Nadu",Thoothukudi,"Meelavittan, Thoothukudi - TNPCB","24-08-2026 11:00:00",8.816428,78.099039,SO2,4,18,11
India,Telangana,Hyderabad,"Kompally Municipal Office, Hyderabad - TSPCB","24-08-2026 11:00:00",17.544899,78.486949,CO,11,15,13
India,Telangana,Hyderabad,"IDA Pashamylaram, Hyderabad - TSPCB","24-08-2026 11:00:00",17.5316895,78.218939,NH3,1,1,1
India,Telangana,Hyderabad,"IDA Pashamylaram, Hyderabad - TSPCB","24-08-2026 11:00:00",17.5316895,78.218939,SO2,5,11,9
India,Telangana,Hyderabad,"IDA Pashamylaram, Hyderabad - TSPCB","24-08-2026 11:00:00",17.5316895,78.218939,CO,1,41,16
India,Telangana,Hyderabad,"IDA Pashamylaram, Hyderabad - TSPCB","24-08-2026 11:00:00",17.5316895,78.218939,OZONE,27,41,35
India,Telangana,Hyderabad,"ICRISAT Patancheru, Hyderabad - TSPCB","24-08-2026 11:00:00",17.5184,78.278777,PM2.5,5,26,12
India,Telangana,Hyderabad,"ICRISAT Patancheru, Hyderabad - TSPCB","24-08-2026 11:00:00",17.5184,78.278777,NO2,9,22,16
India,Telangana,Hyderabad,"ICRISAT Patancheru, Hyderabad - TSPCB","24-08-2026 11:00:00",17.5184,78.278777,SO2,6,19,10
India,Tripura,Agartala,"Bardowali, Agartala - Tripura SPCB","24-08-2026 11:00:00",23.8175497,91.2726974,PM10,42,87,61
India,"Uttar Pradesh",Agra,"Rohta, Agra - UPPCB","24-08-2026 11:00:00",27.106972,78.000111,CO,22,37,27
India,"Uttar Pradesh",Agra,"Sector-3B Avas Vikas Colony, Agra - UPPCB","24-08-2026 11:00:00",27.19412,77.96237,PM2.5,22,62,39
India,"Uttar Pradesh",Agra,"Sector-3B Avas Vikas Colony, Agra - UPPCB","24-08-2026 11:00:00",27.19412,77.96237,NH3,6,7,6
India,"Uttar Pradesh",Agra,"Shahjahan Garden, Agra - UPPCB","24-08-2026 11:00:00",27.169338,78.03582,PM2.5,20,34,26
India,"Uttar Pradesh",Agra,"Shahjahan Garden, Agra - UPPCB","24-08-2026 11:00:00",27.169338,78.03582,NH3,1,1,1
India,"Uttar Pradesh",Agra,"Shahjahan Garden, Agra - UPPCB","24-08-2026 11:00:00",27.169338,78.03582,SO2,65,84,76
India,"Uttar Pradesh",Agra,"Shahjahan Garden, Agra - UPPCB","24-08-2026 11:00:00",27.169338,78.03582,OZONE,1,2,1
India,"Uttar Pradesh",Agra,"Sanjay Palace, Agra - UPPCB","24-08-2026 11:00:00",27.19865833,78.00598056,PM2.5,13,78,39
India,"Uttar Pradesh",Agra,"Sanjay Palace, Agra - UPPCB","24-08-2026 11:00:00",27.19865833,78.00598056,NO2,6,9,8
India,"Uttar Pradesh",Agra,"Sanjay Palace, Agra - UPPCB","24-08-2026 11:00:00",27.19865833,78.00598056,NH3,NA,NA,NA
India,Telangana,Hyderabad,"Central University, Hyderabad - TSPCB","24-08-2026 11:00:00",17.460103,78.334361,PM2.5,2,20,13
India,Telangana,Hyderabad,"Central University, Hyderabad - TSPCB","24-08-2026 11:00:00",17.460103,78.334361,SO2,1,11,6
India,Telangana,Hyderabad,"Nacharam_TSIIC IALA, Hyderabad - TSPCB","24-08-2026 11:00:00",17.429398,78.569354,NO2,11,12,12
India,Telangana,Hyderabad,"Kokapet, Hyderabad - TSPCB","24-08-2026 11:00:00",17.393559,78.339194,PM2.5,29,45,35
India,"Uttar Pradesh",Baghpat,"Sardar Patel Inter College, Baghpat - UPPCB","24-08-2026 11:00:00",28.964949,77.278761,PM2.5,11,76,38
India,"Uttar Pradesh",Baghpat,"Sardar Patel Inter College, Baghpat - UPPCB","24-08-2026 11:00:00",28.964949,77.278761,SO2,4,14,8
India,"Uttar Pradesh",Baraut,"Nagar Palika Parishad, Baraut - UPPCB","24-08-2026 11:00:00",29.09956,77.26235,NO2,18,44,29
India,"Uttar Pradesh",Baraut,"Nagar Palika Parishad, Baraut - UPPCB","24-08-2026 11:00:00",29.09956,77.26235,CO,8,35,19
India,"Uttar Pradesh",Agra,"Shastripuram, Agra - UPPCB","24-08-2026 11:00:00",27.19862,77.92066,NH3,3,3,3
India,"Uttar Pradesh",Lucknow,"Kukrail Picnic Spot-1, Lucknow - UPPCB","24-08-2026 11:00:00",26.90723,80.98579,NH3,6,6,6
India,"Uttar Pradesh",Lucknow,"Kukrail Picnic Spot-1, Lucknow - UPPCB","24-08-2026 11:00:00",26.90723,80.98579,OZONE,10,10,10
India,"Uttar Pradesh",Mathura,"Pali Dungra, Mathura - UPPCB","24-08-2026 11:00:00",27.410954,77.550619,PM2.5,10,44,27
India,"Uttar Pradesh",Mathura,"Pali Dungra, Mathura - UPPCB","24-08-2026 11:00:00",27.410954,77.550619,CO,2,2,2
India,"Uttar Pradesh",Mathura,"Pali Dungra, Mathura - UPPCB","24-08-2026 11:00:00",27.410954,77.550619,OZONE,5,11,7
India,"Uttar Pradesh",Meerut,"Jai Bhim Nagar, Meerut - UPPCB","24-08-2026 11:00:00",28.9535882,77.7622941,NH3,11,11,11
India,"Uttar Pradesh",Meerut,"Jai Bhim Nagar, Meerut - UPPCB","24-08-2026 11:00:00",28.9535882,77.7622941,OZONE,9,51,19
India,"Uttar Pradesh",Meerut,"MIET College, Meerut - UPPCB","24-08-2026 11:00:00",28.972677,77.641018,PM10,NA,NA,NA
India,"Uttar Pradesh",Meerut,"Pallavpuram Phase 2, Meerut - UPPCB","24-08-2026 11:00:00",29.06351,77.709723,PM10,44,143,94
India,"Uttar Pradesh",Meerut,"Pallavpuram Phase 2, Meerut - UPPCB","24-08-2026 11:00:00",29.06351,77.709723,NH3,6,8,7
India,"Uttar Pradesh",Meerut,"Ganga Nagar, Meerut - UPPCB","24-08-2026 11:00:00",28.999264,77.7590354,CO,53,62,57
India,"Uttar Pradesh",Meerut,"Ganga Nagar, Meerut - UPPCB","24-08-2026 11:00:00",28.999264,77.7590354,OZONE,17,71,35
India,"Uttar Pradesh",Modinagar,"SRM University, Modinagar - UPPCB","24-08-2026 11:00:00",28.798171,77.540243,PM2.5,NA,NA,NA
India,"Uttar Pradesh",Modinagar,"SRM University, Modinagar - UPPCB","24-08-2026 11:00:00",28.798171,77.540243,NH3,NA,NA,NA
India,"Uttar Pradesh",Moradabad,"Transport Nagar, Moradabad - UPPCB","24-08-2026 11:00:00",28.802625,78.753728,NH3,5,5,5
India,"Uttar Pradesh",Moradabad,"Transport Nagar, Moradabad - UPPCB","24-08-2026 11:00:00",28.802625,78.753728,OZONE,308,326,317
India,"Uttar Pradesh",Moradabad,"Kashiram Nagar, Moradabad - UPPCB","24-08-2026 11:00:00",28.849399,78.742362,CO,34,42,37
India,"Uttar Pradesh",Moradabad,"Employment Office, Moradabad - UPPCB","24-08-2026 11:00:00",28.88528,78.7388,NH3,3,3,3
India,"Uttar Pradesh",Muzaffarnagar,"New Mandi, Muzaffarnagar - UPPCB","24-08-2026 11:00:00",29.4723508,77.7194031,PM2.5,25,236,90
India,"Uttar Pradesh",Muzaffarnagar,"New Mandi, Muzaffarnagar - UPPCB","24-08-2026 11:00:00",29.4723508,77.7194031,NO2,18,69,35
India,"Uttar Pradesh",Noida,"Sector - 125, Noida - UPPCB","24-08-2026 11:00:00",28.5447608,77.3231257,PM2.5,7,309,96
India,"Uttar Pradesh",Noida,"Sector - 125, Noida - UPPCB","24-08-2026 11:00:00",28.5447608,77.3231257,PM10,50,500,206
India,"Uttar Pradesh",Noida,"Sector - 125, Noida - UPPCB","24-08-2026 11:00:00",28.5447608,77.3231257,CO,8,26,18
India,"Uttar Pradesh",Noida,"Sector - 62, Noida - IITM","24-08-2026 11:00:00",28.6245479,77.3577104,PM2.5,24,158,91
India,"Uttar Pradesh",Noida,"Sector - 62, Noida - IITM","24-08-2026 11:00:00",28.6245479,77.3577104,SO2,NA,NA,NA
India,"Uttar Pradesh",Noida,"Sector - 62, Noida - IITM","24-08-2026 11:00:00",28.6245479,77.3577104,CO,27,60,40
India,"Uttar Pradesh",Noida,"Sector-1, Noida - UPPCB","24-08-2026 11:00:00",28.5898,77.3101,PM10,33,167,119
India,"Uttar Pradesh",Ghaziabad,"Loni, Ghaziabad - UPPCB","24-08-2026 11:00:00",28.757294,77.278792,PM10,52,230,139
India,"Uttar Pradesh",Ghaziabad,"Loni, Ghaziabad - UPPCB","24-08-2026 11:00:00",28.757294,77.278792,SO2,12,16,14
India,"Uttar Pradesh",Ghaziabad,"Govindpuram, Ghaziabad - UPPCB","24-08-2026 11:00:00",28.694528,77.494705,NH3,1,2,2
India,"Uttar Pradesh",Ghaziabad,"Govindpuram, Ghaziabad - UPPCB","24-08-2026 11:00:00",28.694528,77.494705,OZONE,2,16,7
India,"Uttar Pradesh","Greater Noida","Knowledge Park - V, Greater Noida - UPPCB","24-08-2026 11:00:00",28.557054,77.453663,PM10,71,219,152
India,"Uttar Pradesh","Greater Noida","Knowledge Park - V, Greater Noida - UPPCB","24-08-2026 11:00:00",28.557054,77.453663,NH3,3,5,4
India,"Uttar Pradesh",Jhansi,"Shivaji Nagar, Jhansi - UPPCB","24-08-2026 11:00:00",25.4547,78.6039,PM2.5,NA,NA,NA
India,"Uttar Pradesh",Kanpur,"FTI Kidwai Nagar, Kanpur - UPPCB","24-08-2026 11:00:00",26.428282,80.327067,NO2,26,27,27
India,"Uttar Pradesh",Kanpur,"FTI Kidwai Nagar, Kanpur - UPPCB","24-08-2026 11:00:00",26.428282,80.327067,NH3,3,3,3
India,"Uttar Pradesh",Kanpur,"FTI Kidwai Nagar, Kanpur - UPPCB","24-08-2026 11:00:00",26.428282,80.327067,SO2,22,60,26
India,"Uttar Pradesh",Kanpur,"FTI Kidwai Nagar, Kanpur - UPPCB","24-08-2026 11:00:00",26.428282,80.327067,OZONE,11,11,11
India,"Uttar Pradesh",Kanpur,"Nehru Nagar, Kanpur - UPPCB","24-08-2026 11:00:00",26.4703136,80.3229863,PM10,16,447,56
India,"Uttar Pradesh",Shamli,"New Tehsil, Shamli - UPPCB","24-08-2026 11:00:00",29.4603683,77.3410291,SO2,2,4,3
India,"Uttar Pradesh",Varanasi,"Bhelupur, Varanasi - UPPCB","24-08-2026 11:00:00",25.301778,82.996789,PM2.5,33,113,67
India,"Uttar Pradesh",Varanasi,"Bhelupur, Varanasi - UPPCB","24-08-2026 11:00:00",25.301778,82.996789,PM10,38,115,76
India,"Uttar Pradesh",Varanasi,"Bhelupur, Varanasi - UPPCB","24-08-2026 11:00:00",25.301778,82.996789,NO2,8,8,8
India,"Uttar Pradesh",Varanasi,"Bhelupur, Varanasi - UPPCB","24-08-2026 11:00:00",25.301778,82.996789,NH3,1,1,1
India,"Uttar Pradesh",Varanasi,"Maldahiya, Varanasi - UPPCB","24-08-2026 11:00:00",25.32393,82.99687,OZONE,4,4,4
India,"Uttar Pradesh",Varanasi,"IESD Banaras Hindu University, Varanasi - UPPCB","24-08-2026 11:00:00",25.262326,82.995408,PM2.5,NA,NA,NA
India,"Uttar Pradesh",Varanasi,"IESD Banaras Hindu University, Varanasi - UPPCB","24-08-2026 11:00:00",25.262326,82.995408,SO2,16,37,23
India,"Uttar Pradesh",Varanasi,"IESD Banaras Hindu University, Varanasi - UPPCB","24-08-2026 11:00:00",25.262326,82.995408,OZONE,19,24,21
India,"Uttar Pradesh",Noida,"Sector-116, Noida - UPPCB","24-08-2026 11:00:00",28.56923,77.393848,PM2.5,63,267,137
India,"Uttar Pradesh",Noida,"Sector-116, Noida - UPPCB","24-08-2026 11:00:00",28.56923,77.393848,NO2,7,102,48
India,"Uttar Pradesh",Prayagraj,"Motilal Nehru NIT, Prayagraj - UPPCB","24-08-2026 11:00:00",25.494,81.863,PM10,14,68,45
India,"Uttar Pradesh",Prayagraj,"Motilal Nehru NIT, Prayagraj - UPPCB","24-08-2026 11:00:00",25.494,81.863,OZONE,11,15,13
India,"Uttar Pradesh",Prayagraj,"Nagar Nigam, Prayagraj - UPPCB","24-08-2026 11:00:00",25.44919916,81.82735986,PM10,21,106,44
India,"Uttar Pradesh",Prayagraj,"Jhunsi, Prayagraj - UPPCB","24-08-2026 11:00:00",25.425602,81.917152,PM10,13,295,83
India,"Uttar Pradesh",Prayagraj,"Jhunsi, Prayagraj - UPPCB","24-08-2026 11:00:00",25.425602,81.917152,NO2,6,6,6
India,"Uttar Pradesh",Prayagraj,"Jhunsi, Prayagraj - UPPCB","24-08-2026 11:00:00",25.425602,81.917152,SO2,NA,NA,NA
India,"Uttar Pradesh",Bareilly,"Rajendra Nagar, Bareilly - UPPCB","24-08-2026 11:00:00",28.38910936,79.42963708,PM2.5,28,58,44
India,"Uttar Pradesh",Bareilly,"Civil Lines, Bareilly - UPPCB","24-08-2026 11:00:00",28.359581,79.414455,NH3,0,0,0
India,"Uttar Pradesh",Bareilly,"Civil Lines, Bareilly - UPPCB","24-08-2026 11:00:00",28.359581,79.414455,SO2,35,50,42
India,"Uttar Pradesh","Fatehpur Sikri","Dadupura, Fatehpur Sikri - UPPCB","24-08-2026 11:00:00",27.097694,77.671335,NO2,7,8,8
India,"Uttar Pradesh","Fatehpur Sikri","Dadupura, Fatehpur Sikri - UPPCB","24-08-2026 11:00:00",27.097694,77.671335,OZONE,10,21,15
India,"Uttar Pradesh",Firozabad,"Nagla Bhau, Firozabad - UPPCB","24-08-2026 11:00:00",27.168897,78.37696,NO2,14,28,17
India,"Uttar Pradesh",Firozabad,"Nagla Bhau, Firozabad - UPPCB","24-08-2026 11:00:00",27.168897,78.37696,OZONE,7,17,9
India,"Uttar Pradesh",Firozabad,"Vibhab Nagar, Firozabad - UPPCB","24-08-2026 11:00:00",27.1594,78.3953,NH3,6,7,7
India,"Uttar Pradesh",Gajraula,"Rajanpur, Gajraula - UPPCB","24-08-2026 11:00:00",28.829109,78.248796,PM10,30,121,66
India,"Uttar Pradesh",Gajraula,"Rajanpur, Gajraula - UPPCB","24-08-2026 11:00:00",28.829109,78.248796,NO2,4,23,11
India,"Uttar Pradesh",Ghaziabad,"Sanjay Nagar, Ghaziabad - UPPCB","24-08-2026 11:00:00",28.685382,77.453839,CO,14,67,46
India,"Uttar Pradesh",Ghaziabad,"Indirapuram, Ghaziabad - UPPCB","24-08-2026 11:00:00",28.646233,77.358075,PM10,27,164,82
India,"Uttar Pradesh",Ghaziabad,"Loni, Ghaziabad - UPPCB","24-08-2026 11:00:00",28.757294,77.278792,PM2.5,40,262,108
India,"Uttar Pradesh",Khurja,"Kalindi Kunj, Khurja - UPPCB","24-08-2026 11:00:00",28.2348927,77.8683002,PM10,35,187,79
India,"Uttar Pradesh",Khurja,"Kalindi Kunj, Khurja - UPPCB","24-08-2026 11:00:00",28.2348927,77.8683002,NO2,12,13,12
India,"Uttar Pradesh",Lucknow,"Talkatora District Industries Center, Lucknow - CPCB","24-08-2026 11:00:00",26.83399722,80.8917361,NO2,16,21,17
India,"Uttar Pradesh",Lucknow,"Talkatora District Industries Center, Lucknow - CPCB","24-08-2026 11:00:00",26.83399722,80.8917361,SO2,0,64,8
India,"Uttar Pradesh",Lucknow,"Kendriya Vidyalaya, Lucknow - CPCB","24-08-2026 11:00:00",26.906111,80.948222,CO,27,54,40
India,"Uttar Pradesh",Lucknow,"Gomti Nagar, Lucknow - UPPCB","24-08-2026 11:00:00",26.86812,81.005119,SO2,10,11,11
India,"Uttar Pradesh",Lucknow,"Gomti Nagar, Lucknow - UPPCB","24-08-2026 11:00:00",26.86812,81.005119,CO,37,41,38
India,"Uttar Pradesh",Lucknow,"Gomti Nagar, Lucknow - UPPCB","24-08-2026 11:00:00",26.86812,81.005119,OZONE,38,45,40
India,"Uttar Pradesh",Lucknow,"Lalbagh, Lucknow - CPCB","24-08-2026 11:00:00",26.8458805,80.9365541,NH3,8,17,13
India,"Uttar Pradesh",Lucknow,"Kukrail Picnic Spot-1, Lucknow - UPPCB","24-08-2026 11:00:00",26.90723,80.98579,NO2,31,32,32
India,"Uttar Pradesh",Vrindavan,"Omex Eternity, Vrindavan - UPPCB","24-08-2026 11:00:00",27.571409,77.655757,OZONE,16,16,16
India,Uttarakhand,Dehradun,"Doon University, Dehradun - UKPCB","24-08-2026 11:00:00",30.269444,78.044167,PM2.5,5,75,35
India,Uttarakhand,Dehradun,"Doon University, Dehradun - UKPCB","24-08-2026 11:00:00",30.269444,78.044167,PM10,29,105,59
India,Uttarakhand,Dehradun,"Doon University, Dehradun - UKPCB","24-08-2026 11:00:00",30.269444,78.044167,NO2,1,5,3
India,Uttarakhand,Dehradun,"Doon University, Dehradun - UKPCB","24-08-2026 11:00:00",30.269444,78.044167,CO,11,20,15
India,Uttarakhand,Rishikesh,"Shivaji Nagar, Rishikesh - UKPCB","24-08-2026 11:00:00",30.075911,78.2859547,NH3,8,8,8
India,"West Bengal",Asansol,"Asansol Court Area, Asansol - WBPCB","24-08-2026 11:00:00",23.685297,86.945968,PM2.5,13,52,25
India,"West Bengal",Asansol,"Evelyn Lodge, Asansol - WBPCB","24-08-2026 11:00:00",23.697936,86.944395,NH3,6,7,7
India,"West Bengal",Asansol,"Evelyn Lodge, Asansol - WBPCB","24-08-2026 11:00:00",23.697936,86.944395,CO,25,33,28
India,"West Bengal",Asansol,"Evelyn Lodge, Asansol - WBPCB","24-08-2026 11:00:00",23.697936,86.944395,OZONE,5,8,7
India,"West Bengal",Asansol,"Trivenidevi Bhalotia College, Asansol - WBPCB","24-08-2026 11:00:00",23.616515,87.119133,PM2.5,0,39,18
India,"West Bengal",Asansol,"Trivenidevi Bhalotia College, Asansol - WBPCB","24-08-2026 11:00:00",23.616515,87.119133,NH3,5,6,6
India,"West Bengal",Barrackpore,"SVSPA Campus, Barrackpore - WBPCB","24-08-2026 11:00:00",22.7605581,88.3617589,SO2,12,12,12
India,"West Bengal",Durgapur,"Mahishkapur Road_B-Zone, Durgapur - WBPCB","24-08-2026 11:00:00",23.567923,87.306843,SO2,1,2,1
India,"West Bengal",Durgapur,"Womens College_City Center, Durgapur - WBPCB","24-08-2026 11:00:00",23.549395,87.300496,NO2,17,29,26
India,"West Bengal",Haldia,"Priyambada Housing Estate, Haldia - WBPCB","24-08-2026 11:00:00",22.06047,88.109737,PM2.5,24,26,25
India,"West Bengal",Howrah,"Belur Math, Howrah - WBPCB","24-08-2026 11:00:00",22.629801,88.352017,PM2.5,11,30,17
India,"West Bengal",Howrah,"Belur Math, Howrah - WBPCB","24-08-2026 11:00:00",22.629801,88.352017,NO2,8,18,11
India,"West Bengal",Howrah,"Dasnagar, Howrah - WBPCB","24-08-2026 11:00:00",22.6025571,88.3105664,PM2.5,14,57,30
India,"West Bengal",Howrah,"Botanical Garden, Howrah - WBPCB","24-08-2026 11:00:00",22.554954,88.292568,CO,6,8,6
India,"West Bengal",Howrah,"Ghusuri, Howrah - WBPCB","24-08-2026 11:00:00",22.611968,88.347422,PM10,23,84,42
India,"West Bengal",Howrah,"Padmapukur, Howrah - WBPCB","24-08-2026 11:00:00",22.5687319,88.2797276,PM10,47,56,52
India,"West Bengal",Kolkata,"Bidhannagar, Kolkata - WBPCB","24-08-2026 11:00:00",22.58157048,88.41002457,NO2,13,14,13
India,"West Bengal",Kolkata,"Bidhannagar, Kolkata - WBPCB","24-08-2026 11:00:00",22.58157048,88.41002457,SO2,6,10,8
India,"West Bengal",Kolkata,"Jadavpur, Kolkata - WBPCB","24-08-2026 11:00:00",22.49929,88.36917,NH3,12,13,12
India,"West Bengal",Kolkata,"Rabindra Bharati University, Kolkata - WBPCB","24-08-2026 11:00:00",22.627847,88.380669,PM2.5,19,26,22
India,"West Bengal",Kolkata,"Rabindra Bharati University, Kolkata - WBPCB","24-08-2026 11:00:00",22.627847,88.380669,NO2,14,26,19
India,"West Bengal",Kolkata,"Rabindra Bharati University, Kolkata - WBPCB","24-08-2026 11:00:00",22.627847,88.380669,CO,27,31,28
India,"West Bengal",Kolkata,"Fort William, Kolkata - WBPCB","24-08-2026 11:00:00",22.55664,88.342674,SO2,5,6,5
India,"West Bengal",Kolkata,"Rabindra Sarobar, Kolkata - WBPCB","24-08-2026 11:00:00",22.51106,88.35142,PM2.5,18,21,19
India,"West Bengal",Kolkata,"Rabindra Sarobar, Kolkata - WBPCB","24-08-2026 11:00:00",22.51106,88.35142,PM10,19,25,21
India,"West Bengal",Kolkata,"Ballygunge, Kolkata - WBPCB","24-08-2026 11:00:00",22.5367507,88.3638022,PM2.5,19,26,21
India,"West Bengal",Kolkata,"Victoria, Kolkata - WBPCB","24-08-2026 11:00:00",22.5448082,88.3403691,NO2,27,31,28
India,"West Bengal",Kolkata,"Victoria, Kolkata - WBPCB","24-08-2026 11:00:00",22.5448082,88.3403691,CO,30,39,34
India,"West Bengal",Siliguri,"Ward-32 Bapupara, Siliguri - WBPCB","24-08-2026 11:00:00",26.6879226,88.4152495,PM2.5,18,38,24
India,"West Bengal",Siliguri,"Ward-32 Bapupara, Siliguri - WBPCB","24-08-2026 11:00:00",26.6879226,88.4152495,CO,14,37,25
India,"Andhra Pradesh",Chittoor,"Gangineni Cheruvu, Chittoor - APPCB","24-08-2026 11:00:00",13.20488,79.097889,NH3,6,7,6
India,"Andhra Pradesh",Eluru,"District Court, Eluru - APPCB","24-08-2026 11:00:00",16.711754,81.092095,NH3,1,5,3
India,"Andhra Pradesh",Eluru,"District Court, Eluru - APPCB","24-08-2026 11:00:00",16.711754,81.092095,SO2,7,8,7
India,"Andhra Pradesh",Guntur,"Rajendra Nagar North, Guntur - APPCB","24-08-2026 11:00:00",16.316553,80.413302,PM10,55,69,61
India,"Andhra Pradesh",Guntur,"Rajendra Nagar North, Guntur - APPCB","24-08-2026 11:00:00",16.316553,80.413302,SO2,7,14,12
India,"Andhra Pradesh",Guntur,"Rajendra Nagar North, Guntur - APPCB","24-08-2026 11:00:00",16.316553,80.413302,CO,20,40,28
India,"Andhra Pradesh",Nellore,"Ambedkar Nagar, Nellore - APPCB ","24-08-2026 11:00:00",14.438164,79.966814,PM2.5,47,66,49
India,"Andhra Pradesh",Nellore,"Ambedkar Nagar, Nellore - APPCB ","24-08-2026 11:00:00",14.438164,79.966814,NH3,7,7,7
India,"Andhra Pradesh",Nellore,"Ambedkar Nagar, Nellore - APPCB ","24-08-2026 11:00:00",14.438164,79.966814,CO,33,38,34
India,"Andhra Pradesh",Rajamahendravaram,"Anand Kala Kshetram, Rajamahendravaram - APPCB","24-08-2026 11:00:00",16.9872867,81.7363176,PM2.5,7,30,14
India,"Andhra Pradesh",Rajamahendravaram,"Anand Kala Kshetram, Rajamahendravaram - APPCB","24-08-2026 11:00:00",16.9872867,81.7363176,PM10,11,64,27
India,"Andhra Pradesh",Rajamahendravaram,"Anand Kala Kshetram, Rajamahendravaram - APPCB","24-08-2026 11:00:00",16.9872867,81.7363176,OZONE,8,25,15
India,"Andhra Pradesh",Srikakulam,"Chinna Bharatham Colony, Srikakulam - APPCB","24-08-2026 11:00:00",18.292191,83.897173,PM10,29,73,49
India,"Andhra Pradesh",Visakhapatnam,"GVM Corporation, Visakhapatnam - APPCB","24-08-2026 11:00:00",17.72,83.3,NH3,3,4,3
India,"Andhra Pradesh",Visakhapatnam,"GVM Corporation, Visakhapatnam - APPCB","24-08-2026 11:00:00",17.72,83.3,CO,7,33,14
India,Assam,Guwahati,"IITG, Guwahati - PCBA","24-08-2026 11:00:00",26.2028636,91.70046436,PM10,NA,NA,NA
India,Assam,Guwahati,"IITG, Guwahati - PCBA","24-08-2026 11:00:00",26.2028636,91.70046436,NO2,0,4,2
India,Assam,Guwahati,"IITG, Guwahati - PCBA","24-08-2026 11:00:00",26.2028636,91.70046436,NH3,1,1,1
India,Assam,Guwahati,"IITG, Guwahati - PCBA","24-08-2026 11:00:00",26.2028636,91.70046436,OZONE,1,13,5
India,Assam,Guwahati,"Pan Bazaar, Guwahati - PCBA","24-08-2026 11:00:00",26.1875,91.744194,PM10,NA,NA,NA
India,Assam,Guwahati,"Pan Bazaar, Guwahati - PCBA","24-08-2026 11:00:00",26.1875,91.744194,NH3,1,1,1
India,Assam,Guwahati,"LGBI Airport, Guwahati - PCBA","24-08-2026 11:00:00",26.10887,91.589544,OZONE,13,14,14
India,Assam,Guwahati,"Railway Colony, Guwahati - PCBA","24-08-2026 11:00:00",26.181742,91.78063,PM10,16,62,35
India,Assam,Guwahati,"Railway Colony, Guwahati - PCBA","24-08-2026 11:00:00",26.181742,91.78063,NH3,1,1,1
India,Assam,Nagaon,"Christianpatty, Nagaon - PCBA","24-08-2026 11:00:00",26.349082,92.68449,PM10,43,77,55
India,Assam,Silchar,"Tarapur, Silchar - PCBA","24-08-2026 11:00:00",24.82827,92.79525,NH3,1,1,1
India,Assam,Silchar,"Tarapur, Silchar - PCBA","24-08-2026 11:00:00",24.82827,92.79525,OZONE,5,6,5
India,Assam,Sivasagar,"Girls College, Sivasagar - PCBA","24-08-2026 11:00:00",26.987634,94.636574,PM10,23,34,29
India,Assam,Sivasagar,"Girls College, Sivasagar - PCBA","24-08-2026 11:00:00",26.987634,94.636574,NO2,8,14,11
India,Assam,Sivasagar,"Girls College, Sivasagar - PCBA","24-08-2026 11:00:00",26.987634,94.636574,CO,3,12,9
India,Bihar,Araria,"Kharahiya Basti, Araria - BSPCB","24-08-2026 11:00:00",26.146529,87.454184,NO2,6,19,13
India,Bihar,Araria,"Kharahiya Basti, Araria - BSPCB","24-08-2026 11:00:00",26.146529,87.454184,NH3,4,4,4
India,Bihar,Aurangabad,"Gurdeo Nagar, Aurangabad - BSPCB","24-08-2026 11:00:00",24.75746,84.366208,NO2,0,1,0
India,Bihar,Aurangabad,"Gurdeo Nagar, Aurangabad - BSPCB","24-08-2026 11:00:00",24.75746,84.366208,CO,1,1,1
India,Bihar,Bettiah,"Kamalnath Nagar, Bettiah - BSPCB","24-08-2026 11:00:00",26.80365,84.51954,CO,27,27,27
India,Bihar,Bhagalpur,"Mayaganj, Bhagalpur - BSPCB","24-08-2026 11:00:00",25.265194,87.012947,SO2,14,97,43
India,Bihar,Munger,"Town Hall, Munger - BSPCB","24-08-2026 11:00:00",25.376776,86.471523,OZONE,12,15,14
India,Bihar,Muzaffarpur,"Buddha Colony, Muzaffarpur - BSPCB","24-08-2026 11:00:00",26.11442,85.39813,PM2.5,29,56,39
India,Bihar,Muzaffarpur,"MIT-Daudpur Kothi, Muzaffarpur - BSPCB","24-08-2026 11:00:00",26.1403345,85.3650192,SO2,16,25,19
India,Bihar,Patna,"Rajbansi Nagar, Patna - BSPCB","24-08-2026 11:00:00",25.599486,85.113666,NO2,NA,NA,NA
India,Bihar,Patna,"Rajbansi Nagar, Patna - BSPCB","24-08-2026 11:00:00",25.599486,85.113666,NH3,NA,NA,NA
India,Bihar,Patna,"Rajbansi Nagar, Patna - BSPCB","24-08-2026 11:00:00",25.599486,85.113666,SO2,NA,NA,NA
India,Bihar,Patna,"Govt. High School Shikarpur, Patna - BSPCB","24-08-2026 11:00:00",25.592539,85.227158,NO2,5,7,6
India,Bihar,Patna,"Govt. High School Shikarpur, Patna - BSPCB","24-08-2026 11:00:00",25.592539,85.227158,CO,11,38,31
India,Bihar,Patna,"DRM Office Danapur, Patna - BSPCB","24-08-2026 11:00:00",25.586562,85.043586,NH3,8,9,9
India,Bihar,Patna,"DRM Office Danapur, Patna - BSPCB","24-08-2026 11:00:00",25.586562,85.043586,OZONE,15,57,33
India,Bihar,Purnia,"Mariam Nagar, Purnia - BSPCB","24-08-2026 11:00:00",25.366336,87.117468,SO2,16,17,16
India,Bihar,Saharsa,"Police Line, Saharsa - BSPCB","24-08-2026 11:00:00",25.892357,86.590325,PM2.5,17,385,72
India,Bihar,Saharsa,"Police Line, Saharsa - BSPCB","24-08-2026 11:00:00",25.892357,86.590325,NO2,7,8,7
India,Bihar,Sasaram,"Dada Peer, Sasaram - BSPCB","24-08-2026 11:00:00",24.952822,84.002396,CO,10,15,13
India,Bihar,Siwan,"Chitragupta Nagar, Siwan - BSPCB","24-08-2026 11:00:00",26.2271665,84.3570427,PM10,101,110,105
India,Bihar,Siwan,"Chitragupta Nagar, Siwan - BSPCB","24-08-2026 11:00:00",26.2271665,84.3570427,CO,59,63,62
India,Chandigarh,Chandigarh,"Sector-53, Chandigarh - CPCC","24-08-2026 11:00:00",30.719859,76.738637,SO2,0,14,3
India,Chhattisgarh,Bhilai,"32Bungalows, Bhilai - CECB","24-08-2026 11:00:00",21.194815,81.31477,PM2.5,7,26,15
India,Bihar,Gaya,"Kareemganj, Gaya - BSPCB","24-08-2026 11:00:00",24.792403,84.992416,PM10,14,454,145
India,Bihar,Hajipur,"Industrial Area, Hajipur - BSPCB","24-08-2026 11:00:00",25.697189,85.2459,PM2.5,26,78,47
India,Bihar,Hajipur,"Industrial Area, Hajipur - BSPCB","24-08-2026 11:00:00",25.697189,85.2459,NO2,7,21,12
India,Bihar,Hajipur,"Industrial Area, Hajipur - BSPCB","24-08-2026 11:00:00",25.697189,85.2459,OZONE,14,46,22
India,Bihar,Katihar,"Mirchaibari, Katihar - BSPCB","24-08-2026 11:00:00",25.560083,87.553265,NO2,2,2,2
India,Bihar,Katihar,"Mirchaibari, Katihar - BSPCB","24-08-2026 11:00:00",25.560083,87.553265,SO2,14,20,17
India,Bihar,Katihar,"Mirchaibari, Katihar - BSPCB","24-08-2026 11:00:00",25.560083,87.553265,OZONE,21,46,28
India,Bihar,Kishanganj,"SDM Office_Khagra, Kishanganj - BSPCB","24-08-2026 11:00:00",26.0881305,87.93840336,NH3,3,3,3
India,Bihar,Manguraha,"Forest Rest House, Manguraha - BSPCB","24-08-2026 11:00:00",27.308328,84.531742,OZONE,25,87,45
India,Bihar,Bhagalpur,"DM Office_Kachari Chowk, Bhagalpur - BSPCB","24-08-2026 11:00:00",25.251013,86.989001,OZONE,17,19,18
India,Bihar,Chhapra,"Darshan Nagar, Chhapra - BSPCB","24-08-2026 11:00:00",25.7808257,84.7446768,CO,87,100,91
India,Bihar,Chhapra,"Darshan Nagar, Chhapra - BSPCB","24-08-2026 11:00:00",25.7808257,84.7446768,OZONE,1,6,3
India,Bihar,Gaya,"SFTI Kusdihra, Gaya - BSPCB","24-08-2026 11:00:00",24.762518,84.982348,PM10,30,57,42
India,Bihar,Gaya,"SFTI Kusdihra, Gaya - BSPCB","24-08-2026 11:00:00",24.762518,84.982348,SO2,9,10,10
India,Bihar,Gaya,"SFTI Kusdihra, Gaya - BSPCB","24-08-2026 11:00:00",24.762518,84.982348,OZONE,8,33,18
India,"Andhra Pradesh",Tirumala,"Toll Gate, Tirumala - APPCB","24-08-2026 11:00:00",13.67,79.35,OZONE,6,12,8
India,"Andhra Pradesh",Tirupati,"Vaikuntapuram, Tirupati - APPCB","24-08-2026 11:00:00",13.615387,79.40923,CO,26,28,28
India,"Andhra Pradesh",Vijayawada,"Rajiv Nagar, Vijayawada - APPCB","24-08-2026 11:00:00",16.554731,80.64911,NO2,15,22,19
India,"Andhra Pradesh",Vijayawada,"Rajiv Nagar, Vijayawada - APPCB","24-08-2026 11:00:00",16.554731,80.64911,NH3,3,3,3
India,"Andhra Pradesh",Vijayawada,"Rajiv Nagar, Vijayawada - APPCB","24-08-2026 11:00:00",16.554731,80.64911,SO2,13,23,17
India,"Andhra Pradesh",Anantapur,"Gulzarpet, Anantapur - APPCB","24-08-2026 11:00:00",14.675886,77.593027,NO2,17,22,19
India,"Andhra Pradesh",Anantapur,"Gulzarpet, Anantapur - APPCB","24-08-2026 11:00:00",14.675886,77.593027,SO2,13,18,15
India,"Andhra Pradesh",Anantapur,"Gulzarpet, Anantapur - APPCB","24-08-2026 11:00:00",14.675886,77.593027,OZONE,15,27,23
India,"Andhra Pradesh",Srikakulam,"Chinna Bharatham Colony, Srikakulam - APPCB","24-08-2026 11:00:00",18.292191,83.897173,CO,57,79,67
India,Delhi,Delhi,"IGNOU_Maidan Garhi, Delhi - DPCC","24-08-2026 11:00:00",28.493624,77.201159,PM10,31,126,82
India,Delhi,Delhi,"IGNOU_Maidan Garhi, Delhi - DPCC","24-08-2026 11:00:00",28.493624,77.201159,OZONE,5,7,7
India,Delhi,Delhi,"Commonwealth Sports Complex, Delhi - DPCC","24-08-2026 11:00:00",28.615828,77.271992,CO,51,84,67
India,Delhi,Delhi,"Talkatora Garden, Delhi - DPCC","24-08-2026 11:00:00",28.62181,77.1944633,NO2,7,57,26
India,Delhi,Delhi,"Talkatora Garden, Delhi - DPCC","24-08-2026 11:00:00",28.62181,77.1944633,OZONE,6,13,9
India,Delhi,Delhi,"Aya Nagar, Delhi - IITM","24-08-2026 11:00:00",28.4706914,77.1099364,NH3,NA,NA,NA
India,Delhi,Delhi,"CRRI Mathura Road, Delhi - IITM","24-08-2026 11:00:00",28.5512005,77.2735737,PM10,43,162,110
India,Delhi,Delhi,"CRRI Mathura Road, Delhi - IITM","24-08-2026 11:00:00",28.5512005,77.2735737,SO2,NA,NA,NA
India,Delhi,Delhi,"JNU, Delhi - DPCC","24-08-2026 11:00:00",28.540721,77.168544,PM2.5,20,132,65
India,Delhi,Delhi,"JNU, Delhi - DPCC","24-08-2026 11:00:00",28.540721,77.168544,OZONE,0,8,3
India,Delhi,Delhi,"North Campus, DU, Delhi - IITM","24-08-2026 11:00:00",28.6573814,77.1585447,PM2.5,36,93,59
India,Delhi,Delhi,"North Campus, DU, Delhi - IITM","24-08-2026 11:00:00",28.6573814,77.1585447,OZONE,27,55,41
India,Delhi,Delhi,"R K Puram, Delhi - DPCC","24-08-2026 11:00:00",28.563262,77.186937,PM2.5,22,220,97
India,Delhi,Delhi,"Jahangirpuri, Delhi - DPCC","24-08-2026 11:00:00",28.73282,77.170633,NO2,15,47,27
India,Delhi,Delhi,"Jahangirpuri, Delhi - DPCC","24-08-2026 11:00:00",28.73282,77.170633,OZONE,4,10,6
India,Delhi,Delhi,"IHBAS, Dilshad Garden, Delhi - CPCB","24-08-2026 11:00:00",28.6811736,77.3025234,SO2,4,31,18
India,Delhi,Delhi,"Sri Aurobindo Marg, Delhi - DPCC","24-08-2026 11:00:00",28.531346,77.190156,PM2.5,18,98,56
India,Delhi,Delhi,"Sri Aurobindo Marg, Delhi - DPCC","24-08-2026 11:00:00",28.531346,77.190156,SO2,54,76,66
India,Delhi,Delhi,"Jawaharlal Nehru Stadium, Delhi - DPCC","24-08-2026 11:00:00",28.58028,77.233829,PM2.5,15,130,70
India,Delhi,Delhi,"Jawaharlal Nehru Stadium, Delhi - DPCC","24-08-2026 11:00:00",28.58028,77.233829,NH3,7,9,8
India,Delhi,Delhi,"Jawaharlal Nehru Stadium, Delhi - DPCC","24-08-2026 11:00:00",28.58028,77.233829,SO2,2,14,7
India,Delhi,Delhi,"Wazirpur, Delhi - DPCC","24-08-2026 11:00:00",28.699793,77.165453,SO2,19,25,22
India,Delhi,Delhi,"NSUT Jaffarpur, Delhi - DPCC","24-08-2026 11:00:00",28.594004,76.909423,PM10,42,104,81
India,Chhattisgarh,Bhilai,"32Bungalows, Bhilai - CECB","24-08-2026 11:00:00",21.194815,81.31477,NO2,3,13,7
India,Chhattisgarh,Bhilai,"Hathkhoj, Bhilai - CECB","24-08-2026 11:00:00",21.224231,81.40835,OZONE,7,11,9
India,Chhattisgarh,Bilaspur,"Mangala, Bilaspur - NTPC","24-08-2026 11:00:00",22.08815,82.13737,NH3,NA,NA,NA
India,Chhattisgarh,Bilaspur,"Mangala, Bilaspur - NTPC","24-08-2026 11:00:00",22.08815,82.13737,SO2,13,17,15
India,Chhattisgarh,Bilaspur,"Mangala, Bilaspur - NTPC","24-08-2026 11:00:00",22.08815,82.13737,OZONE,NA,NA,NA
India,Chhattisgarh,Chhal,"Nawapara SECL Colony, Chhal - CECB","24-08-2026 11:00:00",22.118125,83.140608,NO2,NA,NA,NA
India,Chhattisgarh,Chhal,"Nawapara SECL Colony, Chhal - CECB","24-08-2026 11:00:00",22.118125,83.140608,NH3,NA,NA,NA
India,Chhattisgarh,Korba,"Urja Nagar, Korba - CECB","24-08-2026 11:00:00",22.348441,82.549611,NO2,3,8,5
India,Chhattisgarh,Korba,"Urja Nagar, Korba - CECB","24-08-2026 11:00:00",22.348441,82.549611,NH3,1,1,1
India,Chhattisgarh,Korba,"Urja Nagar, Korba - CECB","24-08-2026 11:00:00",22.348441,82.549611,SO2,9,17,13
India,Chhattisgarh,Korba,"Rampur, Korba - CECB","24-08-2026 11:00:00",22.368195,82.746431,SO2,9,95,32
India,Chhattisgarh,Kunjemura,"OP Jindal School, Kunjemura - CECB","24-08-2026 11:00:00",22.12665,83.483212,SO2,7,17,12
India,Chhattisgarh,Kunjemura,"OP Jindal School, Kunjemura - CECB","24-08-2026 11:00:00",22.12665,83.483212,CO,19,31,24
India,Chhattisgarh,Raipur,"Krishak Nagar, Raipur - CECB","24-08-2026 11:00:00",21.237755,81.705301,NO2,9,17,13
India,Chhattisgarh,Raipur,"Bhatagaon New ISBT, Raipur - CECB","24-08-2026 11:00:00",21.219665,81.630094,PM10,16,45,27
India,Chhattisgarh,Raipur,"Bhatagaon New ISBT, Raipur - CECB","24-08-2026 11:00:00",21.219665,81.630094,OZONE,3,4,4
India,Chhattisgarh,Raipur,"Siltara Phase-II, Raipur - CECB","24-08-2026 11:00:00",21.371751,81.664929,NH3,2,2,2
India,Chhattisgarh,Raipur,"Siltara Phase-II, Raipur - CECB","24-08-2026 11:00:00",21.371751,81.664929,CO,17,17,17
India,Chhattisgarh,Raipur,"Siltara Phase-II, Raipur - CECB","24-08-2026 11:00:00",21.371751,81.664929,OZONE,2,7,3
India,Chhattisgarh,Raipur,"AIIMS, Raipur - CECB","24-08-2026 11:00:00",21.258815,81.578979,PM2.5,21,47,29
India,Delhi,Delhi,"Cantonment Area, Delhi - DPCC","24-08-2026 11:00:00",28.594169,77.1251,NH3,2,4,3
India,Delhi,Delhi,"Sonia Vihar, Delhi - DPCC","24-08-2026 11:00:00",28.710508,77.249485,OZONE,7,19,12
India,Delhi,Delhi,"Bawana, Delhi - DPCC","24-08-2026 11:00:00",28.7762,77.051074,NH3,4,6,5
India,Delhi,Delhi,"Bawana, Delhi - DPCC","24-08-2026 11:00:00",28.7762,77.051074,SO2,12,13,13
India,Delhi,Delhi,"Okhla Phase-2, Delhi - DPCC","24-08-2026 11:00:00",28.530785,77.271255,PM2.5,20,123,68
India,Delhi,Delhi,"Okhla Phase-2, Delhi - DPCC","24-08-2026 11:00:00",28.530785,77.271255,PM10,25,257,121
India,Delhi,Delhi,"Okhla Phase-2, Delhi - DPCC","24-08-2026 11:00:00",28.530785,77.271255,CO,57,78,65
India,Delhi,Delhi,"Rohini, Delhi - DPCC","24-08-2026 11:00:00",28.732528,77.11992,PM2.5,48,290,108
India,Delhi,Delhi,"Rohini, Delhi - DPCC","24-08-2026 11:00:00",28.732528,77.11992,CO,39,65,50
India,Chhattisgarh,Raipur,"AIIMS, Raipur - CECB","24-08-2026 11:00:00",21.258815,81.578979,OZONE,5,9,6
India,Chhattisgarh,Tumidih,"OP Jindal Industrial Park, Tumidih - CECB","24-08-2026 11:00:00",22.06631475,83.33820077,PM10,8,78,44
India,Chhattisgarh,Tumidih,"OP Jindal Industrial Park, Tumidih - CECB","24-08-2026 11:00:00",22.06631475,83.33820077,NH3,1,2,2
India,Chhattisgarh,Tumidih,"OP Jindal Industrial Park, Tumidih - CECB","24-08-2026 11:00:00",22.06631475,83.33820077,OZONE,11,11,11
India,Delhi,Delhi,"ITO, Delhi - CPCB","24-08-2026 11:00:00",28.628624,77.24106,PM10,46,151,107
India,Delhi,Delhi,"Narela, Delhi - DPCC","24-08-2026 11:00:00",28.822836,77.101981,PM2.5,27,207,70
India,Delhi,Delhi,"Chandni Chowk, Delhi - IITM","24-08-2026 11:00:00",28.656756,77.227234,NH3,4,11,7
India,Delhi,Delhi,"Pusa, Delhi - IITM","24-08-2026 11:00:00",28.63611,77.173332,CO,54,64,61
India,Delhi,Delhi,"Pusa, Delhi - IITM","24-08-2026 11:00:00",28.63611,77.173332,OZONE,15,53,36
India,Delhi,Delhi,"DTU, Delhi - CPCB","24-08-2026 11:00:00",28.7500499,77.1112615,NH3,1,11,8
India,Delhi,Delhi,"Dwarka-Sector 8, Delhi - DPCC ","24-08-2026 11:00:00",28.5710274,77.0719006,PM2.5,27,130,60
India,Delhi,Delhi,"IGI Airport (T3), Delhi - IITM","24-08-2026 11:00:00",28.5627763,77.1180053,NO2,27,105,58
India,Delhi,Delhi,"Ashok Vihar, Delhi - DPCC","24-08-2026 11:00:00",28.695381,77.181665,NH3,6,10,7
India,Delhi,Delhi,"Anand Vihar, Delhi - DPCC","24-08-2026 11:00:00",28.647622,77.315809,SO2,28,37,33
India,Delhi,Delhi,"Pusa, Delhi - DPCC","24-08-2026 11:00:00",28.639652,77.146275,PM2.5,23,157,55
India,Delhi,Delhi,"Sirifort, Delhi - CPCB","24-08-2026 11:00:00",28.5504249,77.2159377,NO2,40,46,43
India,Delhi,Delhi,"NSUT Jaffarpur, Delhi - DPCC","24-08-2026 11:00:00",28.594004,76.909423,OZONE,1,20,10
India,Delhi,Delhi,"Mundka, Delhi - DPCC","24-08-2026 11:00:00",28.684678,77.076574,PM2.5,18,230,71
India,Haryana,"Charkhi Dadri","Mini Secretariat, Charkhi Dadri - HSPCB","24-08-2026 11:00:00",28.593883,76.270653,PM2.5,64,268,118
India,Haryana,"Charkhi Dadri","Mini Secretariat, Charkhi Dadri - HSPCB","24-08-2026 11:00:00",28.593883,76.270653,NO2,9,21,15
India,Haryana,"Charkhi Dadri","Mini Secretariat, Charkhi Dadri - HSPCB","24-08-2026 11:00:00",28.593883,76.270653,NH3,5,8,6
India,Haryana,"Charkhi Dadri","Mini Secretariat, Charkhi Dadri - HSPCB","24-08-2026 11:00:00",28.593883,76.270653,SO2,6,9,8
India,Haryana,Dharuhera,"Municipal Corporation Office, Dharuhera -  HSPCB","24-08-2026 11:00:00",28.2068,76.7997,OZONE,5,46,12
India,Haryana,Faridabad,"New Industrial Town, Faridabad - HSPCB","24-08-2026 11:00:00",28.39072,77.30059,NH3,11,12,11
India,Haryana,Faridabad,"New Industrial Town, Faridabad - HSPCB","24-08-2026 11:00:00",28.39072,77.30059,CO,23,25,24
India,Haryana,Faridabad,"Sector 11, Faridabad - HSPCB","24-08-2026 11:00:00",28.376058,77.315741,PM2.5,47,397,221
India,Haryana,Faridabad,"Sector 11, Faridabad - HSPCB","24-08-2026 11:00:00",28.376058,77.315741,NH3,8,9,9
India,Haryana,Faridabad,"Sector 11, Faridabad - HSPCB","24-08-2026 11:00:00",28.376058,77.315741,CO,58,68,62
India,Haryana,Faridabad,"Sector 30, Faridabad - HSPCB","24-08-2026 11:00:00",28.4417,77.3217,PM2.5,NA,NA,NA
India,Haryana,Fatehabad,"Huda Sector, Fatehabad - HSPCB","24-08-2026 11:00:00",29.503664,75.467934,PM2.5,16,23,19
India,Haryana,Fatehabad,"Huda Sector, Fatehabad - HSPCB","24-08-2026 11:00:00",29.503664,75.467934,PM10,29,40,33
India,Haryana,Gurugram,"Teri Gram, Gurugram - HSPCB","24-08-2026 11:00:00",28.4275,77.1465,SO2,7,21,12
India,Haryana,Gurugram,"Teri Gram, Gurugram - HSPCB","24-08-2026 11:00:00",28.4275,77.1465,CO,6,18,12
India,Gujarat,Ankleshwar,"GIDC, Ankleshwar - GPCB","24-08-2026 11:00:00",21.613267,73.010555,NH3,5,6,6
India,Gujarat,Ankleshwar,"GIDC, Ankleshwar - GPCB","24-08-2026 11:00:00",21.613267,73.010555,OZONE,29,39,33
India,Gujarat,Bhavnagar,"Vidhyanagar, Bhavnagar - Nexteng Enviro","24-08-2026 11:00:00",21.755417,72.139056,PM10,48,80,61
India,Gujarat,Bhavnagar,"Vidhyanagar, Bhavnagar - Nexteng Enviro","24-08-2026 11:00:00",21.755417,72.139056,NO2,42,52,47
India,Gujarat,Bhavnagar,"Vidhyanagar, Bhavnagar - Nexteng Enviro","24-08-2026 11:00:00",21.755417,72.139056,CO,59,60,60
India,Gujarat,Gandhinagar,"Sector-10, Gandhinagar - GPCB","24-08-2026 11:00:00",23.221714,72.654328,PM10,26,224,70
India,Gujarat,Gandhinagar,"Sector-10, Gandhinagar - GPCB","24-08-2026 11:00:00",23.221714,72.654328,NH3,0,0,0
India,Gujarat,Gandhinagar,"Sector-10, Gandhinagar - GPCB","24-08-2026 11:00:00",23.221714,72.654328,OZONE,NA,NA,NA
India,Gujarat,Gandhinagar,"IIPHG Lekawada, Gandhinagar - IITM","24-08-2026 11:00:00",23.243639,72.68994,SO2,2,3,2
India,Gujarat,Gandhinagar,"GIFT City, Gandhinagar - IITM","24-08-2026 11:00:00",23.163798,72.677768,PM10,82,124,101
India,Gujarat,Gandhinagar,"GIFT City, Gandhinagar - IITM","24-08-2026 11:00:00",23.163798,72.677768,NH3,4,6,5
India,Gujarat,Gandhinagar,"GIFT City, Gandhinagar - IITM","24-08-2026 11:00:00",23.163798,72.677768,OZONE,3,4,4
India,Gujarat,Mehsana,"Sadanand Nagar, Mehsana - Nexteng Enviro","24-08-2026 11:00:00",23.59315,72.372792,NH3,0,0,0
India,Delhi,Delhi,"R K Puram, Delhi - DPCC","24-08-2026 11:00:00",28.563262,77.186937,SO2,6,8,7
India,Gujarat,Ahmedabad,"SVPI Airport Hansol, Ahmedabad - IITM","24-08-2026 11:00:00",23.076793,72.627874,PM2.5,16,41,33
India,Gujarat,Ahmedabad,"Rakhial, Ahmedabad - IITM","24-08-2026 11:00:00",23.016834,72.625775,SO2,30,35,32
India,Gujarat,Ahmedabad,"Rakhial, Ahmedabad - IITM","24-08-2026 11:00:00",23.016834,72.625775,OZONE,2,3,3
India,Gujarat,Ahmedabad,"Maninagar, Ahmedabad - GPCB","24-08-2026 11:00:00",23.002657,72.591912,NO2,23,47,40
India,Gujarat,Ahmedabad,"Maninagar, Ahmedabad - GPCB","24-08-2026 11:00:00",23.002657,72.591912,OZONE,23,26,24
India,Gujarat,Ahmedabad,"Chandkheda, Ahmedabad - IITM","24-08-2026 11:00:00",23.107969,72.574648,PM2.5,36,61,47
India,Gujarat,Ahmedabad,"SAC ISRO Satellite, Ahmedabad - IITM","24-08-2026 11:00:00",23.023389,72.515201,PM2.5,28,93,63
India,Gujarat,Ahmedabad,"Gyaspur, Ahmedabad - IITM","24-08-2026 11:00:00",22.977134,72.553024,OZONE,10,19,14
India,Gujarat,Ahmedabad,"Raikhad, Ahmedabad - IITM","24-08-2026 11:00:00",23.020509,72.579261,SO2,7,9,8
India,Haryana,Sonipat,"Murthal, Sonipat - HSPCB","24-08-2026 11:00:00",29.0272,77.0621,NH3,8,9,9
India,Haryana,Sonipat,"Murthal, Sonipat - HSPCB","24-08-2026 11:00:00",29.0272,77.0621,CO,27,28,28
India,Haryana,Sonipat,"Murthal, Sonipat - HSPCB","24-08-2026 11:00:00",29.0272,77.0621,OZONE,48,53,50
India,Haryana,"Yamuna Nagar","Gobind Pura, Yamuna Nagar - HSPCB","24-08-2026 11:00:00",30.1480566,77.2893471,PM2.5,42,124,77
India,Haryana,"Yamuna Nagar","Gobind Pura, Yamuna Nagar - HSPCB","24-08-2026 11:00:00",30.1480566,77.2893471,NH3,1,6,4
India,Haryana,"Yamuna Nagar","Gobind Pura, Yamuna Nagar - HSPCB","24-08-2026 11:00:00",30.1480566,77.2893471,OZONE,8,63,35
India,"Himachal Pradesh",Baddi,"HIMUDA Complex Phase-1, Baddi - HPPCB","24-08-2026 11:00:00",30.943887,76.801991,SO2,3,3,3
India,"Jammu and Kashmir",Pampore,"Khrew, Pampore - JKPCC","24-08-2026 11:00:00",34.031606,75.009712,NO2,7,26,14
India,"Jammu and Kashmir",Pampore,"Khrew, Pampore - JKPCC","24-08-2026 11:00:00",34.031606,75.009712,CO,NA,NA,NA
India,"Jammu and Kashmir",Srinagar,"Khunmoh, Srinagar - JKPCC","24-08-2026 11:00:00",34.06313,74.96017,PM2.5,16,38,28
India,Haryana,Panchgaon,"Amity University, Panchgaon - IITM","24-08-2026 11:00:00",28.3153,76.9143,SO2,NA,NA,NA
India,Haryana,Panchkula,"Sector-6, Panchkula - HSPCB ","24-08-2026 11:00:00",30.7057778,76.8531805555555,NO2,25,33,30
India,Haryana,Panchkula,"Sector-6, Panchkula - HSPCB ","24-08-2026 11:00:00",30.7057778,76.8531805555555,NH3,NA,NA,NA
India,Haryana,Panchkula,"Sector-6, Panchkula - HSPCB ","24-08-2026 11:00:00",30.7057778,76.8531805555555,SO2,9,13,11
India,Haryana,Panchkula,"Sector-6, Panchkula - HSPCB ","24-08-2026 11:00:00",30.7057778,76.8531805555555,OZONE,33,46,40
India,Haryana,Panipat,"Sector-18, Panipat - HSPCB","24-08-2026 11:00:00",29.432304,76.972765,PM2.5,41,178,116
India,Haryana,Panipat,"Sector-18, Panipat - HSPCB","24-08-2026 11:00:00",29.432304,76.972765,CO,32,33,32
India,Haryana,Rohtak,"MD University, Rohtak - HSPCB","24-08-2026 11:00:00",28.52123,76.37138,PM10,35,81,60
India,Haryana,Sirsa,"F-Block, Sirsa - HSPCB","24-08-2026 11:00:00",29.5364,75.0158,PM10,59,93,77
India,Haryana,Gurugram,"NISE Gwal Pahari, Gurugram - IITM","24-08-2026 11:00:00",28.422681,77.148944,PM2.5,17,161,69
India,Haryana,Gurugram,"NISE Gwal Pahari, Gurugram - IITM","24-08-2026 11:00:00",28.422681,77.148944,PM10,31,164,98
India,Haryana,Gurugram,"Vikas Sadan, Gurugram - HSPCB","24-08-2026 11:00:00",28.4501238,77.0263051,CO,3,8,6
India,Haryana,Hisar,"Urban Estate-II, Hisar - HSPCB","24-08-2026 11:00:00",29.14056,75.744941,PM2.5,26,69,47
India,Haryana,Hisar,"Urban Estate-II, Hisar - HSPCB","24-08-2026 11:00:00",29.14056,75.744941,NH3,9,10,10
India,Haryana,Jind,"Police Lines, Jind - HSPCB","24-08-2026 11:00:00",29.307814,76.337619,PM2.5,92,148,110
India,Haryana,Jind,"Police Lines, Jind - HSPCB","24-08-2026 11:00:00",29.307814,76.337619,NO2,12,14,13
India,Haryana,Jind,"Police Lines, Jind - HSPCB","24-08-2026 11:00:00",29.307814,76.337619,SO2,27,30,28
India,Gujarat,Rajkot,"Mavdi, Rajkot - Nexteng Enviro ","24-08-2026 11:00:00",22.248853,70.776774,NO2,3,18,7
India,Gujarat,Rajkot,"Mavdi, Rajkot - Nexteng Enviro ","24-08-2026 11:00:00",22.248853,70.776774,OZONE,5,10,8
India,Gujarat,Surat,"Science Center, Surat - SMC","24-08-2026 11:00:00",21.170046,72.795405,PM2.5,23,79,44
India,Gujarat,Surat,"Science Center, Surat - SMC","24-08-2026 11:00:00",21.170046,72.795405,SO2,15,17,16
India,Gujarat,Surat,"Katargam, Surat - Nexteng Enviro","24-08-2026 11:00:00",21.217779,72.834787,PM2.5,16,70,39
India,Gujarat,Surat,"Katargam, Surat - Nexteng Enviro","24-08-2026 11:00:00",21.217779,72.834787,SO2,7,9,8
India,Gujarat,Surat,"Katargam, Surat - Nexteng Enviro","24-08-2026 11:00:00",21.217779,72.834787,OZONE,8,9,8
India,Haryana,Mandikhera,"General Hospital, Mandikhera(Nuh) - HSPCB","24-08-2026 11:00:00",27.9002,76.9938,CO,49,50,50
India,Haryana,Palwal,"Shyam Nagar, Palwal - HSPCB","24-08-2026 11:00:00",28.1485564,77.3320667,NH3,6,6,6
India,Haryana,Panchgaon,"Amity University, Panchgaon - IITM","24-08-2026 11:00:00",28.3153,76.9143,PM10,NA,NA,NA
India,Gujarat,Vadodara,"Bapunagar, Vadodara - Nexteng Enviro","24-08-2026 11:00:00",22.320153,73.216285,CO,74,76,75
India,Haryana,Ambala,"Patti Mehar, Ambala - HSPCB","24-08-2026 11:00:00",30.379589,76.778328,NO2,6,8,7
India,Haryana,Ambala,"Patti Mehar, Ambala - HSPCB","24-08-2026 11:00:00",30.379589,76.778328,NH3,6,7,6
India,Haryana,Ambala,"Patti Mehar, Ambala - HSPCB","24-08-2026 11:00:00",30.379589,76.778328,CO,16,37,27
India,Maharashtra,Beed,"Bir, Beed - MPCB","24-08-2026 11:00:00",18.988474,75.753873,PM10,18,49,32
India,Maharashtra,Beed,"Bir, Beed - MPCB","24-08-2026 11:00:00",18.988474,75.753873,SO2,6,10,8
India,Maharashtra,Beed,"Bir, Beed - MPCB","24-08-2026 11:00:00",18.988474,75.753873,OZONE,6,12,8
India,Maharashtra,Belapur,"CBD Belapur, Belapur - MPCB","24-08-2026 11:00:00",19.0243902,73.0406721,OZONE,9,11,10
India,Maharashtra,Bhiwandi,"Gokul Nagar, Bhiwandi - MPCB","24-08-2026 11:00:00",19.309073,73.057223,NH3,5,13,9
India,Maharashtra,Bhiwandi,"Gokul Nagar, Bhiwandi - MPCB","24-08-2026 11:00:00",19.309073,73.057223,CO,21,33,24
India,Maharashtra,Bhiwandi,"Gokul Nagar, Bhiwandi - MPCB","24-08-2026 11:00:00",19.309073,73.057223,OZONE,23,29,26
India,Maharashtra,Boisar,"Khaira, Boisar - MPCB","24-08-2026 11:00:00",19.786089,72.757971,SO2,4,5,4
India,Maharashtra,Chandrapur,"MIDC Khutala, Chandrapur - MPCB","24-08-2026 11:00:00",19.9775302,79.2337086,CO,38,42,40
India,Maharashtra,Chandrapur,"Chauhan Colony, Chandrapur - MPCB","24-08-2026 11:00:00",19.9629,79.298714,PM2.5,13,51,28
India,Maharashtra,Chandrapur,"Chauhan Colony, Chandrapur - MPCB","24-08-2026 11:00:00",19.9629,79.298714,NO2,12,14,13
India,Maharashtra,Chandrapur,"Chauhan Colony, Chandrapur - MPCB","24-08-2026 11:00:00",19.9629,79.298714,SO2,9,10,10
India,Maharashtra,Dhule,"Deopur, Dhule - MPCB","24-08-2026 11:00:00",20.918946,74.776388,OZONE,10,12,11
India,Maharashtra,Dombivli,"Kalu Nagar, Dombivli - MPCB","24-08-2026 11:00:00",19.2268427,73.0788456,PM10,10,28,20
India,Maharashtra,Dombivli,"Kalu Nagar, Dombivli - MPCB","24-08-2026 11:00:00",19.2268427,73.0788456,NO2,5,18,12
India,Maharashtra,Dombivli,"Kalu Nagar, Dombivli - MPCB","24-08-2026 11:00:00",19.2268427,73.0788456,SO2,23,54,28
India,Maharashtra,Hingoli,"Ashta Vinayak Nagar, Hingoli - MPCB","24-08-2026 11:00:00",19.710842,77.151824,CO,10,14,12
India,Maharashtra,Hingoli,"Ashta Vinayak Nagar, Hingoli - MPCB","24-08-2026 11:00:00",19.710842,77.151824,OZONE,10,26,16
India,Maharashtra,Jalgaon,"Prabhat Colony, Jalgaon - MPCB","24-08-2026 11:00:00",21.001264,75.565602,NH3,1,2,1
India,Maharashtra,Jalgaon,"Prabhat Colony, Jalgaon - MPCB","24-08-2026 11:00:00",21.001264,75.565602,SO2,3,4,3
India,Maharashtra,Jalna,"Old MIDC, Jalna - MPCB","24-08-2026 11:00:00",19.854616,75.905894,NO2,12,23,19
India,Maharashtra,Kalyan,"Khadakpada, Kalyan - MPCB","24-08-2026 11:00:00",19.25292,73.142019,PM10,50,192,131
India,Maharashtra,Kalyan,"Khadakpada, Kalyan - MPCB","24-08-2026 11:00:00",19.25292,73.142019,NH3,1,1,1
India,"Madhya Pradesh",Jabalpur,"Gupteshwar, Jabalpur - JMC","24-08-2026 11:00:00",23.142888,79.916147,CO,21,23,22
India,"Madhya Pradesh",Jabalpur,"Govindh Bhavan Colony, Jabalpur - JMC","24-08-2026 11:00:00",23.163174,79.973061,NO2,16,22,19
India,"Madhya Pradesh",Jabalpur,"Suhagi, Jabalpur - JMC","24-08-2026 11:00:00",23.218135,79.95777,PM10,32,77,55
India,"Madhya Pradesh",Jabalpur,"Suhagi, Jabalpur - JMC","24-08-2026 11:00:00",23.218135,79.95777,NO2,34,47,41
India,"Madhya Pradesh",Jabalpur,"Suhagi, Jabalpur - JMC","24-08-2026 11:00:00",23.218135,79.95777,SO2,6,8,7
India,"Madhya Pradesh",Katni,"Gole Bazar, Katni - MPPCB","24-08-2026 11:00:00",23.50016,80.23284,NO2,11,14,12
India,"Madhya Pradesh",Maihar,"Sahilara, Maihar - KJS Cements","24-08-2026 11:00:00",24.2613009,80.7231783,OZONE,NA,NA,NA
India,"Madhya Pradesh",Mandideep,"Sector-D Industrial Area, Mandideep - MPPCB","24-08-2026 11:00:00",23.10844,77.511428,PM10,42,124,83
India,"Madhya Pradesh",Pithampur,"Sector-2 Industrial Area, Pithampur - MPPCB","24-08-2026 11:00:00",22.624758,75.675238,PM2.5,27,153,76
India,"Madhya Pradesh",Pithampur,"Sector-2 Industrial Area, Pithampur - MPPCB","24-08-2026 11:00:00",22.624758,75.675238,PM10,103,199,130
India,"Madhya Pradesh",Pithampur,"Sector-2 Industrial Area, Pithampur - MPPCB","24-08-2026 11:00:00",22.624758,75.675238,OZONE,14,42,22
India,"Madhya Pradesh",Ratlam,"Shasthri Nagar, Ratlam - IPCA Lab","24-08-2026 11:00:00",23.331731,75.045981,NO2,39,51,45
India,"Madhya Pradesh",Sagar,"Civil Lines, Sagar - MPPCB","24-08-2026 11:00:00",23.838586,78.759431,PM2.5,2,54,22
India,"Madhya Pradesh",Satna,"Bandhavgar Colony, Satna - Birla Cement","24-08-2026 11:00:00",24.58434363,80.8549414,PM2.5,49,51,50
India,"Madhya Pradesh",Satna,"Bandhavgar Colony, Satna - Birla Cement","24-08-2026 11:00:00",24.58434363,80.8549414,NH3,NA,NA,NA
India,"Madhya Pradesh",Satna,"Bandhavgar Colony, Satna - Birla Cement","24-08-2026 11:00:00",24.58434363,80.8549414,CO,13,29,19
India,Maharashtra,Kalyan,"Khadakpada, Kalyan - MPCB","24-08-2026 11:00:00",19.25292,73.142019,SO2,NA,NA,NA
India,Maharashtra,Kalyan,"Pimpleshwar Mandir, Kalyan - MPCB","24-08-2026 11:00:00",19.192056,72.9585188,NH3,0,1,1
India,Maharashtra,Kolhapur,"Sinchan Bhavan, Kolhapur - MPCB","24-08-2026 11:00:00",16.7143745,74.2426398,SO2,0,2,1
India,Maharashtra,Kolhapur,"Sinchan Bhavan, Kolhapur - MPCB","24-08-2026 11:00:00",16.7143745,74.2426398,OZONE,5,15,8
India,Maharashtra,Kolhapur,"Shivaji University, Kolhapur - MPCB","24-08-2026 11:00:00",16.6870449,74.2505872,SO2,1,1,1
India,Maharashtra,Kolhapur,"Shivaji University, Kolhapur - MPCB","24-08-2026 11:00:00",16.6870449,74.2505872,CO,6,26,15
India,Maharashtra,Mahad,"Kamble Tarf Birwadi, Mahad - MPCB","24-08-2026 11:00:00",18.1023399,73.4783687,PM10,33,49,40
India,Maharashtra,Mahad,"Kamble Tarf Birwadi, Mahad - MPCB","24-08-2026 11:00:00",18.1023399,73.4783687,NO2,5,20,10
India,Maharashtra,Malegaon,"Mahesh Nagar, Malegaon - MPCB","24-08-2026 11:00:00",20.555712,74.529236,NO2,15,19,17
India,Maharashtra,Malegaon,"Mahesh Nagar, Malegaon - MPCB","24-08-2026 11:00:00",20.555712,74.529236,NH3,NA,NA,NA
India,Maharashtra,Mira-Bhayandar,"Bhayandar West, Mira-Bhayandar - MPCB","24-08-2026 11:00:00",19.296481,72.840923,PM10,20,46,30
India,Maharashtra,Mumbai,"Shivaji Nagar, Mumbai - BMC","24-08-2026 11:00:00",19.060498,72.923356,NH3,2,5,3
India,Maharashtra,Mumbai,"Sion, Mumbai - MPCB","24-08-2026 11:00:00",19.047,72.8746,NO2,42,72,60
India,Maharashtra,Mumbai,"Sion, Mumbai - MPCB","24-08-2026 11:00:00",19.047,72.8746,CO,20,20,20
India,Maharashtra,Mumbai,"Siddharth Nagar-Worli, Mumbai - IITM","24-08-2026 11:00:00",19.000083,72.813993,PM10,29,53,39
India,Karnataka,Hubballi,"Lingaraj Nagar, Hubballi - KSPCB","24-08-2026 11:00:00",15.3714823,75.1160168,NO2,7,11,7
India,Karnataka,Hubballi,"Lingaraj Nagar, Hubballi - KSPCB","24-08-2026 11:00:00",15.3714823,75.1160168,OZONE,22,26,23
India,Karnataka,Kalaburagi,"Mahatma Basaveswar Colony, Kalaburgi - KSPCB","24-08-2026 11:00:00",17.336318,76.847397,SO2,NA,NA,NA
India,Karnataka,Karwar,"KHB Colony, Karwar - KSPCB","24-08-2026 11:00:00",14.816666,74.141003,SO2,NA,NA,NA
India,Karnataka,Karwar,"KHB Colony, Karwar - KSPCB","24-08-2026 11:00:00",14.816666,74.141003,CO,NA,NA,NA
India,Karnataka,Mangalore,"Kadri, Mangalore - KSPCB","24-08-2026 11:00:00",12.88925,74.853,NO2,4,6,5
India,Karnataka,Mysuru,"Hebbal 1st Stage, Mysuru - KSPCB","24-08-2026 11:00:00",12.21041,76.37376,NH3,3,6,4
India,Karnataka,Mysuru,"Hebbal 1st Stage, Mysuru - KSPCB","24-08-2026 11:00:00",12.21041,76.37376,SO2,2,6,3
India,Karnataka,Shivamogga,"Vinoba Nagara, Shivamogga - KSPCB","24-08-2026 11:00:00",13.94,75.555917,NO2,18,29,27
India,Karnataka,Shivamogga,"Vinoba Nagara, Shivamogga - KSPCB","24-08-2026 11:00:00",13.94,75.555917,CO,12,40,30
India,Karnataka,Yadgir,"Collector Office, Yadgir - KSPCB","24-08-2026 11:00:00",16.7602,77.1428,PM2.5,2,22,7
India,Karnataka,Yadgir,"Collector Office, Yadgir - KSPCB","24-08-2026 11:00:00",16.7602,77.1428,PM10,13,48,24
India,Karnataka,Yadgir,"Collector Office, Yadgir - KSPCB","24-08-2026 11:00:00",16.7602,77.1428,CO,5,18,13
India,Kerala,Eloor,"Udyogamandal, Eloor - Kerala PCB","24-08-2026 11:00:00",10.073232,76.302765,NH3,NA,NA,NA
India,Kerala,Kannur,"Thavakkara, Kannur - Kerala PCB","24-08-2026 11:00:00",11.875,75.3732,NO2,11,12,11
India,Kerala,Thiruvananthapuram,"Plammoodu, Thiruvananthapuram - Kerala PCB","24-08-2026 11:00:00",8.5149093,76.9435879,SO2,11,21,17
India,Kerala,Thiruvananthapuram,"Kariavattom, Thiruvananthapuram - Kerala PCB","24-08-2026 11:00:00",8.5637,76.8865,PM2.5,37,41,39
India,Kerala,Thiruvananthapuram,"Kariavattom, Thiruvananthapuram - Kerala PCB","24-08-2026 11:00:00",8.5637,76.8865,SO2,4,5,4
India,Kerala,Thrissur,"Corporation Ground, Thrissur - Kerala PCB","24-08-2026 11:00:00",10.5324,76.2159,PM10,47,58,53
India,Kerala,Thrissur,"Corporation Ground, Thrissur - Kerala PCB","24-08-2026 11:00:00",10.5324,76.2159,NH3,0,0,0
India,"Madhya Pradesh",Bhopal,"Paryavaran Parisar, Bhopal - MPPCB","24-08-2026 11:00:00",23.210494,77.425409,SO2,3,7,5
India,"Madhya Pradesh",Bhopal,"Idgah Hills, Bhopal - MPPCB","24-08-2026 11:00:00",23.264759,77.381568,PM10,19,101,61
India,"Madhya Pradesh",Bhopal,"Idgah Hills, Bhopal - MPPCB","24-08-2026 11:00:00",23.264759,77.381568,NH3,3,4,4
India,"Madhya Pradesh",Damoh,"Shrivastav Colony, Damoh - MPPCB","24-08-2026 11:00:00",23.81748678,79.446246,PM10,11,47,23
India,"Jammu and Kashmir",Srinagar,"Khunmoh, Srinagar - JKPCC","24-08-2026 11:00:00",34.06313,74.96017,NO2,6,33,15
India,Jharkhand,Dhanbad,"Sardar Patel Nagar, Dhanbad - JSPCB","24-08-2026 11:00:00",23.80569,86.44268,SO2,NA,NA,NA
India,Jharkhand,Jorapokhar,"Tata Stadium, Jorapokhar - JSPCB","24-08-2026 11:00:00",23.707909,86.41467,CO,39,40,40
India,Karnataka,Bengaluru,"Jigani, Bengaluru - KSPCB","24-08-2026 11:00:00",12.7816279,77.6299145,NO2,17,19,18
India,Karnataka,Bengaluru,"City Railway Station, Bengaluru - KSPCB","24-08-2026 11:00:00",12.9756843,77.5660749,SO2,12,13,12
India,Karnataka,Bengaluru,"Jayanagar 5th Block, Bengaluru - KSPCB","24-08-2026 11:00:00",12.920984,77.584908,CO,5,18,10
India,Karnataka,Bengaluru,"Jayanagar 5th Block, Bengaluru - KSPCB","24-08-2026 11:00:00",12.920984,77.584908,OZONE,19,52,38
India,Karnataka,Bengaluru,"Hombegowda Nagar, Bengaluru - KSPCB","24-08-2026 11:00:00",12.938539,77.5901,PM10,33,60,44
India,Karnataka,Bengaluru,"Hombegowda Nagar, Bengaluru - KSPCB","24-08-2026 11:00:00",12.938539,77.5901,NO2,11,37,20
India,Karnataka,Bengaluru,"Peenya, Bengaluru - CPCB","24-08-2026 11:00:00",13.0270199,77.494094,PM10,NA,NA,NA
India,Karnataka,Bengaluru,"Peenya, Bengaluru - CPCB","24-08-2026 11:00:00",13.0270199,77.494094,OZONE,NA,NA,NA
India,"Madhya Pradesh",Ujjain,"Mahashweta Nagar, Ujjain - MPPCB","24-08-2026 11:00:00",23.1633321,75.800225,PM2.5,14,89,56
India,"Madhya Pradesh",Ujjain,"Mahashweta Nagar, Ujjain - MPPCB","24-08-2026 11:00:00",23.1633321,75.800225,NO2,6,19,11
India,Maharashtra,Ahmednagar,"Tarakpur, Ahmednagar - MPCB","24-08-2026 11:00:00",19.10122,74.73339,PM2.5,NA,NA,NA
India,Maharashtra,Ahmednagar,"Tarakpur, Ahmednagar - MPCB","24-08-2026 11:00:00",19.10122,74.73339,PM10,NA,NA,NA
India,Maharashtra,Ahmednagar,"Tarakpur, Ahmednagar - MPCB","24-08-2026 11:00:00",19.10122,74.73339,SO2,NA,NA,NA
India,Maharashtra,Akola,"Ramdaspeth, Akola - MPCB","24-08-2026 11:00:00",20.719516,77.000253,PM2.5,23,44,31
India,Maharashtra,Ambernath,"Chinchpada, Ambernath - MPCB","24-08-2026 11:00:00",19.215784,73.199781,NO2,15,49,29
India,Maharashtra,Ambernath,"Chinchpada, Ambernath - MPCB","24-08-2026 11:00:00",19.215784,73.199781,NH3,2,4,3
India,Maharashtra,Aurangabad,"Rachnakar Colony, Aurangabad - MPCB","24-08-2026 11:00:00",19.863756,75.321188,PM2.5,29,47,40
India,Maharashtra,Aurangabad,"Rachnakar Colony, Aurangabad - MPCB","24-08-2026 11:00:00",19.863756,75.321188,SO2,4,5,5
India,Maharashtra,Aurangabad,"More Chowk Waluj, Aurangabad - MPCB","24-08-2026 11:00:00",19.8389439,75.244448,NH3,7,8,7
India,"Madhya Pradesh",Gwalior,"City Center, Gwalior - MPPCB","24-08-2026 11:00:00",26.203442,78.193251,PM10,25,48,35
India,"Madhya Pradesh",Gwalior,"Deen Dayal Nagar, Gwalior - MPPCB","24-08-2026 11:00:00",26.259242,78.216432,PM2.5,5,37,20
India,"Madhya Pradesh",Indore,"Regional Park, Indore - IMC","24-08-2026 11:00:00",22.678,75.8559,SO2,38,39,38
India,"Madhya Pradesh",Indore,"Maguda Nagar, Indore - IMC","24-08-2026 11:00:00",22.7524,75.8872,NH3,NA,NA,NA
India,"Madhya Pradesh",Indore,"Residency Area, Indore - IMC","24-08-2026 11:00:00",22.7084,75.8815,OZONE,5,6,6
India,"Madhya Pradesh",Jabalpur,"Marhatal, Jabalpur - MPPCB","24-08-2026 11:00:00",23.168606,79.932247,SO2,9,12,10
India,"Madhya Pradesh",Jabalpur,"Gupteshwar, Jabalpur - JMC","24-08-2026 11:00:00",23.142888,79.916147,PM10,33,74,54
India,"Madhya Pradesh",Jabalpur,"Gupteshwar, Jabalpur - JMC","24-08-2026 11:00:00",23.142888,79.916147,NO2,68,77,73
India,Karnataka,Bengaluru,"Shivapura_Peenya, Bengaluru - KSPCB","24-08-2026 11:00:00",13.0246342,77.5080115,OZONE,23,24,23
India,Karnataka,Bengaluru,"Hebbal, Bengaluru - KSPCB","24-08-2026 11:00:00",13.029152,77.585901,PM10,11,47,20
India,Karnataka,Bengaluru,"Hebbal, Bengaluru - KSPCB","24-08-2026 11:00:00",13.029152,77.585901,OZONE,1,7,3
India,Karnataka,Bengaluru,"Silk Board, Bengaluru - KSPCB","24-08-2026 11:00:00",12.917348,77.622813,NH3,2,2,2
India,Karnataka,Bengaluru,"Silk Board, Bengaluru - KSPCB","24-08-2026 11:00:00",12.917348,77.622813,OZONE,11,15,13
India,Karnataka,Bengaluru,"Bapuji Nagar, Bengaluru - KSPCB","24-08-2026 11:00:00",12.951913,77.539784,PM2.5,8,25,15
India,Karnataka,Chikkamagaluru,"Kalyana Nagara, Chikkamagaluru - KSPCB","24-08-2026 11:00:00",13.328028,75.797056,PM2.5,28,41,39
India,Karnataka,Gadag,"Panchal Nagar, Gadag - KSPCB","24-08-2026 11:00:00",15.411456,75.638133,CO,29,82,60
India,Maharashtra,Mumbai,"Chhatrapati Shivaji Intl. Airport (T2), Mumbai - MPCB","24-08-2026 11:00:00",19.10078,72.87462,SO2,7,8,7
India,Maharashtra,Mumbai,"Chhatrapati Shivaji Intl. Airport (T2), Mumbai - MPCB","24-08-2026 11:00:00",19.10078,72.87462,OZONE,NA,NA,NA
India,Maharashtra,Nagpur,"Mahal, Nagpur - MPCB","24-08-2026 11:00:00",21.14472,79.107595,NH3,1,5,3
India,Maharashtra,Nagpur,"Ram Nagar, Nagpur - MPCB","24-08-2026 11:00:00",21.143383,79.048912,PM2.5,21,54,36
India,Maharashtra,Nagpur,"Ram Nagar, Nagpur - MPCB","24-08-2026 11:00:00",21.143383,79.048912,NH3,1,1,1
India,Maharashtra,Nagpur,"Ram Nagar, Nagpur - MPCB","24-08-2026 11:00:00",21.143383,79.048912,SO2,0,3,2
India,Maharashtra,Nagpur,"Ambazari, Nagpur - MPCB","24-08-2026 11:00:00",21.121801,79.04952,PM2.5,25,48,34
India,Maharashtra,Nagpur,"Ambazari, Nagpur - MPCB","24-08-2026 11:00:00",21.121801,79.04952,PM10,30,49,42
India,Maharashtra,Nagpur,"Ambazari, Nagpur - MPCB","24-08-2026 11:00:00",21.121801,79.04952,CO,9,21,13
India,Maharashtra,Nagpur,"Ambazari, Nagpur - MPCB","24-08-2026 11:00:00",21.121801,79.04952,OZONE,6,13,9
India,Maharashtra,Nanded,"Sneh Nagar, Nanded - MPCB","24-08-2026 11:00:00",19.173852,77.296291,OZONE,8,31,16
India,Maharashtra,Nashik,"Pandav Nagari, Nashik - MPCB","24-08-2026 11:00:00",19.9591346,73.7788008,SO2,3,9,6
India,Maharashtra,Nashik,"Pandav Nagari, Nashik - MPCB","24-08-2026 11:00:00",19.9591346,73.7788008,OZONE,8,12,9
India,Maharashtra,Nashik,"Hirawadi, Nashik - MPCB","24-08-2026 11:00:00",20.021503,73.813844,NH3,NA,NA,NA
India,Maharashtra,Nashik,"Hirawadi, Nashik - MPCB","24-08-2026 11:00:00",20.021503,73.813844,OZONE,9,16,12
India,Maharashtra,Nashik,"MIDC Ambad, Nashik - MPCB","24-08-2026 11:00:00",19.95022,73.73148,CO,18,27,21
India,Maharashtra,"Navi Mumbai","Kopripada-Vashi, Navi Mumbai - MPCB","24-08-2026 11:00:00",19.090337,73.014232,PM10,38,59,49
India,Maharashtra,Pune,"Katraj Dairy, Pune - MPCB","24-08-2026 11:00:00",18.45445,73.854155,SO2,NA,NA,NA
India,Maharashtra,Pune,"Hadapsar, Pune - IITM","24-08-2026 11:00:00",18.501793,73.927532,PM2.5,18,79,43
India,Maharashtra,Pune,"Hadapsar, Pune - IITM","24-08-2026 11:00:00",18.501793,73.927532,NH3,NA,NA,NA
India,Maharashtra,Pune,"Hadapsar, Pune - IITM","24-08-2026 11:00:00",18.501793,73.927532,SO2,NA,NA,NA
India,Maharashtra,Pune,"Hadapsar, Pune - IITM","24-08-2026 11:00:00",18.501793,73.927532,CO,17,101,41
India,Maharashtra,Pune,"Revenue Colony-Shivajinagar, Pune - IITM","24-08-2026 11:00:00",18.530085,73.849598,NH3,NA,NA,NA
India,Maharashtra,Pune,"Revenue Colony-Shivajinagar, Pune - IITM","24-08-2026 11:00:00",18.530085,73.849598,OZONE,4,9,7
India,Maharashtra,Pune,"Mhada Colony, Pune - IITM","24-08-2026 11:00:00",18.57304,73.927715,PM2.5,21,49,35
India,Maharashtra,Pune,"Mhada Colony, Pune - IITM","24-08-2026 11:00:00",18.57304,73.927715,NH3,NA,NA,NA
India,Maharashtra,Pune,"Mhada Colony, Pune - IITM","24-08-2026 11:00:00",18.57304,73.927715,CO,2,2,2
India,Maharashtra,Pune,"Dhankawadi, Pune - IITM","24-08-2026 11:00:00",18.459883,73.852193,PM10,23,63,42
India,Maharashtra,Pune,"Dhankawadi, Pune - IITM","24-08-2026 11:00:00",18.459883,73.852193,NH3,NA,NA,NA
India,Maharashtra,Pune,"Panchawati_Pashan, Pune - IITM","24-08-2026 11:00:00",18.536457,73.805454,NH3,NA,NA,NA
India,Maharashtra,Sangli,"Vijay Nagar, Sangli - MPCB","24-08-2026 11:00:00",16.5038,74.3623,PM2.5,15,37,24
India,Maharashtra,Sangli,"Vijay Nagar, Sangli - MPCB","24-08-2026 11:00:00",16.5038,74.3623,PM10,22,35,27
India,Maharashtra,"Navi Mumbai","Kopripada-Vashi, Navi Mumbai - MPCB","24-08-2026 11:00:00",19.090337,73.014232,OZONE,1,3,2
India,Maharashtra,"Navi Mumbai","Tondare-Taloja, Navi Mumbai - MPCB","24-08-2026 11:00:00",19.063,73.1209,NH3,5,9,7
India,Maharashtra,"Navi Mumbai","Tondare-Taloja, Navi Mumbai - MPCB","24-08-2026 11:00:00",19.063,73.1209,SO2,0,5,2
India,Maharashtra,"Navi Mumbai","Tondare-Taloja, Navi Mumbai - MPCB","24-08-2026 11:00:00",19.063,73.1209,OZONE,10,10,10
India,Maharashtra,"Navi Mumbai","Sanpada, Navi Mumbai - MPCB","24-08-2026 11:00:00",19.0575752,73.0151367,NO2,3,7,4
India,Maharashtra,"Navi Mumbai","Sector-2E Kalamboli, Navi Mumbai - MPCB","24-08-2026 11:00:00",19.02579,73.10297,CO,13,19,15
India,Maharashtra,"Navi Mumbai","Mahape, Navi Mumbai - MPCB","24-08-2026 11:00:00",19.1135051,73.008978,CO,70,71,70
India,Maharashtra,"Navi Mumbai","Mahape, Navi Mumbai - MPCB","24-08-2026 11:00:00",19.1135051,73.008978,OZONE,7,10,9
India,Maharashtra,"Navi Mumbai","Nerul, Navi Mumbai - MPCB","24-08-2026 11:00:00",19.008751,73.01662,PM2.5,18,37,27
India,Maharashtra,"Navi Mumbai","Nerul, Navi Mumbai - MPCB","24-08-2026 11:00:00",19.008751,73.01662,PM10,NA,NA,NA
India,Maharashtra,Mumbai,"Mulund West, Mumbai - MPCB","24-08-2026 11:00:00",19.175,72.9419,OZONE,NA,NA,NA
India,Maharashtra,Mumbai,"Chembur, Mumbai - MPCB","24-08-2026 11:00:00",19.0364585,72.8954371,PM2.5,11,23,16
India,Maharashtra,Mumbai,"Chembur, Mumbai - MPCB","24-08-2026 11:00:00",19.0364585,72.8954371,NO2,4,17,10
India,Maharashtra,Mumbai,"Kandivali West, Mumbai - BMC","24-08-2026 11:00:00",19.215859,72.831718,NO2,16,37,27
India,Maharashtra,Mumbai,"Sewri, Mumbai - BMC","24-08-2026 11:00:00",19.000084,72.85673,OZONE,8,8,8
India,Maharashtra,Mumbai,"Khindipada-Bhandup West, Mumbai - IITM","24-08-2026 11:00:00",19.1653323,72.922099,OZONE,7,8,8
India,Maharashtra,Mumbai,"Malad West, Mumbai - IITM","24-08-2026 11:00:00",19.19709,72.82204,OZONE,4,9,7
India,Maharashtra,Mumbai,"Borivali East, Mumbai - IITM","24-08-2026 11:00:00",19.23241,72.86895,NH3,2,3,3
India,Maharashtra,Mumbai,"Borivali East, Mumbai - IITM","24-08-2026 11:00:00",19.23241,72.86895,OZONE,13,17,14
India,Maharashtra,Mumbai,"Mazgaon, Mumbai - IITM","24-08-2026 11:00:00",18.96702,72.84214,PM2.5,14,40,24
India,Maharashtra,Mumbai,"Chakala-Andheri East, Mumbai - IITM","24-08-2026 11:00:00",19.11074,72.86084,PM10,26,49,35
India,Maharashtra,Mumbai,"Bandra Kurla Complex, Mumbai - IITM","24-08-2026 11:00:00",19.053536,72.84643,SO2,NA,NA,NA
India,Maharashtra,Mumbai,"Kurla, Mumbai - MPCB","24-08-2026 11:00:00",19.0863,72.8888,NO2,9,9,9
India,Maharashtra,Mumbai,"Ghatkopar, Mumbai - BMC","24-08-2026 11:00:00",19.083694,72.920967,CO,19,30,24
India,Maharashtra,Mumbai,"Deonar, Mumbai - IITM","24-08-2026 11:00:00",19.04946,72.923,PM10,53,53,53
India,Maharashtra,Mumbai,"Deonar, Mumbai - IITM","24-08-2026 11:00:00",19.04946,72.923,NO2,8,8,8
India,Maharashtra,Mumbai,"Deonar, Mumbai - IITM","24-08-2026 11:00:00",19.04946,72.923,CO,12,12,12
India,Maharashtra,Pimpri-Chinchwad,"Gavalinagar, Pimpri Chinchwad - MPCB","24-08-2026 11:00:00",18.63673,73.82487,NH3,2,2,2
India,Maharashtra,Pimpri-Chinchwad,"Bhosari, Pune - IITM","24-08-2026 11:00:00",18.640051,73.848956,NH3,NA,NA,NA
India,Maharashtra,Pimpri-Chinchwad,"Transport Nagar-Nigdi, Pune - IITM","24-08-2026 11:00:00",18.664282,73.763966,CO,14,43,33
India,Maharashtra,Pimpri-Chinchwad,"Transport Nagar-Nigdi, Pune - IITM","24-08-2026 11:00:00",18.664282,73.763966,OZONE,6,17,9
India,Maharashtra,Pimpri-Chinchwad,"Park Street Wakad, Pimpri Chinchwad - MPCB","24-08-2026 11:00:00",18.59051,73.77946,CO,10,39,22
India,Maharashtra,Pimpri-Chinchwad,"Savta Mali Nagar, Pimpri-Chinchwad - IITM","24-08-2026 11:00:00",18.614767,73.799516,NH3,NA,NA,NA
India,Maharashtra,Mumbai,"Siddharth Nagar-Worli, Mumbai - IITM","24-08-2026 11:00:00",19.000083,72.813993,SO2,NA,NA,NA
India,Maharashtra,Mumbai,"Siddharth Nagar-Worli, Mumbai - IITM","24-08-2026 11:00:00",19.000083,72.813993,OZONE,15,25,23
India,Maharashtra,Mumbai,"Bandra Kurla Complex, Mumbai - MPCB","24-08-2026 11:00:00",19.065931,72.862131,PM2.5,17,81,42
India,Maharashtra,Mumbai,"Bandra Kurla Complex, Mumbai - MPCB","24-08-2026 11:00:00",19.065931,72.862131,NH3,NA,NA,NA
India,Maharashtra,Mumbai,"Bandra Kurla Complex, Mumbai - MPCB","24-08-2026 11:00:00",19.065931,72.862131,CO,14,22,19
India,Maharashtra,Mumbai,"Mindspace-Malad West, Mumbai - MPCB","24-08-2026 11:00:00",19.1878657,72.8304069,PM2.5,14,16,14
India,Maharashtra,Mumbai,"Mindspace-Malad West, Mumbai - MPCB","24-08-2026 11:00:00",19.1878657,72.8304069,SO2,4,4,4
India,Maharashtra,Solapur,"Dnyaneshwar Nagar, Solapur - MPCB","24-08-2026 11:00:00",17.6336264,75.9132495,NO2,3,17,7
India,Maharashtra,Solapur,"Dnyaneshwar Nagar, Solapur - MPCB","24-08-2026 11:00:00",17.6336264,75.9132495,CO,5,19,10
India,Maharashtra,Solapur,"Ratandeep Housing Society, Solapur - MPCB","24-08-2026 11:00:00",17.65439,75.90649,PM10,26,48,35
India,Maharashtra,Thane,"Upvan Fort, Thane - MPCB","24-08-2026 11:00:00",19.222279,72.957979,NH3,1,4,2
India,Maharashtra,Thane,"Upvan Fort, Thane - MPCB","24-08-2026 11:00:00",19.222279,72.957979,CO,6,22,14
India,Maharashtra,Sangli,"Vijay Nagar, Sangli - MPCB","24-08-2026 11:00:00",16.5038,74.3623,SO2,2,7,5
India,Maharashtra,Satara,"Koyana Nagar, Satara - MPCB","24-08-2026 11:00:00",17.696651,74.003387,NO2,1,13,6
India,Maharashtra,Solapur,"Dnyaneshwar Nagar, Solapur - MPCB","24-08-2026 11:00:00",17.6336264,75.9132495,PM2.5,10,32,19
India,Rajasthan,Jhunjhunu,"Indra Nagar, Jhunjhunu - RSPCB","24-08-2026 11:00:00",28.108988,75.386577,PM10,52,132,70
India,Rajasthan,Jhunjhunu,"Indra Nagar, Jhunjhunu - RSPCB","24-08-2026 11:00:00",28.108988,75.386577,OZONE,24,44,32
India,Rajasthan,Jodhpur,"Digari Kalan, Jodhpur - RSPCB","24-08-2026 11:00:00",26.29581,73.082283,PM10,89,168,108
India,Rajasthan,Jodhpur,"Digari Kalan, Jodhpur - RSPCB","24-08-2026 11:00:00",26.29581,73.082283,SO2,6,9,7
India,Rajasthan,Jodhpur,"Jhalamand, Jodhpur - RSPCB","24-08-2026 11:00:00",26.215415,73.070156,SO2,4,7,5
India,Rajasthan,Jodhpur,"Samrat Ashok Udhyan, Jodhpur - RSPCB","24-08-2026 11:00:00",26.253384,72.976571,CO,9,13,11
India,Rajasthan,Karauli,"Satyawati Vihar, Karauli - RSPCB","24-08-2026 11:00:00",26.506177,77.025989,NH3,6,14,9
India,Rajasthan,Karauli,"Satyawati Vihar, Karauli - RSPCB","24-08-2026 11:00:00",26.506177,77.025989,CO,3,16,8
India,Rajasthan,Khairthal,"New Anaj Mandi, Khairthal - RSPCB","24-08-2026 11:00:00",27.8015617,76.6365217,PM2.5,59,291,124
India,Rajasthan,Khairthal,"New Anaj Mandi, Khairthal - RSPCB","24-08-2026 11:00:00",27.8015617,76.6365217,PM10,100,149,125
India,Rajasthan,Khairthal,"New Anaj Mandi, Khairthal - RSPCB","24-08-2026 11:00:00",27.8015617,76.6365217,CO,72,85,76
India,Rajasthan,Khairthal,"New Anaj Mandi, Khairthal - RSPCB","24-08-2026 11:00:00",27.8015617,76.6365217,OZONE,23,49,34
India,Rajasthan,Kota,"Nayapura, Kota - RSPCB","24-08-2026 11:00:00",25.196024,75.855668,NH3,5,7,6
India,Rajasthan,Kota,"Dhanmandi, Kota - RSPCB","24-08-2026 11:00:00",25.16409,75.858137,NO2,9,53,21
India,Meghalaya,Shillong,"JN Stadium, Shillong - Meghalaya PCB","24-08-2026 11:00:00",25.5803419,91.8942571,OZONE,56,67,62
India,Meghalaya,Shillong,"Lumpyngngad, Shillong - Meghalaya PCB","24-08-2026 11:00:00",25.5586,91.8985,NH3,0,0,0
India,Mizoram,Aizawl,"Sikulpuikawn, Aizawl - Mizoram PCB","24-08-2026 11:00:00",23.7176342,92.7192841,PM10,4,30,10
India,Mizoram,Aizawl,"Sikulpuikawn, Aizawl - Mizoram PCB","24-08-2026 11:00:00",23.7176342,92.7192841,NO2,1,1,1
India,Mizoram,Aizawl,"Sikulpuikawn, Aizawl - Mizoram PCB","24-08-2026 11:00:00",23.7176342,92.7192841,NH3,0,0,0
India,Mizoram,Aizawl,"Sikulpuikawn, Aizawl - Mizoram PCB","24-08-2026 11:00:00",23.7176342,92.7192841,SO2,14,16,14
India,Nagaland,Kohima,"PWD Junction, Kohima - NPCB","24-08-2026 11:00:00",25.6635413,94.0989878,SO2,49,73,62
India,Odisha,Angul,"Hakimapada, Angul - OSPCB","24-08-2026 11:00:00",20.832874,85.104082,PM10,6,103,47
India,Odisha,Balasore,"Kalidaspur, Balasore - OSPCB","24-08-2026 11:00:00",21.51161,86.89088,PM2.5,NA,NA,NA
India,Odisha,Balasore,"Kalidaspur, Balasore - OSPCB","24-08-2026 11:00:00",21.51161,86.89088,PM10,6,50,23
India,Odisha,Balasore,"Kalidaspur, Balasore - OSPCB","24-08-2026 11:00:00",21.51161,86.89088,CO,41,48,45
India,Odisha,Barbil,"Forest Office, Barbil - OSPCB","24-08-2026 11:00:00",22.1166054,85.3945546,NO2,1,5,2
India,Odisha,Barbil,"Forest Office, Barbil - OSPCB","24-08-2026 11:00:00",22.1166054,85.3945546,CO,9,18,13
India,Odisha,Barbil,"Forest Office, Barbil - OSPCB","24-08-2026 11:00:00",22.1166054,85.3945546,OZONE,20,25,23
India,Odisha,Rourkela,"Fertilizer Township, Rourkela - OSPCB","24-08-2026 11:00:00",22.18972222,84.86277778,CO,29,30,30
India,Odisha,Talcher,"Talcher Coalfields,Talcher - OSPCB","24-08-2026 11:00:00",20.9360711,85.1707021,PM10,NA,NA,NA
India,Odisha,Tensa,"Barsua Iron Ore Mines, Tensa - OSPCB","24-08-2026 11:00:00",21.869985,85.167016,CO,32,40,36
India,Puducherry,Puducherry,"Jawahar Nagar, Puducherry - PPCC","24-08-2026 11:00:00",11.9309,79.8027,PM2.5,9,42,17
India,Punjab,Amritsar,"Golden Temple, Amritsar - PPCB","24-08-2026 11:00:00",31.62,74.876512,CO,24,28,25
India,Punjab,Bathinda,"Hardev Nagar, Bathinda - PPCB","24-08-2026 11:00:00",30.233011,74.907758,NH3,NA,NA,NA
India,Punjab,Jalandhar,"Civil Line, Jalandhar - PPCB","24-08-2026 11:00:00",31.321907,75.578914,PM10,61,125,76
India,Punjab,Jalandhar,"Civil Line, Jalandhar - PPCB","24-08-2026 11:00:00",31.321907,75.578914,CO,64,101,85
India,Punjab,Ludhiana,"Punjab Agricultural University, Ludhiana - PPCB","24-08-2026 11:00:00",30.9028,75.8086,NO2,10,41,30
India,Punjab,Ludhiana,"Punjab Agricultural University, Ludhiana - PPCB","24-08-2026 11:00:00",30.9028,75.8086,SO2,12,16,14
India,Punjab,"Mandi Gobindgarh","RIMT University, Mandi Gobindgarh - PPCB","24-08-2026 11:00:00",30.649961,76.331442,PM10,NA,NA,NA
India,Rajasthan,Chittorgarh,"Shastri Nagar, Chittorgarh - RSPCB","24-08-2026 11:00:00",24.892047,74.623527,PM2.5,50,78,59
India,Rajasthan,Chittorgarh,"Shastri Nagar, Chittorgarh - RSPCB","24-08-2026 11:00:00",24.892047,74.623527,CO,7,10,8
India,Rajasthan,Chittorgarh,"Shastri Nagar, Chittorgarh - RSPCB","24-08-2026 11:00:00",24.892047,74.623527,OZONE,13,47,27
India,Rajasthan,Churu,"Subash Chowk, Churu - RSPCB","24-08-2026 11:00:00",28.296139,74.961696,PM2.5,4,32,18
India,Rajasthan,Churu,"Subash Chowk, Churu - RSPCB","24-08-2026 11:00:00",28.296139,74.961696,PM10,64,91,77
India,Rajasthan,Dausa,"Khatikan Mohalla, Dausa - RSPCB","24-08-2026 11:00:00",26.895552,76.334753,NO2,3,25,12
India,Rajasthan,Dausa,"Khatikan Mohalla, Dausa - RSPCB","24-08-2026 11:00:00",26.895552,76.334753,OZONE,8,22,19
India,Rajasthan,Dholpur,"Raja Ganj, Dholpur - RSPCB","24-08-2026 11:00:00",26.699557,77.898881,NH3,5,14,7
India,Rajasthan,Dholpur,"Raja Ganj, Dholpur - RSPCB","24-08-2026 11:00:00",26.699557,77.898881,CO,20,27,23
India,Rajasthan,Dholpur,"Raja Ganj, Dholpur - RSPCB","24-08-2026 11:00:00",26.699557,77.898881,OZONE,19,25,23
India,Rajasthan,Hanumangarh,"Housing Board, Hanumangarh - RSPCB","24-08-2026 11:00:00",29.61075,74.283608,SO2,3,4,4
India,Rajasthan,Jaipur,"Mansarovar Sector-12, Jaipur - RSPCB","24-08-2026 11:00:00",26.843698,75.766894,CO,11,26,17
India,Rajasthan,Jaipur,"Sector-2 Murlipura, Jaipur - RSPCB","24-08-2026 11:00:00",26.960669,75.771817,PM2.5,33,57,43
India,Rajasthan,Jaipur,"Sector-2 Murlipura, Jaipur - RSPCB","24-08-2026 11:00:00",26.960669,75.771817,OZONE,5,12,8
India,Rajasthan,Jaipur,"Police Commissionerate, Jaipur - RSPCB","24-08-2026 11:00:00",26.9164092,75.7994901,OZONE,30,34,32
India,Rajasthan,Jaipur,"RIICO Sitapura, Jaipur - RSPCB","24-08-2026 11:00:00",26.786682,75.827928,PM2.5,57,130,77
India,Rajasthan,Jaipur,"RIICO Sitapura, Jaipur - RSPCB","24-08-2026 11:00:00",26.786682,75.827928,OZONE,41,50,46
India,Rajasthan,Jaipur,"Shastri Nagar, Jaipur - RSPCB","24-08-2026 11:00:00",26.9502929,75.730943,SO2,3,22,15
India,Rajasthan,Jaipur,"Adarsh Nagar, Jaipur - RSPCB","24-08-2026 11:00:00",26.902909,75.836858,CO,18,43,32
India,Rajasthan,Jaipur,"Adarsh Nagar, Jaipur - RSPCB","24-08-2026 11:00:00",26.902909,75.836858,OZONE,21,26,23
India,Rajasthan,Jaisalmer,"Sadar Bazar, Jaisalmer - RSPCB","24-08-2026 11:00:00",26.912329,70.909168,NH3,8,16,11
India,Rajasthan,Jalore,"Mudtra Sili, Jalore - RSPCB","24-08-2026 11:00:00",25.344694,72.626208,OZONE,20,29,24
India,Rajasthan,Jhalawar,"Rajlaxmi Nagar, Jhalawar - RSPCB","24-08-2026 11:00:00",24.588397,76.172782,NO2,25,45,31
India,Rajasthan,Jhalawar,"Rajlaxmi Nagar, Jhalawar - RSPCB","24-08-2026 11:00:00",24.588397,76.172782,SO2,4,8,6
India,Punjab,"Mandi Gobindgarh","RIMT University, Mandi Gobindgarh - PPCB","24-08-2026 11:00:00",30.649961,76.331442,CO,40,56,47
India,Punjab,Patiala,"Model Town, Patiala - PPCB","24-08-2026 11:00:00",30.349388,76.366642,PM2.5,22,41,29
India,Punjab,Patiala,"Model Town, Patiala - PPCB","24-08-2026 11:00:00",30.349388,76.366642,PM10,40,78,58
India,Punjab,Patiala,"Model Town, Patiala - PPCB","24-08-2026 11:00:00",30.349388,76.366642,SO2,8,27,17
India,Punjab,Patiala,"Model Town, Patiala - PPCB","24-08-2026 11:00:00",30.349388,76.366642,CO,30,49,39
India,Punjab,Rupnagar,"Ratanpura, Rupnagar - Ambuja Cements","24-08-2026 11:00:00",31.0325454,76.5623046,OZONE,NA,NA,NA
India,Rajasthan,Ajmer,"Civil Lines,  Ajmer - RSPCB","24-08-2026 11:00:00",26.470859,74.646594,OZONE,59,110,77
India,Rajasthan,Alwar,"Moti Doongri, Alwar - RSPCB","24-08-2026 11:00:00",27.554793,76.611536,OZONE,22,44,29
India,Rajasthan,Banswara,"Rati Talai, Banswara - RSPCB","24-08-2026 11:00:00",23.55519,74.44001,NO2,25,39,29
India,Odisha,Bhubaneswar,"Lingraj Mandir, Bhubaneswar - OSPCB","24-08-2026 11:00:00",20.24079,85.836784,CO,31,34,33
India,Odisha,Brajrajnagar,"GM Office, Brajrajnagar - OSPCB","24-08-2026 11:00:00",21.8004996,83.8396977,PM2.5,2,90,29
India,Odisha,Brajrajnagar,"GM Office, Brajrajnagar - OSPCB","24-08-2026 11:00:00",21.8004996,83.8396977,OZONE,41,43,42
India,Odisha,Byasanagar,"Ferro Chrome Colony, Byasanagar - OSPCB","24-08-2026 11:00:00",20.94185,86.1151,PM10,NA,NA,NA
India,Odisha,Cuttack,"CDA Area, Cuttack - OSPCB","24-08-2026 11:00:00",20.48891,85.84768,NH3,4,12,8
India,Odisha,Keonjhar,"Jagamohanpur, Keonjhar - OSPCB","24-08-2026 11:00:00",21.6439,85.599355,OZONE,11,18,14
India,Odisha,Rourkela,"Sector-2, Rourkela - OSPCB","24-08-2026 11:00:00",22.245,84.88111111,OZONE,NA,NA,NA
India,Odisha,Rourkela,"Fertilizer Township, Rourkela - OSPCB","24-08-2026 11:00:00",22.18972222,84.86277778,PM2.5,NA,NA,NA
India,Maharashtra,Thane,"Kasarvadavali, Thane - MPCB","24-08-2026 11:00:00",19.26777,72.97182,CO,27,43,34
India,Maharashtra,Ulhasnagar,"Vithalwadi, Ulhasnagar - MPCB","24-08-2026 11:00:00",19.2307571,73.155192,PM10,21,78,48
India,Maharashtra,Ulhasnagar,"Vithalwadi, Ulhasnagar - MPCB","24-08-2026 11:00:00",19.2307571,73.155192,CO,19,25,22
India,Maharashtra,Virar,"Bolinj, Virar - MPCB","24-08-2026 11:00:00",19.445821,72.7988231,NO2,NA,NA,NA
India,Maharashtra,Virar,"Bolinj, Virar - MPCB","24-08-2026 11:00:00",19.445821,72.7988231,OZONE,1,1,1
India,Meghalaya,Byrnihat,"15th Mile-Nongthymmai, Byrnihat -Meghalaya PCB","24-08-2026 11:00:00",26.079047,91.875185,SO2,2,10,4
India,Meghalaya,Byrnihat,"15th Mile-Nongthymmai, Byrnihat -Meghalaya PCB","24-08-2026 11:00:00",26.079047,91.875185,OZONE,NA,NA,NA
India,Rajasthan,Bhiwadi,"RIICO Ind. Area III, Bhiwadi - RSPCB","24-08-2026 11:00:00",28.194909,76.862296,OZONE,10,27,17
India,Rajasthan,Bikaner,"MM Ground, Bikaner - RSPCB","24-08-2026 11:00:00",28.018792,73.292658,SO2,5,12,8
India,Rajasthan,Bundi,"New Colony, Bundi - RSPCB","24-08-2026 11:00:00",25.435774,75.644272,NO2,16,33,20
India,Telangana,Hyderabad,"Bollaram Industrial Area, Hyderabad - TSPCB","24-08-2026 11:00:00",17.518,78.383,NO2,19,26,22
India,Telangana,Hyderabad,"Bollaram Industrial Area, Hyderabad - TSPCB","24-08-2026 11:00:00",17.518,78.383,OZONE,25,25,25
India,Telangana,Hyderabad,"Zoo Park, Hyderabad - TSPCB","24-08-2026 11:00:00",17.349694,78.451437,NO2,8,9,9
India,Telangana,Hyderabad,"Zoo Park, Hyderabad - TSPCB","24-08-2026 11:00:00",17.349694,78.451437,NH3,2,2,2
India,Telangana,Hyderabad,"Zoo Park, Hyderabad - TSPCB","24-08-2026 11:00:00",17.349694,78.451437,CO,45,70,58
India,Telangana,Hyderabad,"Central University, Hyderabad - TSPCB","24-08-2026 11:00:00",17.460103,78.334361,OZONE,9,12,11
India,Telangana,Hyderabad,"IITH Kandi, Hyderabad - TSPCB","24-08-2026 11:00:00",17.585705,78.126199,NO2,11,18,15
India,Telangana,Hyderabad,"IITH Kandi, Hyderabad - TSPCB","24-08-2026 11:00:00",17.585705,78.126199,CO,21,22,21
India,Telangana,Hyderabad,"Nacharam_TSIIC IALA, Hyderabad - TSPCB","24-08-2026 11:00:00",17.429398,78.569354,PM2.5,31,33,32
India,Telangana,Hyderabad,"New Malakpet, Hyderabad - TSPCB","24-08-2026 11:00:00",17.37206,78.50864,NO2,11,15,13
India,Telangana,Hyderabad,"New Malakpet, Hyderabad - TSPCB","24-08-2026 11:00:00",17.37206,78.50864,OZONE,12,19,14
India,Telangana,Hyderabad,"Kokapet, Hyderabad - TSPCB","24-08-2026 11:00:00",17.393559,78.339194,SO2,5,9,7
India,Telangana,Hyderabad,"ECIL Kapra, Hyderabad - TSPCB","24-08-2026 11:00:00",17.470431,78.566959,PM2.5,39,39,39
India,Telangana,Hyderabad,"ECIL Kapra, Hyderabad - TSPCB","24-08-2026 11:00:00",17.470431,78.566959,NH3,2,3,3
India,Telangana,Hyderabad,"ECIL Kapra, Hyderabad - TSPCB","24-08-2026 11:00:00",17.470431,78.566959,SO2,5,12,7
India,Telangana,Hyderabad,"ECIL Kapra, Hyderabad - TSPCB","24-08-2026 11:00:00",17.470431,78.566959,CO,21,36,27
India,Telangana,Hyderabad,"ECIL Kapra, Hyderabad - TSPCB","24-08-2026 11:00:00",17.470431,78.566959,OZONE,17,19,18
India,Telangana,Hyderabad,"Ramachandrapuram, Hyderabad - TSPCB","24-08-2026 11:00:00",17.528544,78.286195,PM10,51,77,58
India,Telangana,Hyderabad,"Ramachandrapuram, Hyderabad - TSPCB","24-08-2026 11:00:00",17.528544,78.286195,NH3,3,5,3
India,Telangana,Hyderabad,"Kompally Municipal Office, Hyderabad - TSPCB","24-08-2026 11:00:00",17.544899,78.486949,NO2,11,16,13
India,Telangana,Hyderabad,"Somajiguda, Hyderabad - TSPCB","24-08-2026 11:00:00",17.417094,78.457437,NO2,13,21,15
India,Telangana,Hyderabad,"Somajiguda, Hyderabad - TSPCB","24-08-2026 11:00:00",17.417094,78.457437,NH3,3,5,4
India,Telangana,Hyderabad,"Somajiguda, Hyderabad - TSPCB","24-08-2026 11:00:00",17.417094,78.457437,OZONE,17,19,18
India,Rajasthan,Tonk,"Shastri Nagar, Tonk - RSPCB","24-08-2026 11:00:00",26.159933,75.780517,SO2,1,15,3
India,Rajasthan,Udaipur,"Ashok Nagar, Udaipur - RSPCB","24-08-2026 11:00:00",24.5886166,73.6321397,PM2.5,65,118,94
India,Rajasthan,Udaipur,"Ashok Nagar, Udaipur - RSPCB","24-08-2026 11:00:00",24.5886166,73.6321397,NO2,12,77,31
India,Rajasthan,Udaipur,"Ashok Nagar, Udaipur - RSPCB","24-08-2026 11:00:00",24.5886166,73.6321397,SO2,0,3,1
India,"Tamil Nadu",Chennai,"Kodungaiyur, Chennai - TNPCB","24-08-2026 11:00:00",13.1278,80.2642,PM10,12,86,40
India,"Tamil Nadu",Chennai,"Kodungaiyur, Chennai - TNPCB","24-08-2026 11:00:00",13.1278,80.2642,NH3,3,5,4
India,"Tamil Nadu",Chennai,"Arumbakkam, Chennai - TNPCB","24-08-2026 11:00:00",13.0664,80.2112,PM2.5,16,75,34
India,"Tamil Nadu",Chennai,"Arumbakkam, Chennai - TNPCB","24-08-2026 11:00:00",13.0664,80.2112,PM10,18,500,81
India,"Tamil Nadu",Chennai,"Velachery Res. Area, Chennai - CPCB","24-08-2026 11:00:00",13.0052189,80.2398125,PM2.5,54,54,54
India,"Tamil Nadu",Chennai,"Perungudi, Chennai - TNPCB","24-08-2026 11:00:00",12.9533,80.2357,PM10,34,363,153
India,"Tamil Nadu",Chennai,"Perungudi, Chennai - TNPCB","24-08-2026 11:00:00",12.9533,80.2357,SO2,2,8,5
India,"Tamil Nadu",Chennai,"Manali Village, Chennai - TNPCB","24-08-2026 11:00:00",13.1662,80.2584,NH3,1,2,1
India,"Tamil Nadu",Chennai,"Manali Village, Chennai - TNPCB","24-08-2026 11:00:00",13.1662,80.2584,SO2,15,18,17
India,"Tamil Nadu",Chennai,"Manali Village, Chennai - TNPCB","24-08-2026 11:00:00",13.1662,80.2584,CO,41,45,42
India,"Tamil Nadu",Chennai,"Manali, Chennai - CPCB","24-08-2026 11:00:00",13.164544,80.26285,NH3,6,7,7
India,"Tamil Nadu",Chennai,"Manali, Chennai - CPCB","24-08-2026 11:00:00",13.164544,80.26285,SO2,4,10,5
India,"Tamil Nadu",Chennai,"Royapuram, Chennai - TNPCB","24-08-2026 11:00:00",13.1036,80.2909,NO2,12,16,14
India,Rajasthan,Kota,"Dhanmandi, Kota - RSPCB","24-08-2026 11:00:00",25.16409,75.858137,CO,9,20,14
India,Rajasthan,Nagaur,"Karni Colony, Nagaur - RSPCB","24-08-2026 11:00:00",27.213494,73.734444,NO2,4,9,5
India,Rajasthan,Nagaur,"Karni Colony, Nagaur - RSPCB","24-08-2026 11:00:00",27.213494,73.734444,NH3,3,5,4
India,Rajasthan,Nagaur,"Karni Colony, Nagaur - RSPCB","24-08-2026 11:00:00",27.213494,73.734444,OZONE,18,31,24
India,Rajasthan,Pali,"Indira Colony Vistar, Pali - RSPCB","24-08-2026 11:00:00",25.771061,73.340227,NO2,NA,NA,NA
India,Rajasthan,Pratapgarh,"Pragati Nagar, Pratapgarh - RSPCB","24-08-2026 11:00:00",24.041198,74.780702,SO2,1,4,2
India,Rajasthan,Rajsamand,"Dhoinda, Rajsamand - RSPCB","24-08-2026 11:00:00",25.03636,73.883502,PM10,63,97,82
India,Rajasthan,"Sawai Madhopur","Sahu Nagar, Sawai Madhopur - RSPCB","24-08-2026 11:00:00",26.031443,76.359327,PM2.5,13,62,35
India,Rajasthan,"Sawai Madhopur","Sahu Nagar, Sawai Madhopur - RSPCB","24-08-2026 11:00:00",26.031443,76.359327,SO2,4,11,7
India,Rajasthan,Sikar,"Radhakishan Pura, Sikar - RSPCB","24-08-2026 11:00:00",27.608912,75.153302,PM10,NA,NA,NA
India,Rajasthan,Sikar,"Radhakishan Pura, Sikar - RSPCB","24-08-2026 11:00:00",27.608912,75.153302,SO2,2,5,3
India,Rajasthan,Sikar,"Radhakishan Pura, Sikar - RSPCB","24-08-2026 11:00:00",27.608912,75.153302,CO,12,18,14
India,Rajasthan,Sikar,"Radhakishan Pura, Sikar - RSPCB","24-08-2026 11:00:00",27.608912,75.153302,OZONE,21,31,25
India,Rajasthan,Sirohi,"Vedhaynath Colony, Sirohi - RSPCB","24-08-2026 11:00:00",24.885261,72.857549,NO2,5,28,11
India,Rajasthan,Sirohi,"Vedhaynath Colony, Sirohi - RSPCB","24-08-2026 11:00:00",24.885261,72.857549,CO,12,18,15
India,Rajasthan,"Sri Ganganagar","Old City, Sri Ganganagar - RSPCB","24-08-2026 11:00:00",29.931624,73.864511,NO2,16,42,23
India,"Uttar Pradesh",Firozabad,"Vibhab Nagar, Firozabad - UPPCB","24-08-2026 11:00:00",27.1594,78.3953,PM10,NA,NA,NA
India,"Uttar Pradesh",Firozabad,"Vibhab Nagar, Firozabad - UPPCB","24-08-2026 11:00:00",27.1594,78.3953,OZONE,0,1,1
India,"Uttar Pradesh",Gajraula,"Rajanpur, Gajraula - UPPCB","24-08-2026 11:00:00",28.829109,78.248796,SO2,9,12,11
India,"Uttar Pradesh",Ghaziabad,"Ved Vihar-Loni, Ghaziabad - UPPCB","24-08-2026 11:00:00",28.739153,77.273668,PM2.5,26,118,73
India,"Uttar Pradesh",Ghaziabad,"Ved Vihar-Loni, Ghaziabad - UPPCB","24-08-2026 11:00:00",28.739153,77.273668,SO2,6,7,6
India,"Uttar Pradesh",Ghaziabad,"Ved Vihar-Loni, Ghaziabad - UPPCB","24-08-2026 11:00:00",28.739153,77.273668,CO,98,105,102
India,"Uttar Pradesh",Ghaziabad,"Sanjay Nagar, Ghaziabad - UPPCB","24-08-2026 11:00:00",28.685382,77.453839,PM10,12,197,54
India,"Uttar Pradesh",Ghaziabad,"Sanjay Nagar, Ghaziabad - UPPCB","24-08-2026 11:00:00",28.685382,77.453839,NH3,8,10,9
India,"Uttar Pradesh",Baraut,"Nagar Palika Parishad, Baraut - UPPCB","24-08-2026 11:00:00",29.09956,77.26235,OZONE,0,4,1
India,"Uttar Pradesh",Bareilly,"Civil Lines, Bareilly - UPPCB","24-08-2026 11:00:00",28.359581,79.414455,PM2.5,31,42,35
India,"Uttar Pradesh",Bulandshahr,"Yamunapuram, Bulandshahr - UPPCB","24-08-2026 11:00:00",28.406963,77.849831,NO2,12,59,31
India,"Uttar Pradesh","Fatehpur Sikri","Dadupura, Fatehpur Sikri - UPPCB","24-08-2026 11:00:00",27.097694,77.671335,PM2.5,48,55,51
India,"Uttar Pradesh","Fatehpur Sikri","Dadupura, Fatehpur Sikri - UPPCB","24-08-2026 11:00:00",27.097694,77.671335,PM10,57,66,61
India,"Uttar Pradesh","Fatehpur Sikri","Dadupura, Fatehpur Sikri - UPPCB","24-08-2026 11:00:00",27.097694,77.671335,NH3,2,2,2
India,Telangana,Hyderabad,"ICRISAT Patancheru, Hyderabad - TSPCB","24-08-2026 11:00:00",17.5184,78.278777,NH3,1,2,2
India,"Uttar Pradesh",Agra,"Rohta, Agra - UPPCB","24-08-2026 11:00:00",27.106972,78.000111,PM2.5,12,38,27
India,"Uttar Pradesh",Agra,"Rohta, Agra - UPPCB","24-08-2026 11:00:00",27.106972,78.000111,OZONE,15,16,16
India,"Uttar Pradesh",Agra,"Sector-3B Avas Vikas Colony, Agra - UPPCB","24-08-2026 11:00:00",27.19412,77.96237,PM10,31,87,55
India,"Uttar Pradesh",Agra,"Sector-3B Avas Vikas Colony, Agra - UPPCB","24-08-2026 11:00:00",27.19412,77.96237,CO,5,9,7
India,"Uttar Pradesh",Agra,"Shastripuram, Agra - UPPCB","24-08-2026 11:00:00",27.19862,77.92066,PM10,NA,NA,NA
India,"Uttar Pradesh",Agra,"Shastripuram, Agra - UPPCB","24-08-2026 11:00:00",27.19862,77.92066,CO,6,14,10
India,"Uttar Pradesh",Baghpat,"Sardar Patel Inter College, Baghpat - UPPCB","24-08-2026 11:00:00",28.964949,77.278761,NH3,1,4,2
India,"Uttar Pradesh",Baghpat,"Sardar Patel Inter College, Baghpat - UPPCB","24-08-2026 11:00:00",28.964949,77.278761,OZONE,4,42,17
India,"Uttar Pradesh",Baraut,"Nagar Palika Parishad, Baraut - UPPCB","24-08-2026 11:00:00",29.09956,77.26235,PM2.5,45,168,104
India,"Uttar Pradesh",Agra,"Manoharpur, Agra - UPPCB","24-08-2026 11:00:00",27.23711,78.01936,PM2.5,81,152,104
India,"Uttar Pradesh",Agra,"Manoharpur, Agra - UPPCB","24-08-2026 11:00:00",27.23711,78.01936,PM10,62,98,78
India,"Uttar Pradesh",Agra,"Sanjay Palace, Agra - UPPCB","24-08-2026 11:00:00",27.19865833,78.00598056,PM10,26,168,58
India,"Uttar Pradesh",Agra,"Sanjay Palace, Agra - UPPCB","24-08-2026 11:00:00",27.19865833,78.00598056,SO2,7,7,7
India,"Uttar Pradesh",Agra,"Sanjay Palace, Agra - UPPCB","24-08-2026 11:00:00",27.19865833,78.00598056,CO,30,35,32
India,"Tamil Nadu",Cuddalore,"Kudikadu, Cuddalore - TNPCB","24-08-2026 11:00:00",11.6829898,79.7532099,SO2,23,24,23
India,"Uttar Pradesh",Ghaziabad,"Indirapuram, Ghaziabad - UPPCB","24-08-2026 11:00:00",28.646233,77.358075,SO2,12,20,14
India,"Uttar Pradesh",Ghaziabad,"Wave City, Ghaziabad - UPPCB","24-08-2026 11:00:00",28.646675,77.489049,PM2.5,NA,NA,NA
India,"Uttar Pradesh",Ghaziabad,"Loni, Ghaziabad - UPPCB","24-08-2026 11:00:00",28.757294,77.278792,NH3,3,10,6
India,"Uttar Pradesh",Ghaziabad,"Govindpuram, Ghaziabad - UPPCB","24-08-2026 11:00:00",28.694528,77.494705,PM10,16,48,34
India,"Uttar Pradesh","Greater Noida","Knowledge Park - V, Greater Noida - UPPCB","24-08-2026 11:00:00",28.557054,77.453663,OZONE,0,12,8
India,"Uttar Pradesh","Greater Noida","Knowledge Park - III, Greater Noida - UPPCB","24-08-2026 11:00:00",28.47272,77.482,SO2,1,10,6
India,"Uttar Pradesh",Jhansi,"Shivaji Nagar, Jhansi - UPPCB","24-08-2026 11:00:00",25.4547,78.6039,NH3,4,4,4
India,"Uttar Pradesh",Jhansi,"Shivaji Nagar, Jhansi - UPPCB","24-08-2026 11:00:00",25.4547,78.6039,CO,6,10,8
India,"Uttar Pradesh",Kanpur,"FTI Kidwai Nagar, Kanpur - UPPCB","24-08-2026 11:00:00",26.428282,80.327067,PM2.5,14,297,63
India,"Uttar Pradesh",Kanpur,"NSI Kalyanpur, Kanpur - UPPCB","24-08-2026 11:00:00",26.509954,80.249612,PM2.5,26,60,38
India,"Uttar Pradesh",Kanpur,"NSI Kalyanpur, Kanpur - UPPCB","24-08-2026 11:00:00",26.509954,80.249612,NH3,2,2,2
India,"Uttar Pradesh",Kanpur,"NSI Kalyanpur, Kanpur - UPPCB","24-08-2026 11:00:00",26.509954,80.249612,CO,16,17,16
India,"Uttar Pradesh",Kanpur,"NSI Kalyanpur, Kanpur - UPPCB","24-08-2026 11:00:00",26.509954,80.249612,OZONE,20,21,21
India,"West Bengal",Durgapur,"PCBL Residential Complex, Durgapur - WBPCB","24-08-2026 11:00:00",23.508764,87.35444,NO2,62,84,74
India,"West Bengal",Durgapur,"Womens College_City Center, Durgapur - WBPCB","24-08-2026 11:00:00",23.549395,87.300496,PM2.5,1,25,11
India,"West Bengal",Durgapur,"Womens College_City Center, Durgapur - WBPCB","24-08-2026 11:00:00",23.549395,87.300496,PM10,36,104,59
India,"West Bengal",Durgapur,"Womens College_City Center, Durgapur - WBPCB","24-08-2026 11:00:00",23.549395,87.300496,OZONE,17,59,36
India,"West Bengal",Howrah,"Belur Math, Howrah - WBPCB","24-08-2026 11:00:00",22.629801,88.352017,NH3,4,4,4
India,"West Bengal",Howrah,"Belur Math, Howrah - WBPCB","24-08-2026 11:00:00",22.629801,88.352017,SO2,7,9,8
India,"West Bengal",Howrah,"Dasnagar, Howrah - WBPCB","24-08-2026 11:00:00",22.6025571,88.3105664,SO2,7,8,8
India,"West Bengal",Howrah,"Padmapukur, Howrah - WBPCB","24-08-2026 11:00:00",22.5687319,88.2797276,PM2.5,11,18,14
India,"West Bengal",Kolkata,"Bidhannagar, Kolkata - WBPCB","24-08-2026 11:00:00",22.58157048,88.41002457,PM2.5,4,24,13
India,"West Bengal",Kolkata,"Jadavpur, Kolkata - WBPCB","24-08-2026 11:00:00",22.49929,88.36917,PM2.5,24,42,33
India,"West Bengal",Kolkata,"Jadavpur, Kolkata - WBPCB","24-08-2026 11:00:00",22.49929,88.36917,PM10,20,43,33
India,"Uttar Pradesh",Meerut,"Ganga Nagar, Meerut - UPPCB","24-08-2026 11:00:00",28.999264,77.7590354,PM10,22,127,76
India,"Uttar Pradesh",Modinagar,"SRM University, Modinagar - UPPCB","24-08-2026 11:00:00",28.798171,77.540243,NO2,NA,NA,NA
India,"Uttar Pradesh",Modinagar,"SRM University, Modinagar - UPPCB","24-08-2026 11:00:00",28.798171,77.540243,CO,23,26,25
India,"Uttar Pradesh",Moradabad,"Eco Herbal Park, Moradabad - UPPCB","24-08-2026 11:00:00",28.840739,78.697531,SO2,1,19,12
India,"Uttar Pradesh",Moradabad,"Eco Herbal Park, Moradabad - UPPCB","24-08-2026 11:00:00",28.840739,78.697531,CO,21,30,25
India,"Uttar Pradesh",Moradabad,"Buddhi Vihar, Moradabad - UPPCB","24-08-2026 11:00:00",28.83526,78.7446,OZONE,22,31,26
India,"Uttar Pradesh",Moradabad,"Jigar Colony, Moradabad - UPPCB","24-08-2026 11:00:00",28.856664,78.772638,PM10,29,73,46
India,"Uttar Pradesh",Moradabad,"Jigar Colony, Moradabad - UPPCB","24-08-2026 11:00:00",28.856664,78.772638,NO2,25,25,25
India,"Uttar Pradesh",Moradabad,"Jigar Colony, Moradabad - UPPCB","24-08-2026 11:00:00",28.856664,78.772638,NH3,6,6,6
India,"Uttar Pradesh",Moradabad,"Transport Nagar, Moradabad - UPPCB","24-08-2026 11:00:00",28.802625,78.753728,PM10,41,109,69
India,"Uttar Pradesh",Moradabad,"Transport Nagar, Moradabad - UPPCB","24-08-2026 11:00:00",28.802625,78.753728,CO,35,41,39
India,"Uttar Pradesh",Lucknow,"B R Ambedkar University, Lucknow - UPPCB","24-08-2026 11:00:00",26.766433,80.927299,OZONE,78,78,78
India,"Uttar Pradesh",Lucknow,"Lalbagh, Lucknow - CPCB","24-08-2026 11:00:00",26.8458805,80.9365541,NO2,18,24,19
India,"Uttar Pradesh",Lucknow,"Kukrail Picnic Spot-1, Lucknow - UPPCB","24-08-2026 11:00:00",26.90723,80.98579,PM2.5,7,41,25
India,"Uttar Pradesh",Lucknow,"Kukrail Picnic Spot-1, Lucknow - UPPCB","24-08-2026 11:00:00",26.90723,80.98579,PM10,22,47,34
India,"Uttar Pradesh",Lucknow,"Kukrail Picnic Spot-1, Lucknow - UPPCB","24-08-2026 11:00:00",26.90723,80.98579,CO,14,15,14
India,"Uttar Pradesh",Mathura,"Pali Dungra, Mathura - UPPCB","24-08-2026 11:00:00",27.410954,77.550619,PM10,21,86,60
India,"Uttar Pradesh",Mathura,"Pali Dungra, Mathura - UPPCB","24-08-2026 11:00:00",27.410954,77.550619,NO2,3,7,4
India,"Uttar Pradesh",Meerut,"Jai Bhim Nagar, Meerut - UPPCB","24-08-2026 11:00:00",28.9535882,77.7622941,PM10,20,128,70
India,"Uttar Pradesh",Meerut,"Jai Bhim Nagar, Meerut - UPPCB","24-08-2026 11:00:00",28.9535882,77.7622941,CO,17,19,18
India,"Uttar Pradesh",Raebareli," Indira Nagar, Raebareli - NTPC Unchahar","24-08-2026 11:00:00",26.207781,81.245571,SO2,NA,NA,NA
India,"Uttar Pradesh",Shamli,"New Tehsil, Shamli - UPPCB","24-08-2026 11:00:00",29.4603683,77.3410291,CO,22,110,64
India,"Uttar Pradesh",Shamli,"New Tehsil, Shamli - UPPCB","24-08-2026 11:00:00",29.4603683,77.3410291,OZONE,17,18,17
India,"Uttar Pradesh",Varanasi,"Bhelupur, Varanasi - UPPCB","24-08-2026 11:00:00",25.301778,82.996789,OZONE,6,10,8
India,"Uttar Pradesh",Varanasi,"Maldahiya, Varanasi - UPPCB","24-08-2026 11:00:00",25.32393,82.99687,NH3,0,0,0
India,"Uttar Pradesh",Varanasi,"Maldahiya, Varanasi - UPPCB","24-08-2026 11:00:00",25.32393,82.99687,CO,15,18,16
India,"Uttar Pradesh",Varanasi,"Ardhali Bazar, Varanasi - UPPCB","24-08-2026 11:00:00",25.3505986,82.9083074,NH3,NA,NA,NA
India,"Uttar Pradesh",Varanasi,"Ardhali Bazar, Varanasi - UPPCB","24-08-2026 11:00:00",25.3505986,82.9083074,SO2,5,7,6
India,"Uttar Pradesh",Varanasi,"Ardhali Bazar, Varanasi - UPPCB","24-08-2026 11:00:00",25.3505986,82.9083074,OZONE,6,20,14
India,"Uttar Pradesh",Varanasi,"IESD Banaras Hindu University, Varanasi - UPPCB","24-08-2026 11:00:00",25.262326,82.995408,NO2,2,2,2
India,"Uttar Pradesh",Varanasi,"IESD Banaras Hindu University, Varanasi - UPPCB","24-08-2026 11:00:00",25.262326,82.995408,CO,2,3,3
India,"Uttar Pradesh",Vrindavan,"Omex Eternity, Vrindavan - UPPCB","24-08-2026 11:00:00",27.571409,77.655757,CO,3,5,4
India,"West Bengal",Asansol,"Asansol Court Area, Asansol - WBPCB","24-08-2026 11:00:00",23.685297,86.945968,SO2,10,13,12
India,"West Bengal",Asansol,"Asansol Court Area, Asansol - WBPCB","24-08-2026 11:00:00",23.685297,86.945968,CO,30,42,35
India,"West Bengal",Asansol,"Mahabir Colliery, Asansol - WBPCB","24-08-2026 11:00:00",23.618183,87.105718,NH3,0,0,0
India,"West Bengal",Barrackpore,"SVSPA Campus, Barrackpore - WBPCB","24-08-2026 11:00:00",22.7605581,88.3617589,NO2,6,106,19
India,"Uttar Pradesh",Moradabad,"Kashiram Nagar, Moradabad - UPPCB","24-08-2026 11:00:00",28.849399,78.742362,SO2,32,85,48
India,"Uttar Pradesh",Moradabad,"Employment Office, Moradabad - UPPCB","24-08-2026 11:00:00",28.88528,78.7388,NO2,23,24,23
India,"Uttar Pradesh",Moradabad,"Employment Office, Moradabad - UPPCB","24-08-2026 11:00:00",28.88528,78.7388,OZONE,0,205,43
India,"Uttar Pradesh",Noida,"Sector - 125, Noida - UPPCB","24-08-2026 11:00:00",28.5447608,77.3231257,NH3,8,11,9
India,"Uttar Pradesh",Noida,"Sector - 62, Noida - IITM","24-08-2026 11:00:00",28.6245479,77.3577104,NO2,6,66,28
India,"Uttar Pradesh",Noida,"Sector-1, Noida - UPPCB","24-08-2026 11:00:00",28.5898,77.3101,PM2.5,6,160,61
India,"Uttar Pradesh",Prayagraj,"Nagar Nigam, Prayagraj - UPPCB","24-08-2026 11:00:00",25.44919916,81.82735986,PM2.5,5,33,14
India,"West Bengal",Kolkata,"Rabindra Bharati University, Kolkata - WBPCB","24-08-2026 11:00:00",22.627847,88.380669,PM10,13,35,20
India,"West Bengal",Kolkata,"Rabindra Bharati University, Kolkata - WBPCB","24-08-2026 11:00:00",22.627847,88.380669,NH3,4,9,6
India,"West Bengal",Kolkata,"Fort William, Kolkata - WBPCB","24-08-2026 11:00:00",22.55664,88.342674,PM10,17,33,26
India,"West Bengal",Kolkata,"Ballygunge, Kolkata - WBPCB","24-08-2026 11:00:00",22.5367507,88.3638022,NO2,18,37,22
India,"West Bengal",Kolkata,"Ballygunge, Kolkata - WBPCB","24-08-2026 11:00:00",22.5367507,88.3638022,NH3,7,8,7
India,"West Bengal",Kolkata,"Ballygunge, Kolkata - WBPCB","24-08-2026 11:00:00",22.5367507,88.3638022,CO,14,18,16
India,"Uttar Pradesh",Khora,"Prashant Garden, Khora - UPPCB","24-08-2026 11:00:00",28.61119,77.34206,PM10,70,145,105
India,"Uttar Pradesh",Khora,"Prashant Garden, Khora - UPPCB","24-08-2026 11:00:00",28.61119,77.34206,NO2,16,25,21
India,"Uttar Pradesh",Lucknow,"Gomti Nagar, Lucknow - UPPCB","24-08-2026 11:00:00",26.86812,81.005119,NH3,NA,NA,NA
India,Bihar,Patna,"Samanpura, Patna - BSPCB","24-08-2026 11:00:00",25.596727,85.085624,SO2,3,3,3
India,Bihar,Purnia,"Mariam Nagar, Purnia - BSPCB","24-08-2026 11:00:00",25.366336,87.117468,PM10,10,37,22
India,Bihar,Saharsa,"Police Line, Saharsa - BSPCB","24-08-2026 11:00:00",25.892357,86.590325,PM10,3,205,74
India,Bihar,Saharsa,"Police Line, Saharsa - BSPCB","24-08-2026 11:00:00",25.892357,86.590325,SO2,16,18,17
India,Bihar,Samastipur,"DM Office_Kasipur, Samastipur - BSPCB","24-08-2026 11:00:00",25.859655,85.77944,PM10,7,291,58
India,Bihar,Samastipur,"DM Office_Kasipur, Samastipur - BSPCB","24-08-2026 11:00:00",25.859655,85.77944,SO2,11,13,12
India,Bihar,Sasaram,"Dada Peer, Sasaram - BSPCB","24-08-2026 11:00:00",24.952822,84.002396,PM2.5,4,500,88
India,Bihar,Sasaram,"Dada Peer, Sasaram - BSPCB","24-08-2026 11:00:00",24.952822,84.002396,PM10,4,152,44
India,Bihar,Sasaram,"Dada Peer, Sasaram - BSPCB","24-08-2026 11:00:00",24.952822,84.002396,OZONE,16,26,19
India,Bihar,Siwan,"Chitragupta Nagar, Siwan - BSPCB","24-08-2026 11:00:00",26.2271665,84.3570427,PM2.5,73,83,77
India,Bihar,Siwan,"Chitragupta Nagar, Siwan - BSPCB","24-08-2026 11:00:00",26.2271665,84.3570427,NH3,1,1,1
India,Bihar,Siwan,"Chitragupta Nagar, Siwan - BSPCB","24-08-2026 11:00:00",26.2271665,84.3570427,OZONE,6,7,7
India,Chandigarh,Chandigarh,"Sector 22, Chandigarh - CPCC","24-08-2026 11:00:00",30.735567,76.775714,NO2,5,13,8
India,Chandigarh,Chandigarh,"Sector 22, Chandigarh - CPCC","24-08-2026 11:00:00",30.735567,76.775714,SO2,3,6,5
India,Chandigarh,Chandigarh,"Sector 22, Chandigarh - CPCC","24-08-2026 11:00:00",30.735567,76.775714,OZONE,3,18,7
India,Chandigarh,Chandigarh,"Sector-25, Chandigarh - CPCC","24-08-2026 11:00:00",30.751462,76.762879,NO2,4,23,12
India,Chandigarh,Chandigarh,"Sector-25, Chandigarh - CPCC","24-08-2026 11:00:00",30.751462,76.762879,OZONE,19,25,21
India,Chandigarh,Chandigarh,"Sector-53, Chandigarh - CPCC","24-08-2026 11:00:00",30.719859,76.738637,PM10,10,50,22
India,Assam,Nalbari,"Bata Chowk, Nalbari - PCBA","24-08-2026 11:00:00",26.446912,91.439057,NO2,NA,NA,NA
India,Assam,Nalbari,"Bata Chowk, Nalbari - PCBA","24-08-2026 11:00:00",26.446912,91.439057,SO2,NA,NA,NA
India,Assam,Nalbari,"Bata Chowk, Nalbari - PCBA","24-08-2026 11:00:00",26.446912,91.439057,CO,21,22,22
India,Assam,Silchar,"Tarapur, Silchar - PCBA","24-08-2026 11:00:00",24.82827,92.79525,NO2,18,20,20
India,Bihar,Araria,"Kharahiya Basti, Araria - BSPCB","24-08-2026 11:00:00",26.146529,87.454184,OZONE,37,39,38
India,Bihar,Arrah,"New DM Office, Arrah - BSPCB","24-08-2026 11:00:00",25.5626095,84.663264,NH3,2,2,2
India,Bihar,Begusarai,"Lohiyanagar, Begusarai - BSPCB","24-08-2026 11:00:00",25.42742023,86.13886079,NH3,15,17,16
India,Bihar,Begusarai,"Lohiyanagar, Begusarai - BSPCB","24-08-2026 11:00:00",25.42742023,86.13886079,CO,8,27,18
India,Bihar,Bettiah,"Kamalnath Nagar, Bettiah - BSPCB","24-08-2026 11:00:00",26.80365,84.51954,PM10,19,23,21
India,Bihar,Bettiah,"Kamalnath Nagar, Bettiah - BSPCB","24-08-2026 11:00:00",26.80365,84.51954,NO2,NA,NA,NA
India,Bihar,Bhagalpur,"Mayaganj, Bhagalpur - BSPCB","24-08-2026 11:00:00",25.265194,87.012947,PM10,21,466,142
India,"Andhra Pradesh",Visakhapatnam,"GVM Corporation, Visakhapatnam - APPCB","24-08-2026 11:00:00",17.72,83.3,SO2,9,32,17
India,"Arunachal Pradesh",Naharlagun,"Naharlagun, Naharlagun - APSPCB","24-08-2026 11:00:00",27.103358,93.679645,OZONE,7,7,7
India,Assam,Byrnihat,"Central Academy for SFS, Byrnihat - PCBA","24-08-2026 11:00:00",26.071318,91.87488,OZONE,18,21,19
India,Assam,Guwahati,"Pan Bazaar, Guwahati - PCBA","24-08-2026 11:00:00",26.1875,91.744194,SO2,28,30,29
India,Assam,Guwahati,"LGBI Airport, Guwahati - PCBA","24-08-2026 11:00:00",26.10887,91.589544,NO2,14,206,22
India,Assam,Guwahati,"LGBI Airport, Guwahati - PCBA","24-08-2026 11:00:00",26.10887,91.589544,CO,24,38,31
India,Assam,Guwahati,"Railway Colony, Guwahati - PCBA","24-08-2026 11:00:00",26.181742,91.78063,NO2,3,4,3
India,Assam,Guwahati,"Railway Colony, Guwahati - PCBA","24-08-2026 11:00:00",26.181742,91.78063,CO,11,16,14
India,Assam,Nagaon,"Christianpatty, Nagaon - PCBA","24-08-2026 11:00:00",26.349082,92.68449,NO2,1,1,1
India,Assam,Nagaon,"Christianpatty, Nagaon - PCBA","24-08-2026 11:00:00",26.349082,92.68449,NH3,4,4,4
India,Bihar,Gaya,"Kareemganj, Gaya - BSPCB","24-08-2026 11:00:00",24.792403,84.992416,SO2,29,44,37
India,Bihar,Katihar,"Mirchaibari, Katihar - BSPCB","24-08-2026 11:00:00",25.560083,87.553265,NH3,1,1,1
India,Bihar,Katihar,"Mirchaibari, Katihar - BSPCB","24-08-2026 11:00:00",25.560083,87.553265,CO,56,78,67
India,Bihar,Kishanganj,"SDM Office_Khagra, Kishanganj - BSPCB","24-08-2026 11:00:00",26.0881305,87.93840336,PM10,34,48,41
India,Bihar,Kishanganj,"SDM Office_Khagra, Kishanganj - BSPCB","24-08-2026 11:00:00",26.0881305,87.93840336,SO2,7,10,8
India,Bihar,Kishanganj,"SDM Office_Khagra, Kishanganj - BSPCB","24-08-2026 11:00:00",26.0881305,87.93840336,CO,44,53,47
India,Bihar,Manguraha,"Forest Rest House, Manguraha - BSPCB","24-08-2026 11:00:00",27.308328,84.531742,PM2.5,NA,NA,NA
India,Bihar,Manguraha,"Forest Rest House, Manguraha - BSPCB","24-08-2026 11:00:00",27.308328,84.531742,NH3,0,1,1
India,Bihar,Motihari,"Gandak Colony, Motihari - BSPCB","24-08-2026 11:00:00",26.63086,84.90051,PM10,NA,NA,NA
India,Bihar,Motihari,"Gandak Colony, Motihari - BSPCB","24-08-2026 11:00:00",26.63086,84.90051,NO2,NA,NA,NA
India,"Andhra Pradesh",Chittoor,"Gangineni Cheruvu, Chittoor - APPCB","24-08-2026 11:00:00",13.20488,79.097889,CO,22,24,23
India,"Andhra Pradesh",Eluru,"District Court, Eluru - APPCB","24-08-2026 11:00:00",16.711754,81.092095,PM10,42,55,46
India,"Andhra Pradesh",Guntur,"Rajendra Nagar North, Guntur - APPCB","24-08-2026 11:00:00",16.316553,80.413302,PM2.5,46,66,53
India,"Andhra Pradesh",Kadapa,"Yerramukkapalli, Kadapa - APPCB","24-08-2026 11:00:00",14.465052,78.824187,NO2,23,23,23
India,"Andhra Pradesh",Nellore,"Ambedkar Nagar, Nellore - APPCB ","24-08-2026 11:00:00",14.438164,79.966814,PM10,47,61,53
India,"Andhra Pradesh",Rajamahendravaram,"Anand Kala Kshetram, Rajamahendravaram - APPCB","24-08-2026 11:00:00",16.9872867,81.7363176,NH3,2,2,2
India,Bihar,Motihari,"Gandak Colony, Motihari - BSPCB","24-08-2026 11:00:00",26.63086,84.90051,SO2,NA,NA,NA
India,Bihar,Motihari,"Gandak Colony, Motihari - BSPCB","24-08-2026 11:00:00",26.63086,84.90051,CO,12,14,13
India,Bihar,Muzaffarpur,"Buddha Colony, Muzaffarpur - BSPCB","24-08-2026 11:00:00",26.11442,85.39813,NO2,8,22,13
India,Bihar,Muzaffarpur,"Buddha Colony, Muzaffarpur - BSPCB","24-08-2026 11:00:00",26.11442,85.39813,NH3,6,9,8
India,Bihar,Patna,"Govt. High School Shikarpur, Patna - BSPCB","24-08-2026 11:00:00",25.592539,85.227158,PM10,33,80,52
India,Bihar,Patna,"Muradpur, Patna - BSPCB","24-08-2026 11:00:00",25.619651,85.147382,PM10,50,80,63
India,Bihar,Patna,"Muradpur, Patna - BSPCB","24-08-2026 11:00:00",25.619651,85.147382,NO2,5,6,5
India,Bihar,Patna,"Muradpur, Patna - BSPCB","24-08-2026 11:00:00",25.619651,85.147382,NH3,4,5,5
India,Bihar,Patna,"Muradpur, Patna - BSPCB","24-08-2026 11:00:00",25.619651,85.147382,SO2,8,9,9
India,"Andhra Pradesh",Vijayawada,"Rajiv Nagar, Vijayawada - APPCB","24-08-2026 11:00:00",16.554731,80.64911,PM2.5,43,65,48
India,"Andhra Pradesh",Vijayawada,"Rajiv Gandhi Park, Vijayawada - APPCB","24-08-2026 11:00:00",16.509717,80.612222,PM10,35,75,49
India,"Andhra Pradesh",Vijayawada,"Rajiv Gandhi Park, Vijayawada - APPCB","24-08-2026 11:00:00",16.509717,80.612222,NO2,27,31,29
India,"Andhra Pradesh",Vijayawada,"Rajiv Gandhi Park, Vijayawada - APPCB","24-08-2026 11:00:00",16.509717,80.612222,CO,28,33,30
India,Bihar,Bhagalpur,"DM Office_Kachari Chowk, Bhagalpur - BSPCB","24-08-2026 11:00:00",25.251013,86.989001,NO2,9,14,12
India,Bihar,Bhagalpur,"DM Office_Kachari Chowk, Bhagalpur - BSPCB","24-08-2026 11:00:00",25.251013,86.989001,SO2,15,26,22
India,Bihar,Chhapra,"Darshan Nagar, Chhapra - BSPCB","24-08-2026 11:00:00",25.7808257,84.7446768,NO2,0,1,1
India,"Andhra Pradesh",Anantapur,"Gulzarpet, Anantapur - APPCB","24-08-2026 11:00:00",14.675886,77.593027,PM2.5,48,297,67
India,"Andhra Pradesh",Anantapur,"Gulzarpet, Anantapur - APPCB","24-08-2026 11:00:00",14.675886,77.593027,PM10,51,170,66
India,"Andhra Pradesh",Anantapur,"Gulzarpet, Anantapur - APPCB","24-08-2026 11:00:00",14.675886,77.593027,NH3,4,5,4
India,"Andhra Pradesh",Anantapur,"Gulzarpet, Anantapur - APPCB","24-08-2026 11:00:00",14.675886,77.593027,CO,20,28,23
India,"Andhra Pradesh",Tirumala,"Toll Gate, Tirumala - APPCB","24-08-2026 11:00:00",13.67,79.35,PM2.5,13,33,22
India,"Andhra Pradesh",Tirumala,"Toll Gate, Tirumala - APPCB","24-08-2026 11:00:00",13.67,79.35,NH3,2,3,2
India,Delhi,Delhi,"Commonwealth Sports Complex, Delhi - DPCC","24-08-2026 11:00:00",28.615828,77.271992,PM10,38,111,91
India,Delhi,Delhi,"Commonwealth Sports Complex, Delhi - DPCC","24-08-2026 11:00:00",28.615828,77.271992,NO2,13,60,33
India,Delhi,Delhi,"Talkatora Garden, Delhi - DPCC","24-08-2026 11:00:00",28.62181,77.1944633,PM2.5,40,99,63
India,Delhi,Delhi,"NSIT Dwarka, Delhi - CPCB","24-08-2026 11:00:00",28.60909,77.0325413,PM2.5,24,62,35
India,Delhi,Delhi,"NSIT Dwarka, Delhi - CPCB","24-08-2026 11:00:00",28.60909,77.0325413,PM10,41,103,76
India,Delhi,Delhi,"NSIT Dwarka, Delhi - CPCB","24-08-2026 11:00:00",28.60909,77.0325413,NH3,4,33,11
India,Delhi,Delhi,"NSIT Dwarka, Delhi - CPCB","24-08-2026 11:00:00",28.60909,77.0325413,OZONE,12,62,36
India,Delhi,Delhi,"Aya Nagar, Delhi - IITM","24-08-2026 11:00:00",28.4706914,77.1099364,CO,32,38,36
India,Delhi,Delhi,"CRRI Mathura Road, Delhi - IITM","24-08-2026 11:00:00",28.5512005,77.2735737,PM2.5,19,96,64
India,Delhi,Delhi,"Burari Crossing, Delhi - IITM","24-08-2026 11:00:00",28.7256504,77.2011573,PM10,54,133,92
India,Delhi,Delhi,"Burari Crossing, Delhi - IITM","24-08-2026 11:00:00",28.7256504,77.2011573,NH3,NA,NA,NA
India,Delhi,Delhi,"IMD Lodhi Road, Delhi - IITM","24-08-2026 11:00:00",28.5918245,77.2273074,OZONE,6,32,13
India,Delhi,Delhi,"Alipur, Delhi - DPCC","24-08-2026 11:00:00",28.815329,77.15301,NO2,32,67,50
India,Delhi,Delhi,"North Campus, DU, Delhi - IITM","24-08-2026 11:00:00",28.6573814,77.1585447,NO2,51,196,102
India,Delhi,Delhi,"Pusa, Delhi - IITM","24-08-2026 11:00:00",28.63611,77.173332,PM10,35,125,88
India,Delhi,Delhi,"Pusa, Delhi - IITM","24-08-2026 11:00:00",28.63611,77.173332,NO2,5,118,39
India,Delhi,Delhi,"DTU, Delhi - CPCB","24-08-2026 11:00:00",28.7500499,77.1112615,PM10,40,100,70
India,Delhi,Delhi,"Dwarka-Sector 8, Delhi - DPCC ","24-08-2026 11:00:00",28.5710274,77.0719006,OZONE,2,7,5
India,Delhi,Delhi,"Dr. Karni Singh Shooting Range, Delhi - DPCC","24-08-2026 11:00:00",28.498571,77.26484,SO2,4,9,7
India,Delhi,Delhi,"Dr. Karni Singh Shooting Range, Delhi - DPCC","24-08-2026 11:00:00",28.498571,77.26484,OZONE,5,14,8
India,Delhi,Delhi,"IIT Delhi, Delhi - IITM","24-08-2026 11:00:00",28.54246,77.191651,NH3,NA,NA,NA
India,Delhi,Delhi,"IGI Airport (T3), Delhi - IITM","24-08-2026 11:00:00",28.5627763,77.1180053,PM2.5,26,97,61
India,Delhi,Delhi,"IGI Airport (T3), Delhi - IITM","24-08-2026 11:00:00",28.5627763,77.1180053,CO,41,71,58
India,Delhi,Delhi,"IGNOU_Maidan Garhi, Delhi - DPCC","24-08-2026 11:00:00",28.493624,77.201159,PM2.5,2,43,23
India,Delhi,Delhi,"IGNOU_Maidan Garhi, Delhi - DPCC","24-08-2026 11:00:00",28.493624,77.201159,NO2,4,12,7
India,Delhi,Delhi,"Anand Vihar, Delhi - DPCC","24-08-2026 11:00:00",28.647622,77.315809,CO,113,127,121
India,Delhi,Delhi,"Shadipur, Delhi - CPCB","24-08-2026 11:00:00",28.6514781,77.1473105,PM10,29,111,71
India,Delhi,Delhi,"Shadipur, Delhi - CPCB","24-08-2026 11:00:00",28.6514781,77.1473105,NH3,5,10,7
India,Delhi,Delhi,"Mandir Marg, Delhi - DPCC","24-08-2026 11:00:00",28.636429,77.201067,NH3,8,9,8
India,Delhi,Delhi,"Pusa, Delhi - DPCC","24-08-2026 11:00:00",28.639652,77.146275,NO2,29,59,39
India,Delhi,Delhi,"Pusa, Delhi - DPCC","24-08-2026 11:00:00",28.639652,77.146275,OZONE,1,2,2
India,Delhi,Delhi,"Sirifort, Delhi - CPCB","24-08-2026 11:00:00",28.5504249,77.2159377,SO2,15,44,28
India,Delhi,Delhi,"Chandni Chowk, Delhi - IITM","24-08-2026 11:00:00",28.656756,77.227234,NO2,8,42,24
India,Chhattisgarh,Kunjemura,"OP Jindal School, Kunjemura - CECB","24-08-2026 11:00:00",22.12665,83.483212,OZONE,4,6,5
India,Chhattisgarh,Raipur,"Krishak Nagar, Raipur - CECB","24-08-2026 11:00:00",21.237755,81.705301,CO,10,14,12
India,Chhattisgarh,Raipur,"Bhatagaon New ISBT, Raipur - CECB","24-08-2026 11:00:00",21.219665,81.630094,PM2.5,9,29,14
India,Chhattisgarh,Raipur,"Bhatagaon New ISBT, Raipur - CECB","24-08-2026 11:00:00",21.219665,81.630094,NO2,7,25,15
India,Chhattisgarh,Raipur,"Bhatagaon New ISBT, Raipur - CECB","24-08-2026 11:00:00",21.219665,81.630094,NH3,2,2,2
India,Chhattisgarh,Raipur,"Siltara Phase-II, Raipur - CECB","24-08-2026 11:00:00",21.371751,81.664929,PM10,11,154,62
India,Delhi,Delhi,"Cantonment Area, Delhi - DPCC","24-08-2026 11:00:00",28.594169,77.1251,OZONE,2,4,3
India,Delhi,Delhi,"Sonia Vihar, Delhi - DPCC","24-08-2026 11:00:00",28.710508,77.249485,PM2.5,27,170,67
India,Delhi,Delhi,"Bawana, Delhi - DPCC","24-08-2026 11:00:00",28.7762,77.051074,PM10,80,161,108
India,Delhi,Delhi,"Vivek Vihar, Delhi - DPCC","24-08-2026 11:00:00",28.672342,77.31526,PM2.5,12,277,83
India,Delhi,Delhi,"Vivek Vihar, Delhi - DPCC","24-08-2026 11:00:00",28.672342,77.31526,NH3,5,7,6
India,Delhi,Delhi,"Vivek Vihar, Delhi - DPCC","24-08-2026 11:00:00",28.672342,77.31526,SO2,5,9,7
India,Delhi,Delhi,"Vivek Vihar, Delhi - DPCC","24-08-2026 11:00:00",28.672342,77.31526,CO,52,83,68
India,Delhi,Delhi,"Mundka, Delhi - DPCC","24-08-2026 11:00:00",28.684678,77.076574,NO2,57,78,66
India,Delhi,Delhi,"Mundka, Delhi - DPCC","24-08-2026 11:00:00",28.684678,77.076574,NH3,6,11,9
India,Delhi,Delhi,"Punjabi Bagh, Delhi - DPCC","24-08-2026 11:00:00",28.674045,77.131023,PM10,53,177,128
India,Delhi,Delhi,"Punjabi Bagh, Delhi - DPCC","24-08-2026 11:00:00",28.674045,77.131023,NO2,12,40,26
India,Delhi,Delhi,"Punjabi Bagh, Delhi - DPCC","24-08-2026 11:00:00",28.674045,77.131023,CO,37,55,49
India,Delhi,Delhi,"Punjabi Bagh, Delhi - DPCC","24-08-2026 11:00:00",28.674045,77.131023,OZONE,3,21,6
India,Delhi,Delhi,"Ashok Vihar, Delhi - DPCC","24-08-2026 11:00:00",28.695381,77.181665,PM10,48,146,106
India,Delhi,Delhi,"Nehru Nagar, Delhi - DPCC","24-08-2026 11:00:00",28.56789,77.250515,NH3,5,9,7
India,Delhi,Delhi,"Patparganj, Delhi - DPCC","24-08-2026 11:00:00",28.623763,77.287209,PM10,NA,NA,NA
India,Delhi,Delhi,"Patparganj, Delhi - DPCC","24-08-2026 11:00:00",28.623763,77.287209,NH3,NA,NA,NA
India,Delhi,Delhi,"Patparganj, Delhi - DPCC","24-08-2026 11:00:00",28.623763,77.287209,SO2,NA,NA,NA
India,Delhi,Delhi,"Jawaharlal Nehru Stadium, Delhi - DPCC","24-08-2026 11:00:00",28.58028,77.233829,PM10,19,148,100
India,Delhi,Delhi,"NSUT Jaffarpur, Delhi - DPCC","24-08-2026 11:00:00",28.594004,76.909423,SO2,0,3,1
India,Chhattisgarh,Bhilai,"32Bungalows, Bhilai - CECB","24-08-2026 11:00:00",21.194815,81.31477,CO,10,16,13
India,Chhattisgarh,Korba,"Urja Nagar, Korba - CECB","24-08-2026 11:00:00",22.348441,82.549611,PM10,7,45,21
India,Chhattisgarh,Kunjemura,"OP Jindal School, Kunjemura - CECB","24-08-2026 11:00:00",22.12665,83.483212,PM2.5,2,44,18
India,Delhi,Delhi,"ITO, Delhi - CPCB","24-08-2026 11:00:00",28.628624,77.24106,NO2,34,96,60
India,Delhi,Delhi,"ITO, Delhi - CPCB","24-08-2026 11:00:00",28.628624,77.24106,NH3,2,6,4
India,Delhi,Delhi,"Narela, Delhi - DPCC","24-08-2026 11:00:00",28.822836,77.101981,CO,23,48,33
India,Gujarat,Ahmedabad,"SVPI Airport Hansol, Ahmedabad - IITM","24-08-2026 11:00:00",23.076793,72.627874,NO2,11,41,22
India,Gujarat,Ahmedabad,"SVPI Airport Hansol, Ahmedabad - IITM","24-08-2026 11:00:00",23.076793,72.627874,CO,4,9,6
India,Gujarat,Ahmedabad,"Rakhial, Ahmedabad - IITM","24-08-2026 11:00:00",23.016834,72.625775,NO2,11,16,12
India,Gujarat,Ahmedabad,"Rakhial, Ahmedabad - IITM","24-08-2026 11:00:00",23.016834,72.625775,NH3,NA,NA,NA
India,Gujarat,Ahmedabad,"Maninagar, Ahmedabad - GPCB","24-08-2026 11:00:00",23.002657,72.591912,PM10,64,110,90
India,Gujarat,Ahmedabad,"Maninagar, Ahmedabad - GPCB","24-08-2026 11:00:00",23.002657,72.591912,CO,2,34,13
India,Gujarat,Ahmedabad,"Chandkheda, Ahmedabad - IITM","24-08-2026 11:00:00",23.107969,72.574648,SO2,4,9,7
India,Gujarat,Ahmedabad,"SAC ISRO Bopal, Ahmedabad - IITM","24-08-2026 11:00:00",23.041137,72.456691,PM10,43,76,56
India,Gujarat,Ahmedabad,"SAC ISRO Satellite, Ahmedabad - IITM","24-08-2026 11:00:00",23.023389,72.515201,SO2,1,2,1
India,Gujarat,Ahmedabad,"SAC ISRO Satellite, Ahmedabad - IITM","24-08-2026 11:00:00",23.023389,72.515201,CO,1,9,4
India,Gujarat,Ahmedabad,"Gyaspur, Ahmedabad - IITM","24-08-2026 11:00:00",22.977134,72.553024,PM10,88,130,109
India,Gujarat,Ahmedabad,"Raikhad, Ahmedabad - IITM","24-08-2026 11:00:00",23.020509,72.579261,NO2,4,15,7
India,Gujarat,Ahmedabad,"Raikhad, Ahmedabad - IITM","24-08-2026 11:00:00",23.020509,72.579261,NH3,1,1,1
India,Gujarat,Ahmedabad,"Raikhad, Ahmedabad - IITM","24-08-2026 11:00:00",23.020509,72.579261,CO,22,67,47
India,Gujarat,Ankleshwar,"GIDC, Ankleshwar - GPCB","24-08-2026 11:00:00",21.613267,73.010555,PM2.5,21,59,37
India,Gujarat,Ankleshwar,"GIDC, Ankleshwar - GPCB","24-08-2026 11:00:00",21.613267,73.010555,PM10,NA,NA,NA
India,Haryana,Dharuhera,"Municipal Corporation Office, Dharuhera -  HSPCB","24-08-2026 11:00:00",28.2068,76.7997,PM2.5,33,394,98
India,Haryana,Dharuhera,"Municipal Corporation Office, Dharuhera -  HSPCB","24-08-2026 11:00:00",28.2068,76.7997,NH3,8,15,10
India,Haryana,Faridabad,"New Industrial Town, Faridabad - HSPCB","24-08-2026 11:00:00",28.39072,77.30059,PM2.5,57,91,70
India,Haryana,Faridabad,"New Industrial Town, Faridabad - HSPCB","24-08-2026 11:00:00",28.39072,77.30059,NO2,23,26,25
India,Haryana,Faridabad,"Sector 11, Faridabad - HSPCB","24-08-2026 11:00:00",28.376058,77.315741,NO2,30,33,31
India,Haryana,Faridabad,"Sector 11, Faridabad - HSPCB","24-08-2026 11:00:00",28.376058,77.315741,OZONE,16,16,16
India,Haryana,Faridabad,"Sector 30, Faridabad - HSPCB","24-08-2026 11:00:00",28.4417,77.3217,NO2,36,39,38
India,Haryana,Faridabad,"Sector 30, Faridabad - HSPCB","24-08-2026 11:00:00",28.4417,77.3217,NH3,11,12,11
India,Haryana,Fatehabad,"Huda Sector, Fatehabad - HSPCB","24-08-2026 11:00:00",29.503664,75.467934,SO2,64,73,69
India,Haryana,Fatehabad,"Huda Sector, Fatehabad - HSPCB","24-08-2026 11:00:00",29.503664,75.467934,CO,45,51,47
India,Haryana,Gurugram,"Teri Gram, Gurugram - HSPCB","24-08-2026 11:00:00",28.4275,77.1465,NO2,30,63,43
India,Haryana,Gurugram,"Teri Gram, Gurugram - HSPCB","24-08-2026 11:00:00",28.4275,77.1465,OZONE,7,23,11
India,Haryana,Gurugram,"Sector-51, Gurugram - HSPCB","24-08-2026 11:00:00",28.4227,77.0667,NH3,9,22,13
India,Haryana,Gurugram,"Sector-51, Gurugram - HSPCB","24-08-2026 11:00:00",28.4227,77.0667,SO2,7,10,9
India,Haryana,Gurugram,"Vikas Sadan, Gurugram - HSPCB","24-08-2026 11:00:00",28.4501238,77.0263051,NO2,NA,NA,NA
India,Haryana,Hisar,"Urban Estate-II, Hisar - HSPCB","24-08-2026 11:00:00",29.14056,75.744941,SO2,15,130,20
India,Haryana,Jind,"Police Lines, Jind - HSPCB","24-08-2026 11:00:00",29.307814,76.337619,NH3,4,6,5
India,Haryana,Jind,"Police Lines, Jind - HSPCB","24-08-2026 11:00:00",29.307814,76.337619,CO,4,8,6
India,Haryana,Jind,"Police Lines, Jind - HSPCB","24-08-2026 11:00:00",29.307814,76.337619,OZONE,7,12,10
India,Haryana,Kaithal,"Rishi Nagar, Kaithal - HSPCB","24-08-2026 11:00:00",29.8006,76.4155,PM2.5,63,86,74
India,Haryana,Kaithal,"Rishi Nagar, Kaithal - HSPCB","24-08-2026 11:00:00",29.8006,76.4155,NH3,4,6,5
India,Haryana,Kaithal,"Rishi Nagar, Kaithal - HSPCB","24-08-2026 11:00:00",29.8006,76.4155,CO,17,24,20
India,Haryana,Panchkula,"Sector-6, Panchkula - HSPCB ","24-08-2026 11:00:00",30.7057778,76.8531805555555,PM2.5,24,75,46
India,Haryana,Panipat,"Sector-18, Panipat - HSPCB","24-08-2026 11:00:00",29.432304,76.972765,SO2,35,66,45
India,Haryana,Rohtak,"MD University, Rohtak - HSPCB","24-08-2026 11:00:00",28.52123,76.37138,NH3,NA,NA,NA
India,Haryana,Rohtak,"MD University, Rohtak - HSPCB","24-08-2026 11:00:00",28.52123,76.37138,SO2,9,11,10
India,Haryana,Sirsa,"F-Block, Sirsa - HSPCB","24-08-2026 11:00:00",29.5364,75.0158,PM2.5,28,49,37
India,Haryana,Sirsa,"F-Block, Sirsa - HSPCB","24-08-2026 11:00:00",29.5364,75.0158,SO2,32,45,39
India,Haryana,Sirsa,"F-Block, Sirsa - HSPCB","24-08-2026 11:00:00",29.5364,75.0158,OZONE,14,54,39
India,Haryana,Sonipat,"Murthal, Sonipat - HSPCB","24-08-2026 11:00:00",29.0272,77.0621,PM10,27,83,52
India,Gujarat,Gandhinagar,"Sector-10, Gandhinagar - GPCB","24-08-2026 11:00:00",23.221714,72.654328,NO2,4,4,4
India,Gujarat,Gandhinagar,"Sector-10, Gandhinagar - GPCB","24-08-2026 11:00:00",23.221714,72.654328,CO,13,14,14
India,Gujarat,Mehsana,"Sadanand Nagar, Mehsana - Nexteng Enviro","24-08-2026 11:00:00",23.59315,72.372792,PM2.5,29,73,43
India,Gujarat,Mehsana,"Sadanand Nagar, Mehsana - Nexteng Enviro","24-08-2026 11:00:00",23.59315,72.372792,NO2,3,5,4
India,Gujarat,Mehsana,"Sadanand Nagar, Mehsana - Nexteng Enviro","24-08-2026 11:00:00",23.59315,72.372792,SO2,12,15,14
India,Gujarat,Mehsana,"Sadanand Nagar, Mehsana - Nexteng Enviro","24-08-2026 11:00:00",23.59315,72.372792,OZONE,8,9,9
India,Gujarat,Nandesari,"GIDC, Nandesari - Nandesari Ind. Association","24-08-2026 11:00:00",22.410802,73.097923,PM2.5,24,80,43
India,Gujarat,Nandesari,"GIDC, Nandesari - Nandesari Ind. Association","24-08-2026 11:00:00",22.410802,73.097923,PM10,25,79,47
India,Gujarat,Nandesari,"GIDC, Nandesari - Nandesari Ind. Association","24-08-2026 11:00:00",22.410802,73.097923,NO2,0,43,13
India,Haryana,Kurukshetra,"Sector-7, Kurukshetra - HSPCB","24-08-2026 11:00:00",29.966942,76.875879,NH3,5,6,6
India,Haryana,Kurukshetra,"Sector-7, Kurukshetra - HSPCB","24-08-2026 11:00:00",29.966942,76.875879,SO2,3,14,8
India,Haryana,Manesar,"Sector-2 IMT, Manesar - HSPCB","24-08-2026 11:00:00",28.360699,76.93609,CO,12,21,18
India,Haryana,Manesar,"Sector-2 IMT, Manesar - HSPCB","24-08-2026 11:00:00",28.360699,76.93609,OZONE,9,34,20
India,Haryana,Palwal,"Shyam Nagar, Palwal - HSPCB","24-08-2026 11:00:00",28.1485564,77.3320667,SO2,0,39,18
India,Haryana,Palwal,"Shyam Nagar, Palwal - HSPCB","24-08-2026 11:00:00",28.1485564,77.3320667,CO,20,121,62
India,Haryana,Palwal,"Shyam Nagar, Palwal - HSPCB","24-08-2026 11:00:00",28.1485564,77.3320667,OZONE,9,10,10
India,Haryana,Sonipat,"Murthal, Sonipat - HSPCB","24-08-2026 11:00:00",29.0272,77.0621,SO2,22,25,23
India,Haryana,"Yamuna Nagar","Gobind Pura, Yamuna Nagar - HSPCB","24-08-2026 11:00:00",30.1480566,77.2893471,PM10,40,105,73
India,Haryana,"Yamuna Nagar","Gobind Pura, Yamuna Nagar - HSPCB","24-08-2026 11:00:00",30.1480566,77.2893471,CO,30,51,43
India,"Jammu and Kashmir",Pampore,"Khrew, Pampore - JKPCC","24-08-2026 11:00:00",34.031606,75.009712,PM2.5,9,56,30
India,"Jammu and Kashmir",Srinagar,"Rajbagh, Srinagar - JKPCC","24-08-2026 11:00:00",34.066206,74.81982,SO2,3,4,3
India,Haryana,Ambala,"Patti Mehar, Ambala - HSPCB","24-08-2026 11:00:00",30.379589,76.778328,SO2,71,104,102
India,Haryana,Bahadurgarh,"Arya Nagar, Bahadurgarh - HSPCB","24-08-2026 11:00:00",28.6701,76.9254,CO,30,34,32
India,Haryana,Ballabgarh,"Nathu Colony, Ballabgarh - HSPCB","24-08-2026 11:00:00",28.3419248,77.319699,PM2.5,24,108,47
India,Haryana,Ballabgarh,"Nathu Colony, Ballabgarh - HSPCB","24-08-2026 11:00:00",28.3419248,77.319699,PM10,61,119,92
India,Haryana,Ballabgarh,"Nathu Colony, Ballabgarh - HSPCB","24-08-2026 11:00:00",28.3419248,77.319699,NO2,19,21,20
India,Gujarat,Surat,"Science Center, Surat - SMC","24-08-2026 11:00:00",21.170046,72.795405,NH3,NA,NA,NA
India,Gujarat,Surat,"Science Center, Surat - SMC","24-08-2026 11:00:00",21.170046,72.795405,CO,34,42,38
India,Gujarat,Surat,"Katargam, Surat - Nexteng Enviro","24-08-2026 11:00:00",21.217779,72.834787,NO2,8,29,15
India,Gujarat,Surat,"Katargam, Surat - Nexteng Enviro","24-08-2026 11:00:00",21.217779,72.834787,NH3,1,1,1
India,Kerala,Eloor,"Udyogamandal, Eloor - Kerala PCB","24-08-2026 11:00:00",10.073232,76.302765,OZONE,28,29,29
India,Kerala,Kannur,"Thavakkara, Kannur - Kerala PCB","24-08-2026 11:00:00",11.875,75.3732,PM10,76,85,79
India,Kerala,Kannur,"Thavakkara, Kannur - Kerala PCB","24-08-2026 11:00:00",11.875,75.3732,NH3,1,1,1
India,Kerala,Thiruvananthapuram,"Plammoodu, Thiruvananthapuram - Kerala PCB","24-08-2026 11:00:00",8.5149093,76.9435879,PM2.5,7,17,12
India,Kerala,Thiruvananthapuram,"Plammoodu, Thiruvananthapuram - Kerala PCB","24-08-2026 11:00:00",8.5149093,76.9435879,NH3,1,1,1
India,Kerala,Thiruvananthapuram,"Kariavattom, Thiruvananthapuram - Kerala PCB","24-08-2026 11:00:00",8.5637,76.8865,OZONE,30,30,30
India,Ladakh,Leh,"Skara Yokma, Leh - LPCC","24-08-2026 11:00:00",34.147096,77.55709,NO2,NA,NA,NA
India,Ladakh,Leh,"Skara Yokma, Leh - LPCC","24-08-2026 11:00:00",34.147096,77.55709,SO2,9,10,9
India,Ladakh,Leh,"Skara Yokma, Leh - LPCC","24-08-2026 11:00:00",34.147096,77.55709,CO,187,188,187
India,Ladakh,Leh,"Skara Yokma, Leh - LPCC","24-08-2026 11:00:00",34.147096,77.55709,OZONE,10,10,10
India,"Madhya Pradesh",Bhopal,"Paryavaran Parisar, Bhopal - MPPCB","24-08-2026 11:00:00",23.210494,77.425409,PM2.5,13,52,35
India,"Madhya Pradesh",Bhopal,"Paryavaran Parisar, Bhopal - MPPCB","24-08-2026 11:00:00",23.210494,77.425409,OZONE,18,34,28
India,"Madhya Pradesh",Bhopal,"T T Nagar, Bhopal - MPPCB","24-08-2026 11:00:00",23.233584,77.400574,PM2.5,17,52,35
India,"Madhya Pradesh",Damoh,"Shrivastav Colony, Damoh - MPPCB","24-08-2026 11:00:00",23.81748678,79.446246,PM2.5,2,38,16
India,"Madhya Pradesh",Damoh,"Shrivastav Colony, Damoh - MPPCB","24-08-2026 11:00:00",23.81748678,79.446246,CO,18,21,19
India,"Madhya Pradesh",Damoh,"Shrivastav Colony, Damoh - MPPCB","24-08-2026 11:00:00",23.81748678,79.446246,OZONE,NA,NA,NA
India,"Madhya Pradesh",Dewas,"Bhopal Chauraha, Dewas - MPPCB","24-08-2026 11:00:00",22.9682591,76.064118,PM10,46,92,65
India,"Madhya Pradesh",Jabalpur,"Govindh Bhavan Colony, Jabalpur - JMC","24-08-2026 11:00:00",23.163174,79.973061,PM10,24,61,38
India,"Madhya Pradesh",Maihar,"Sahilara, Maihar - KJS Cements","24-08-2026 11:00:00",24.2613009,80.7231783,PM10,7,19,13
India,"Madhya Pradesh",Maihar,"Sahilara, Maihar - KJS Cements","24-08-2026 11:00:00",24.2613009,80.7231783,CO,27,28,27
India,"Madhya Pradesh",Mandideep,"Sector-D Industrial Area, Mandideep - MPPCB","24-08-2026 11:00:00",23.10844,77.511428,NO2,28,82,38
India,"Madhya Pradesh",Mandideep,"Sector-D Industrial Area, Mandideep - MPPCB","24-08-2026 11:00:00",23.10844,77.511428,SO2,3,20,7
India,"Madhya Pradesh",Pithampur,"Sector-2 Industrial Area, Pithampur - MPPCB","24-08-2026 11:00:00",22.624758,75.675238,NH3,7,8,8
India,"Madhya Pradesh",Pithampur,"Sector-2 Industrial Area, Pithampur - MPPCB","24-08-2026 11:00:00",22.624758,75.675238,CO,20,104,32
India,"Madhya Pradesh",Ratlam,"Shasthri Nagar, Ratlam - IPCA Lab","24-08-2026 11:00:00",23.331731,75.045981,PM2.5,11,79,44
India,"Madhya Pradesh",Ratlam,"Shasthri Nagar, Ratlam - IPCA Lab","24-08-2026 11:00:00",23.331731,75.045981,SO2,11,13,12
India,"Madhya Pradesh",Ratlam,"Shasthri Nagar, Ratlam - IPCA Lab","24-08-2026 11:00:00",23.331731,75.045981,CO,NA,NA,NA
India,"Madhya Pradesh",Ratlam,"Shasthri Nagar, Ratlam - IPCA Lab","24-08-2026 11:00:00",23.331731,75.045981,OZONE,NA,NA,NA
India,"Madhya Pradesh",Sagar,"Civil Lines, Sagar - MPPCB","24-08-2026 11:00:00",23.838586,78.759431,NO2,8,18,12
India,"Madhya Pradesh",Sagar,"Civil Lines, Sagar - MPPCB","24-08-2026 11:00:00",23.838586,78.759431,NH3,2,2,2
India,"Madhya Pradesh",Sagar,"Civil Lines, Sagar - MPPCB","24-08-2026 11:00:00",23.838586,78.759431,CO,16,24,20
India,"Madhya Pradesh",Satna,"Bandhavgar Colony, Satna - Birla Cement","24-08-2026 11:00:00",24.58434363,80.8549414,SO2,NA,NA,NA
India,"Madhya Pradesh",Singrauli,"Suryakiran Bhawan NCL, Singrauli - MPPCB","24-08-2026 11:00:00",24.10897,82.64558,NH3,4,11,5
India,Karnataka,Kalaburagi,"Mahatma Basaveswar Colony, Kalaburgi - KSPCB","24-08-2026 11:00:00",17.336318,76.847397,PM2.5,NA,NA,NA
India,Karnataka,Kalaburagi,"Mahatma Basaveswar Colony, Kalaburgi - KSPCB","24-08-2026 11:00:00",17.336318,76.847397,CO,28,31,30
India,Karnataka,Karwar,"KHB Colony, Karwar - KSPCB","24-08-2026 11:00:00",14.816666,74.141003,PM2.5,10,38,21
India,Karnataka,Madikeri,"Stuart Hill, Madikeri - KSPCB","24-08-2026 11:00:00",12.415911,75.73505,NH3,1,1,1
India,Karnataka,Mangalore,"Kadri, Mangalore - KSPCB","24-08-2026 11:00:00",12.88925,74.853,PM2.5,9,41,26
India,Karnataka,Mangalore,"Kadri, Mangalore - KSPCB","24-08-2026 11:00:00",12.88925,74.853,CO,NA,NA,NA
India,Karnataka,Mangalore,"Kadri, Mangalore - KSPCB","24-08-2026 11:00:00",12.88925,74.853,OZONE,34,34,34
India,Karnataka,Ramanagara,"Vijay Nagar, Ramanagara - KSPCB","24-08-2026 11:00:00",12.733409,77.298051,PM10,13,73,36
India,Karnataka,Ramanagara,"Vijay Nagar, Ramanagara - KSPCB","24-08-2026 11:00:00",12.733409,77.298051,NH3,NA,NA,NA
India,Karnataka,Ramanagara,"Vijay Nagar, Ramanagara - KSPCB","24-08-2026 11:00:00",12.733409,77.298051,SO2,17,19,18
India,Karnataka,Ramanagara,"Vijay Nagar, Ramanagara - KSPCB","24-08-2026 11:00:00",12.733409,77.298051,OZONE,19,38,27
India,Karnataka,Shivamogga,"Vinoba Nagara, Shivamogga - KSPCB","24-08-2026 11:00:00",13.94,75.555917,PM2.5,26,34,33
India,Karnataka,Shivamogga,"Vinoba Nagara, Shivamogga - KSPCB","24-08-2026 11:00:00",13.94,75.555917,PM10,30,48,45
India,Karnataka,Shivamogga,"Vinoba Nagara, Shivamogga - KSPCB","24-08-2026 11:00:00",13.94,75.555917,OZONE,35,56,39
India,Karnataka,Yadgir,"Collector Office, Yadgir - KSPCB","24-08-2026 11:00:00",16.7602,77.1428,NO2,1,3,3
India,Kerala,Eloor,"Udyogamandal, Eloor - Kerala PCB","24-08-2026 11:00:00",10.073232,76.302765,NO2,NA,NA,NA
India,"Jammu and Kashmir",Srinagar,"Khunmoh, Srinagar - JKPCC","24-08-2026 11:00:00",34.06313,74.96017,SO2,3,4,4
India,"Jammu and Kashmir",Srinagar,"Khunmoh, Srinagar - JKPCC","24-08-2026 11:00:00",34.06313,74.96017,OZONE,NA,NA,NA
India,Jharkhand,Dhanbad,"Sardar Patel Nagar, Dhanbad - JSPCB","24-08-2026 11:00:00",23.80569,86.44268,CO,11,11,11
India,Jharkhand,Jorapokhar,"Tata Stadium, Jorapokhar - JSPCB","24-08-2026 11:00:00",23.707909,86.41467,NO2,8,8,8
India,Jharkhand,Jorapokhar,"Tata Stadium, Jorapokhar - JSPCB","24-08-2026 11:00:00",23.707909,86.41467,SO2,NA,NA,NA
India,Karnataka,Bengaluru,"City Railway Station, Bengaluru - KSPCB","24-08-2026 11:00:00",12.9756843,77.5660749,PM2.5,NA,NA,NA
India,Karnataka,Bengaluru,"City Railway Station, Bengaluru - KSPCB","24-08-2026 11:00:00",12.9756843,77.5660749,NH3,NA,NA,NA
India,Karnataka,Bengaluru,"City Railway Station, Bengaluru - KSPCB","24-08-2026 11:00:00",12.9756843,77.5660749,OZONE,NA,NA,NA
India,Karnataka,Bengaluru,"Jayanagar 5th Block, Bengaluru - KSPCB","24-08-2026 11:00:00",12.920984,77.584908,NH3,1,2,1
India,Karnataka,Bengaluru,"Hombegowda Nagar, Bengaluru - KSPCB","24-08-2026 11:00:00",12.938539,77.5901,CO,2,10,7
India,Karnataka,Bengaluru,"Peenya, Bengaluru - CPCB","24-08-2026 11:00:00",13.0270199,77.494094,PM2.5,10,10,10
India,Karnataka,Bengaluru,"Peenya, Bengaluru - CPCB","24-08-2026 11:00:00",13.0270199,77.494094,NH3,3,11,4
India,Karnataka,Bengaluru,"Peenya, Bengaluru - CPCB","24-08-2026 11:00:00",13.0270199,77.494094,CO,31,42,36
India,Karnataka,Bengaluru,"Shivapura_Peenya, Bengaluru - KSPCB","24-08-2026 11:00:00",13.0246342,77.5080115,SO2,3,6,4
India,Karnataka,Bengaluru,"Hebbal, Bengaluru - KSPCB","24-08-2026 11:00:00",13.029152,77.585901,PM2.5,7,31,14
India,Karnataka,Bengaluru,"Hebbal, Bengaluru - KSPCB","24-08-2026 11:00:00",13.029152,77.585901,NH3,2,2,2
India,Maharashtra,Belapur,"CBD Belapur, Belapur - MPCB","24-08-2026 11:00:00",19.0243902,73.0406721,NH3,0,5,3
India,Maharashtra,Belapur,"CBD Belapur, Belapur - MPCB","24-08-2026 11:00:00",19.0243902,73.0406721,SO2,NA,NA,NA
India,Maharashtra,Belapur,"CBD Belapur, Belapur - MPCB","24-08-2026 11:00:00",19.0243902,73.0406721,CO,10,16,12
India,Maharashtra,Bhiwandi,"Gokul Nagar, Bhiwandi - MPCB","24-08-2026 11:00:00",19.309073,73.057223,PM10,31,41,34
India,Maharashtra,Boisar,"Khaira, Boisar - MPCB","24-08-2026 11:00:00",19.786089,72.757971,PM10,28,44,37
India,Maharashtra,Boisar,"Khaira, Boisar - MPCB","24-08-2026 11:00:00",19.786089,72.757971,NO2,22,23,22
India,Maharashtra,Boisar,"Khaira, Boisar - MPCB","24-08-2026 11:00:00",19.786089,72.757971,NH3,5,6,5
India,Maharashtra,Dhule,"Deopur, Dhule - MPCB","24-08-2026 11:00:00",20.918946,74.776388,SO2,0,10,3
India,Maharashtra,Dombivli,"Kalu Nagar, Dombivli - MPCB","24-08-2026 11:00:00",19.2268427,73.0788456,NH3,1,1,1
India,Maharashtra,Hingoli,"Ashta Vinayak Nagar, Hingoli - MPCB","24-08-2026 11:00:00",19.710842,77.151824,PM10,23,225,66
India,Maharashtra,Hingoli,"Ashta Vinayak Nagar, Hingoli - MPCB","24-08-2026 11:00:00",19.710842,77.151824,SO2,2,5,4
India,Maharashtra,Jalgaon,"Prabhat Colony, Jalgaon - MPCB","24-08-2026 11:00:00",21.001264,75.565602,NO2,2,6,3
India,Maharashtra,Jalna,"Old MIDC, Jalna - MPCB","24-08-2026 11:00:00",19.854616,75.905894,PM10,34,85,57
India,Maharashtra,Jalna,"Old MIDC, Jalna - MPCB","24-08-2026 11:00:00",19.854616,75.905894,NH3,3,5,4
India,Maharashtra,Jalna,"Old MIDC, Jalna - MPCB","24-08-2026 11:00:00",19.854616,75.905894,SO2,7,10,9
India,Maharashtra,Kalyan,"Khadakpada, Kalyan - MPCB","24-08-2026 11:00:00",19.25292,73.142019,NO2,37,37,37
India,Maharashtra,Kolhapur,"Sinchan Bhavan, Kolhapur - MPCB","24-08-2026 11:00:00",16.7143745,74.2426398,PM2.5,13,33,19
India,Maharashtra,Kolhapur,"Shivaji University, Kolhapur - MPCB","24-08-2026 11:00:00",16.6870449,74.2505872,NO2,3,17,11
India,Maharashtra,Kolhapur,"Shivaji University, Kolhapur - MPCB","24-08-2026 11:00:00",16.6870449,74.2505872,OZONE,7,11,10
India,Maharashtra,Latur,"Sawe Wadi, Latur - MPCB","24-08-2026 11:00:00",18.39963,76.57452,PM2.5,12,46,24
India,Maharashtra,Latur,"Sawe Wadi, Latur - MPCB","24-08-2026 11:00:00",18.39963,76.57452,NO2,4,36,10
India,Maharashtra,Malegaon,"Mahesh Nagar, Malegaon - MPCB","24-08-2026 11:00:00",20.555712,74.529236,PM10,42,106,79
India,Maharashtra,Malegaon,"Mahesh Nagar, Malegaon - MPCB","24-08-2026 11:00:00",20.555712,74.529236,OZONE,19,23,21
India,Maharashtra,Mira-Bhayandar,"Bhayandar West, Mira-Bhayandar - MPCB","24-08-2026 11:00:00",19.296481,72.840923,PM2.5,16,42,26
India,Maharashtra,Mira-Bhayandar,"Bhayandar West, Mira-Bhayandar - MPCB","24-08-2026 11:00:00",19.296481,72.840923,NO2,4,10,6
India,Maharashtra,Mira-Bhayandar,"Bhayandar West, Mira-Bhayandar - MPCB","24-08-2026 11:00:00",19.296481,72.840923,NH3,1,12,4
India,Maharashtra,Mumbai,"Shivaji Nagar, Mumbai - BMC","24-08-2026 11:00:00",19.060498,72.923356,PM10,45,96,76
India,Maharashtra,Mumbai,"Shivaji Nagar, Mumbai - BMC","24-08-2026 11:00:00",19.060498,72.923356,NO2,7,13,10
India,Maharashtra,Mumbai,"Shivaji Nagar, Mumbai - BMC","24-08-2026 11:00:00",19.060498,72.923356,CO,9,25,17
India,Maharashtra,Mumbai,"Sion, Mumbai - MPCB","24-08-2026 11:00:00",19.047,72.8746,PM2.5,6,12,9
India,Maharashtra,Mumbai,"Sion, Mumbai - MPCB","24-08-2026 11:00:00",19.047,72.8746,NH3,1,1,1
India,Maharashtra,Mumbai,"Sion, Mumbai - MPCB","24-08-2026 11:00:00",19.047,72.8746,OZONE,NA,NA,NA
India,"Madhya Pradesh",Dewas,"Bhopal Chauraha, Dewas - MPPCB","24-08-2026 11:00:00",22.9682591,76.064118,SO2,35,70,60
India,"Madhya Pradesh",Gwalior,"Maharaj Bada, Gwalior - MPPCB","24-08-2026 11:00:00",26.200388,78.147714,PM10,14,43,25
India,"Madhya Pradesh",Gwalior,"Maharaj Bada, Gwalior - MPPCB","24-08-2026 11:00:00",26.200388,78.147714,NO2,16,43,24
India,"Madhya Pradesh",Gwalior,"Maharaj Bada, Gwalior - MPPCB","24-08-2026 11:00:00",26.200388,78.147714,CO,27,67,43
India,"Madhya Pradesh",Gwalior,"City Center, Gwalior - MPPCB","24-08-2026 11:00:00",26.203442,78.193251,SO2,2,39,18
India,"Madhya Pradesh",Gwalior,"City Center, Gwalior - MPPCB","24-08-2026 11:00:00",26.203442,78.193251,CO,31,43,35
India,"Madhya Pradesh",Gwalior,"Deen Dayal Nagar, Gwalior - MPPCB","24-08-2026 11:00:00",26.259242,78.216432,NH3,5,10,7
India,"Madhya Pradesh",Gwalior,"Deen Dayal Nagar, Gwalior - MPPCB","24-08-2026 11:00:00",26.259242,78.216432,OZONE,10,37,26
India,"Madhya Pradesh",Indore,"Regional Park, Indore - IMC","24-08-2026 11:00:00",22.678,75.8559,PM2.5,12,32,25
India,"Madhya Pradesh",Indore,"Regional Park, Indore - IMC","24-08-2026 11:00:00",22.678,75.8559,NO2,0,8,4
India,"Madhya Pradesh",Indore,"Chhoti Gwaltoli, Indore - MPPCB","24-08-2026 11:00:00",22.431,75.5213,CO,17,25,22
India,"Madhya Pradesh",Jabalpur,"Gupteshwar, Jabalpur - JMC","24-08-2026 11:00:00",23.142888,79.916147,OZONE,13,14,13
India,Karnataka,Bengaluru,"Bapuji Nagar, Bengaluru - KSPCB","24-08-2026 11:00:00",12.951913,77.539784,NH3,3,3,3
India,Karnataka,Bengaluru,"Bapuji Nagar, Bengaluru - KSPCB","24-08-2026 11:00:00",12.951913,77.539784,SO2,12,42,28
India,Karnataka,Bengaluru,"Bapuji Nagar, Bengaluru - KSPCB","24-08-2026 11:00:00",12.951913,77.539784,CO,33,41,37
India,Karnataka,Bengaluru,"Bapuji Nagar, Bengaluru - KSPCB","24-08-2026 11:00:00",12.951913,77.539784,OZONE,20,24,21
India,Karnataka,Chamarajanagar,"Urban, Chamarajanagar - KSPCB","24-08-2026 11:00:00",11.55358,76.55521,SO2,2,4,3
India,Karnataka,Chamarajanagar,"Urban, Chamarajanagar - KSPCB","24-08-2026 11:00:00",11.55358,76.55521,OZONE,14,16,15
India,Karnataka,Chikkamagaluru,"Kalyana Nagara, Chikkamagaluru - KSPCB","24-08-2026 11:00:00",13.328028,75.797056,PM10,41,52,50
India,Karnataka,Chikkamagaluru,"Kalyana Nagara, Chikkamagaluru - KSPCB","24-08-2026 11:00:00",13.328028,75.797056,SO2,2,3,2
India,Karnataka,Chikkamagaluru,"Kalyana Nagara, Chikkamagaluru - KSPCB","24-08-2026 11:00:00",13.328028,75.797056,OZONE,11,30,25
India,Karnataka,Gadag,"Panchal Nagar, Gadag - KSPCB","24-08-2026 11:00:00",15.411456,75.638133,PM10,90,109,101
India,Karnataka,Gadag,"Panchal Nagar, Gadag - KSPCB","24-08-2026 11:00:00",15.411456,75.638133,OZONE,17,18,18
India,Karnataka,Hubballi,"Lingaraj Nagar, Hubballi - KSPCB","24-08-2026 11:00:00",15.3714823,75.1160168,NH3,1,2,1
India,Karnataka,Hubballi,"Lingaraj Nagar, Hubballi - KSPCB","24-08-2026 11:00:00",15.3714823,75.1160168,SO2,2,3,2
India,Maharashtra,Ahmednagar,"Tarakpur, Ahmednagar - MPCB","24-08-2026 11:00:00",19.10122,74.73339,NH3,NA,NA,NA
India,Maharashtra,Ahmednagar,"Tarakpur, Ahmednagar - MPCB","24-08-2026 11:00:00",19.10122,74.73339,OZONE,10,181,96
India,Maharashtra,Akola,"Ramdaspeth, Akola - MPCB","24-08-2026 11:00:00",20.719516,77.000253,NO2,10,22,15
India,Maharashtra,Amravati,"Shri Shivaji Science College, Amravati - MPCB","24-08-2026 11:00:00",20.939198,77.765701,NO2,4,15,8
India,Maharashtra,Amravati,"Shri Shivaji Science College, Amravati - MPCB","24-08-2026 11:00:00",20.939198,77.765701,OZONE,6,13,9
India,Maharashtra,Aurangabad,"MIDC Chilkalthana, Aurangabad - MPCB","24-08-2026 11:00:00",19.87562,75.38731,PM10,37,48,43
India,Maharashtra,Aurangabad,"MIDC Chilkalthana, Aurangabad - MPCB","24-08-2026 11:00:00",19.87562,75.38731,NO2,13,13,13
India,Maharashtra,Aurangabad,"MIDC Chilkalthana, Aurangabad - MPCB","24-08-2026 11:00:00",19.87562,75.38731,NH3,1,2,1
India,Maharashtra,Aurangabad,"MIDC Chilkalthana, Aurangabad - MPCB","24-08-2026 11:00:00",19.87562,75.38731,SO2,5,9,7
India,Maharashtra,Aurangabad,"Rachnakar Colony, Aurangabad - MPCB","24-08-2026 11:00:00",19.863756,75.321188,OZONE,9,42,20
India,Maharashtra,Badlapur,"Katrap, Badlapur - MPCB","24-08-2026 11:00:00",19.16485,73.23409,OZONE,1,3,2
India,Maharashtra,Mumbai,"Chhatrapati Shivaji Intl. Airport (T2), Mumbai - MPCB","24-08-2026 11:00:00",19.10078,72.87462,NO2,13,13,13
India,Maharashtra,Mumbai,"Chhatrapati Shivaji Intl. Airport (T2), Mumbai - MPCB","24-08-2026 11:00:00",19.10078,72.87462,CO,NA,NA,NA
India,Maharashtra,Nagpur,"Mahal, Nagpur - MPCB","24-08-2026 11:00:00",21.14472,79.107595,NO2,4,17,10
India,Maharashtra,Nagpur,"Mahal, Nagpur - MPCB","24-08-2026 11:00:00",21.14472,79.107595,OZONE,4,11,6
India,Maharashtra,Nagpur,"Ram Nagar, Nagpur - MPCB","24-08-2026 11:00:00",21.143383,79.048912,NO2,4,11,7
India,Maharashtra,Nagpur,"Ram Nagar, Nagpur - MPCB","24-08-2026 11:00:00",21.143383,79.048912,CO,8,14,10
India,Maharashtra,Nagpur,"Ram Nagar, Nagpur - MPCB","24-08-2026 11:00:00",21.143383,79.048912,OZONE,NA,NA,NA
India,Maharashtra,Nagpur,"Opp GPO Civil Lines, Nagpur - MPCB","24-08-2026 11:00:00",21.152875,79.0517531,PM2.5,22,43,30
India,Maharashtra,Nagpur,"Opp GPO Civil Lines, Nagpur - MPCB","24-08-2026 11:00:00",21.152875,79.0517531,NO2,15,16,16
India,Maharashtra,Nagpur,"Opp GPO Civil Lines, Nagpur - MPCB","24-08-2026 11:00:00",21.152875,79.0517531,OZONE,6,8,7
India,Maharashtra,Nagpur,"Ambazari, Nagpur - MPCB","24-08-2026 11:00:00",21.121801,79.04952,NO2,5,21,9
India,Maharashtra,Nagpur,"Ambazari, Nagpur - MPCB","24-08-2026 11:00:00",21.121801,79.04952,NH3,1,3,2
India,Maharashtra,Nanded,"Sneh Nagar, Nanded - MPCB","24-08-2026 11:00:00",19.173852,77.296291,PM10,17,37,26
India,Maharashtra,Nashik,"Gangapur Road, Nashik - MPCB","24-08-2026 11:00:00",20.0073285,73.7762427,CO,26,27,27
India,Maharashtra,Nashik,"Pandav Nagari, Nashik - MPCB","24-08-2026 11:00:00",19.9591346,73.7788008,PM2.5,10,31,21
India,Maharashtra,Nashik,"Pandav Nagari, Nashik - MPCB","24-08-2026 11:00:00",19.9591346,73.7788008,CO,8,21,13
India,Maharashtra,Nashik,"Hirawadi, Nashik - MPCB","24-08-2026 11:00:00",20.021503,73.813844,PM2.5,13,36,24
India,Maharashtra,Nashik,"MIDC Ambad, Nashik - MPCB","24-08-2026 11:00:00",19.95022,73.73148,PM10,30,53,40
India,Maharashtra,Nashik,"MIDC Ambad, Nashik - MPCB","24-08-2026 11:00:00",19.95022,73.73148,NO2,2,10,6
India,Maharashtra,Nashik,"MIDC Ambad, Nashik - MPCB","24-08-2026 11:00:00",19.95022,73.73148,NH3,2,4,3
India,Maharashtra,"Navi Mumbai","Kopripada-Vashi, Navi Mumbai - MPCB","24-08-2026 11:00:00",19.090337,73.014232,NH3,5,11,6
India,Maharashtra,Mumbai,"Mulund West, Mumbai - MPCB","24-08-2026 11:00:00",19.175,72.9419,NO2,12,14,13
India,Maharashtra,Mumbai,"Mulund West, Mumbai - MPCB","24-08-2026 11:00:00",19.175,72.9419,NH3,4,5,4
India,Maharashtra,Mumbai,"Mulund West, Mumbai - MPCB","24-08-2026 11:00:00",19.175,72.9419,CO,NA,NA,NA
India,Maharashtra,Mumbai,"Chembur, Mumbai - MPCB","24-08-2026 11:00:00",19.0364585,72.8954371,NH3,11,16,13
India,Maharashtra,Mumbai,"Chembur, Mumbai - MPCB","24-08-2026 11:00:00",19.0364585,72.8954371,SO2,0,3,1
India,Maharashtra,Mumbai,"Chembur, Mumbai - MPCB","24-08-2026 11:00:00",19.0364585,72.8954371,CO,35,48,40
India,Maharashtra,Mumbai,"Kandivali West, Mumbai - BMC","24-08-2026 11:00:00",19.215859,72.831718,NH3,2,4,3
India,Maharashtra,Mumbai,"Sewri, Mumbai - BMC","24-08-2026 11:00:00",19.000084,72.85673,NH3,2,4,3
India,Maharashtra,Mumbai,"Sewri, Mumbai - BMC","24-08-2026 11:00:00",19.000084,72.85673,CO,22,22,22
India,Maharashtra,Mumbai,"Khindipada-Bhandup West, Mumbai - IITM","24-08-2026 11:00:00",19.1653323,72.922099,PM10,NA,NA,NA
India,Maharashtra,Mumbai,"Khindipada-Bhandup West, Mumbai - IITM","24-08-2026 11:00:00",19.1653323,72.922099,NO2,NA,NA,NA
India,Maharashtra,Mumbai,"Malad West, Mumbai - IITM","24-08-2026 11:00:00",19.19709,72.82204,NO2,10,18,13
India,Maharashtra,Mumbai,"Malad West, Mumbai - IITM","24-08-2026 11:00:00",19.19709,72.82204,SO2,5,28,11
India,Maharashtra,Mumbai,"Malad West, Mumbai - IITM","24-08-2026 11:00:00",19.19709,72.82204,CO,24,45,30
India,Maharashtra,Mumbai,"Borivali East, Mumbai - IITM","24-08-2026 11:00:00",19.23241,72.86895,PM10,25,63,42
India,Maharashtra,Mumbai,"Mazgaon, Mumbai - IITM","24-08-2026 11:00:00",18.96702,72.84214,PM10,35,53,46
India,Maharashtra,Mumbai,"Mazgaon, Mumbai - IITM","24-08-2026 11:00:00",18.96702,72.84214,NO2,22,41,31
India,Maharashtra,"Navi Mumbai","Tondare-Taloja, Navi Mumbai - MPCB","24-08-2026 11:00:00",19.063,73.1209,PM10,31,76,50
India,Maharashtra,"Navi Mumbai","Sanpada, Navi Mumbai - MPCB","24-08-2026 11:00:00",19.0575752,73.0151367,PM2.5,9,26,18
India,Maharashtra,"Navi Mumbai","Sanpada, Navi Mumbai - MPCB","24-08-2026 11:00:00",19.0575752,73.0151367,CO,5,28,14
India,Maharashtra,"Navi Mumbai","Sanpada, Navi Mumbai - MPCB","24-08-2026 11:00:00",19.0575752,73.0151367,OZONE,1,4,3
India,Maharashtra,"Navi Mumbai","Sector-2E Kalamboli, Navi Mumbai - MPCB","24-08-2026 11:00:00",19.02579,73.10297,NO2,2,11,7
India,Maharashtra,"Navi Mumbai","Mahape, Navi Mumbai - MPCB","24-08-2026 11:00:00",19.1135051,73.008978,NH3,1,1,1
India,Maharashtra,"Navi Mumbai","Mahape, Navi Mumbai - MPCB","24-08-2026 11:00:00",19.1135051,73.008978,SO2,14,15,15
India,Maharashtra,"Navi Mumbai","Nerul, Navi Mumbai - MPCB","24-08-2026 11:00:00",19.008751,73.01662,OZONE,NA,NA,NA
India,Maharashtra,Parbhani,"Masoom Colony, Parbhani - MPCB","24-08-2026 11:00:00",19.265594,76.761463,PM2.5,13,29,20
India,Maharashtra,Parbhani,"Masoom Colony, Parbhani - MPCB","24-08-2026 11:00:00",19.265594,76.761463,PM10,18,41,28
India,Maharashtra,Pimpri-Chinchwad,"Gavalinagar, Pimpri Chinchwad - MPCB","24-08-2026 11:00:00",18.63673,73.82487,PM2.5,18,41,30
India,Maharashtra,Pimpri-Chinchwad,"Gavalinagar, Pimpri Chinchwad - MPCB","24-08-2026 11:00:00",18.63673,73.82487,NO2,5,19,11
India,Maharashtra,Mumbai,"Bandra Kurla Complex, Mumbai - MPCB","24-08-2026 11:00:00",19.065931,72.862131,OZONE,4,8,6
India,Maharashtra,Mumbai,"Kherwadi_Bandra East, Mumbai - MPCB","24-08-2026 11:00:00",19.0632143,72.8456324,PM2.5,15,47,26
India,Maharashtra,Mumbai,"Byculla, Mumbai - BMC","24-08-2026 11:00:00",18.9767,72.838,PM2.5,14,29,19
India,Maharashtra,Mumbai,"Byculla, Mumbai - BMC","24-08-2026 11:00:00",18.9767,72.838,PM10,19,35,26
India,Maharashtra,Mumbai,"Mindspace-Malad West, Mumbai - MPCB","24-08-2026 11:00:00",19.1878657,72.8304069,NH3,7,8,8
India,Maharashtra,Mumbai,"Mindspace-Malad West, Mumbai - MPCB","24-08-2026 11:00:00",19.1878657,72.8304069,CO,15,16,15
India,Maharashtra,Mumbai,"Mindspace-Malad West, Mumbai - MPCB","24-08-2026 11:00:00",19.1878657,72.8304069,OZONE,18,18,18
India,Maharashtra,Mumbai,"Worli, Mumbai - MPCB","24-08-2026 11:00:00",18.9936162,72.8128113,CO,34,46,40
India,Maharashtra,Mumbai,"Navy Nagar-Colaba, Mumbai - IITM","24-08-2026 11:00:00",18.897756,72.81332,PM2.5,16,37,24
India,Maharashtra,Mumbai,"Navy Nagar-Colaba, Mumbai - IITM","24-08-2026 11:00:00",18.897756,72.81332,NO2,34,92,41
India,Maharashtra,Mumbai,"Navy Nagar-Colaba, Mumbai - IITM","24-08-2026 11:00:00",18.897756,72.81332,NH3,1,9,2
India,Maharashtra,Mumbai,"Navy Nagar-Colaba, Mumbai - IITM","24-08-2026 11:00:00",18.897756,72.81332,CO,17,24,20
India,Maharashtra,Pimpri-Chinchwad,"Bhosari, Pune - IITM","24-08-2026 11:00:00",18.640051,73.848956,SO2,NA,NA,NA
India,Maharashtra,Pimpri-Chinchwad,"Thergaon, Pimpri Chinchwad - MPCB","24-08-2026 11:00:00",18.616318,73.765797,PM10,42,64,48
India,Maharashtra,Pimpri-Chinchwad,"Thergaon, Pimpri Chinchwad - MPCB","24-08-2026 11:00:00",18.616318,73.765797,NO2,1,17,7
India,Maharashtra,Pimpri-Chinchwad,"Thergaon, Pimpri Chinchwad - MPCB","24-08-2026 11:00:00",18.616318,73.765797,CO,11,95,35
India,Maharashtra,Pimpri-Chinchwad,"Transport Nagar-Nigdi, Pune - IITM","24-08-2026 11:00:00",18.664282,73.763966,NO2,29,52,39
India,Maharashtra,Pimpri-Chinchwad,"Transport Nagar-Nigdi, Pune - IITM","24-08-2026 11:00:00",18.664282,73.763966,SO2,NA,NA,NA
India,Maharashtra,Pimpri-Chinchwad,"Savta Mali Nagar, Pimpri-Chinchwad - IITM","24-08-2026 11:00:00",18.614767,73.799516,PM2.5,16,49,31
India,Maharashtra,Pimpri-Chinchwad,"Savta Mali Nagar, Pimpri-Chinchwad - IITM","24-08-2026 11:00:00",18.614767,73.799516,NO2,13,34,20
India,Maharashtra,Pune,"Katraj Dairy, Pune - MPCB","24-08-2026 11:00:00",18.45445,73.854155,PM2.5,15,22,19
India,Maharashtra,Pune,"Katraj Dairy, Pune - MPCB","24-08-2026 11:00:00",18.45445,73.854155,PM10,26,39,33
India,Maharashtra,Pune,"Katraj Dairy, Pune - MPCB","24-08-2026 11:00:00",18.45445,73.854155,CO,23,31,26
India,Maharashtra,Pune,"Revenue Colony-Shivajinagar, Pune - IITM","24-08-2026 11:00:00",18.530085,73.849598,PM2.5,12,46,29
India,Maharashtra,Pune,"Revenue Colony-Shivajinagar, Pune - IITM","24-08-2026 11:00:00",18.530085,73.849598,PM10,50,83,63
India,Maharashtra,Pune,"Revenue Colony-Shivajinagar, Pune - IITM","24-08-2026 11:00:00",18.530085,73.849598,SO2,5,23,14
India,Maharashtra,Pune,"Mhada Colony, Pune - IITM","24-08-2026 11:00:00",18.57304,73.927715,OZONE,11,26,16
India,Maharashtra,Pune,"Dhankawadi, Pune - IITM","24-08-2026 11:00:00",18.459883,73.852193,PM2.5,11,32,19
India,Maharashtra,Pune,"Dhankawadi, Pune - IITM","24-08-2026 11:00:00",18.459883,73.852193,NO2,11,19,14
India,Maharashtra,Pune,"Dhankawadi, Pune - IITM","24-08-2026 11:00:00",18.459883,73.852193,SO2,NA,NA,NA
India,Maharashtra,Pune,"Panchawati_Pashan, Pune - IITM","24-08-2026 11:00:00",18.536457,73.805454,NO2,6,10,7
India,Maharashtra,Pune,"Panchawati_Pashan, Pune - IITM","24-08-2026 11:00:00",18.536457,73.805454,OZONE,2,5,3
India,Maharashtra,Mumbai,"Mazgaon, Mumbai - IITM","24-08-2026 11:00:00",18.96702,72.84214,NH3,2,3,2
India,Maharashtra,Mumbai,"Chakala-Andheri East, Mumbai - IITM","24-08-2026 11:00:00",19.11074,72.86084,CO,12,35,22
India,Maharashtra,Mumbai,"Chakala-Andheri East, Mumbai - IITM","24-08-2026 11:00:00",19.11074,72.86084,OZONE,4,7,6
India,Maharashtra,Mumbai,"Bandra Kurla Complex, Mumbai - IITM","24-08-2026 11:00:00",19.053536,72.84643,NO2,0,7,3
India,Maharashtra,Mumbai,"Bandra Kurla Complex, Mumbai - IITM","24-08-2026 11:00:00",19.053536,72.84643,CO,10,59,27
India,Maharashtra,Mumbai,"Kurla, Mumbai - MPCB","24-08-2026 11:00:00",19.0863,72.8888,PM10,17,69,43
India,Maharashtra,Mumbai,"Kurla, Mumbai - MPCB","24-08-2026 11:00:00",19.0863,72.8888,OZONE,28,28,28
India,Maharashtra,Mumbai,"Deonar, Mumbai - IITM","24-08-2026 11:00:00",19.04946,72.923,PM2.5,18,18,18
India,Maharashtra,Solapur,"Dnyaneshwar Nagar, Solapur - MPCB","24-08-2026 11:00:00",17.6336264,75.9132495,SO2,0,3,1
India,Maharashtra,Solapur,"Ratandeep Housing Society, Solapur - MPCB","24-08-2026 11:00:00",17.65439,75.90649,NO2,6,20,14
India,Maharashtra,Thane,"Kasarvadavali, Thane - MPCB","24-08-2026 11:00:00",19.26777,72.97182,PM10,34,58,50
India,Maharashtra,Thane,"Kasarvadavali, Thane - MPCB","24-08-2026 11:00:00",19.26777,72.97182,NO2,8,19,12
India,Maharashtra,Satara,"Koyana Nagar, Satara - MPCB","24-08-2026 11:00:00",17.696651,74.003387,PM10,10,130,69
India,Maharashtra,Satara,"Koyana Nagar, Satara - MPCB","24-08-2026 11:00:00",17.696651,74.003387,OZONE,10,23,16
India,Punjab,Patiala,"Model Town, Patiala - PPCB","24-08-2026 11:00:00",30.349388,76.366642,NH3,2,10,6
India,Punjab,Rupnagar,"Ratanpura, Rupnagar - Ambuja Cements","24-08-2026 11:00:00",31.0325454,76.5623046,SO2,6,14,10
India,Punjab,Rupnagar,"Ratanpura, Rupnagar - Ambuja Cements","24-08-2026 11:00:00",31.0325454,76.5623046,CO,55,57,56
India,Rajasthan,Ajmer,"Civil Lines,  Ajmer - RSPCB","24-08-2026 11:00:00",26.470859,74.646594,NO2,16,18,17
India,Rajasthan,Ajmer,"Civil Lines,  Ajmer - RSPCB","24-08-2026 11:00:00",26.470859,74.646594,NH3,5,6,6
India,Rajasthan,Ajmer,"Civil Lines,  Ajmer - RSPCB","24-08-2026 11:00:00",26.470859,74.646594,CO,32,68,50
India,Rajasthan,Alwar,"Moti Doongri, Alwar - RSPCB","24-08-2026 11:00:00",27.554793,76.611536,PM10,91,115,102
India,Rajasthan,Banswara,"Rati Talai, Banswara - RSPCB","24-08-2026 11:00:00",23.55519,74.44001,PM2.5,22,37,28
India,Rajasthan,Banswara,"Rati Talai, Banswara - RSPCB","24-08-2026 11:00:00",23.55519,74.44001,PM10,55,88,73
India,Rajasthan,Banswara,"Rati Talai, Banswara - RSPCB","24-08-2026 11:00:00",23.55519,74.44001,NH3,2,4,3
India,Rajasthan,Banswara,"Rati Talai, Banswara - RSPCB","24-08-2026 11:00:00",23.55519,74.44001,OZONE,14,41,29
India,Rajasthan,Baran,"Bamboliya, Baran - RSPCB","24-08-2026 11:00:00",25.106006,76.469948,CO,28,47,42
India,Rajasthan,Barmer,"Railway Colony, Barmer - RSPCB","24-08-2026 11:00:00",25.747299,71.393989,PM2.5,15,40,23
India,Rajasthan,Barmer,"Railway Colony, Barmer - RSPCB","24-08-2026 11:00:00",25.747299,71.393989,NH3,2,4,2
India,Rajasthan,Barmer,"Railway Colony, Barmer - RSPCB","24-08-2026 11:00:00",25.747299,71.393989,OZONE,15,29,22
India,Rajasthan,Bharatpur,"Krishna Nagar, Bharatpur - RSPCB","24-08-2026 11:00:00",27.215415,77.50873,PM2.5,12,35,23
India,Rajasthan,Bharatpur,"Krishna Nagar, Bharatpur - RSPCB","24-08-2026 11:00:00",27.215415,77.50873,PM10,14,53,33
India,Rajasthan,Jhunjhunu,"Indra Nagar, Jhunjhunu - RSPCB","24-08-2026 11:00:00",28.108988,75.386577,SO2,4,5,4
India,Rajasthan,Jhunjhunu,"Indra Nagar, Jhunjhunu - RSPCB","24-08-2026 11:00:00",28.108988,75.386577,CO,55,102,73
India,Rajasthan,Jodhpur,"Jhalamand, Jodhpur - RSPCB","24-08-2026 11:00:00",26.215415,73.070156,PM2.5,23,47,36
India,Rajasthan,Jodhpur,"Jhalamand, Jodhpur - RSPCB","24-08-2026 11:00:00",26.215415,73.070156,NH3,3,5,4
India,Rajasthan,Jodhpur,"Jhalamand, Jodhpur - RSPCB","24-08-2026 11:00:00",26.215415,73.070156,CO,13,18,15
India,Rajasthan,Jodhpur,"Mandor, Jodhpur - RSPCB","24-08-2026 11:00:00",26.358805,73.047444,PM10,89,119,104
India,Rajasthan,Jodhpur,"Mandor, Jodhpur - RSPCB","24-08-2026 11:00:00",26.358805,73.047444,CO,5,9,6
India,Rajasthan,Jodhpur,"Collectorate, Jodhpur - RSPCB","24-08-2026 11:00:00",26.268249,73.0193853,SO2,NA,NA,NA
India,Rajasthan,Jodhpur,"Samrat Ashok Udhyan, Jodhpur - RSPCB","24-08-2026 11:00:00",26.253384,72.976571,NO2,2,9,4
India,Rajasthan,Jodhpur,"Samrat Ashok Udhyan, Jodhpur - RSPCB","24-08-2026 11:00:00",26.253384,72.976571,NH3,3,4,3
India,Rajasthan,Jodhpur,"Samrat Ashok Udhyan, Jodhpur - RSPCB","24-08-2026 11:00:00",26.253384,72.976571,SO2,1,4,2
India,Rajasthan,Karauli,"Satyawati Vihar, Karauli - RSPCB","24-08-2026 11:00:00",26.506177,77.025989,PM10,11,97,41
India,Rajasthan,Karauli,"Satyawati Vihar, Karauli - RSPCB","24-08-2026 11:00:00",26.506177,77.025989,SO2,6,17,10
India,Rajasthan,Karauli,"Satyawati Vihar, Karauli - RSPCB","24-08-2026 11:00:00",26.506177,77.025989,OZONE,7,10,9
India,Rajasthan,Kota,"Nayapura, Kota - RSPCB","24-08-2026 11:00:00",25.196024,75.855668,CO,12,41,21
India,Rajasthan,Kota,"Dhanmandi, Kota - RSPCB","24-08-2026 11:00:00",25.16409,75.858137,PM10,49,107,74
India,Odisha,Talcher,"Talcher Coalfields,Talcher - OSPCB","24-08-2026 11:00:00",20.9360711,85.1707021,CO,18,23,20
India,Odisha,Talcher,"Talcher Coalfields,Talcher - OSPCB","24-08-2026 11:00:00",20.9360711,85.1707021,OZONE,13,18,17
India,Odisha,Tensa,"Barsua Iron Ore Mines, Tensa - OSPCB","24-08-2026 11:00:00",21.869985,85.167016,PM10,NA,NA,NA
India,Odisha,Tensa,"Barsua Iron Ore Mines, Tensa - OSPCB","24-08-2026 11:00:00",21.869985,85.167016,NH3,NA,NA,NA
India,Puducherry,Puducherry,"Jawahar Nagar, Puducherry - PPCC","24-08-2026 11:00:00",11.9309,79.8027,SO2,5,11,8
India,Punjab,Bathinda,"Hardev Nagar, Bathinda - PPCB","24-08-2026 11:00:00",30.233011,74.907758,CO,12,26,18
India,Punjab,Jalandhar,"Civil Line, Jalandhar - PPCB","24-08-2026 11:00:00",31.321907,75.578914,NO2,39,46,43
India,Punjab,Jalandhar,"Civil Line, Jalandhar - PPCB","24-08-2026 11:00:00",31.321907,75.578914,NH3,3,3,3
India,Punjab,Ludhiana,"Punjab Agricultural University, Ludhiana - PPCB","24-08-2026 11:00:00",30.9028,75.8086,PM10,38,108,62
India,Punjab,Ludhiana,"Punjab Agricultural University, Ludhiana - PPCB","24-08-2026 11:00:00",30.9028,75.8086,CO,15,30,21
India,Punjab,"Mandi Gobindgarh","RIMT University, Mandi Gobindgarh - PPCB","24-08-2026 11:00:00",30.649961,76.331442,NO2,24,25,24
India,Rajasthan,Jaipur,"RIICO Sitapura, Jaipur - RSPCB","24-08-2026 11:00:00",26.786682,75.827928,NH3,3,3,3
India,Rajasthan,Jaipur,"Shastri Nagar, Jaipur - RSPCB","24-08-2026 11:00:00",26.9502929,75.730943,NO2,21,34,26
India,Rajasthan,Jaipur,"Shastri Nagar, Jaipur - RSPCB","24-08-2026 11:00:00",26.9502929,75.730943,CO,4,18,9
India,Rajasthan,Jaipur,"Shastri Nagar, Jaipur - RSPCB","24-08-2026 11:00:00",26.9502929,75.730943,OZONE,21,30,25
India,Rajasthan,Jaipur,"Adarsh Nagar, Jaipur - RSPCB","24-08-2026 11:00:00",26.902909,75.836858,PM2.5,NA,NA,NA
India,Rajasthan,Jaisalmer,"Sadar Bazar, Jaisalmer - RSPCB","24-08-2026 11:00:00",26.912329,70.909168,NO2,14,111,73
India,Rajasthan,Jalore,"Mudtra Sili, Jalore - RSPCB","24-08-2026 11:00:00",25.344694,72.626208,PM2.5,22,65,40
India,Rajasthan,Jalore,"Mudtra Sili, Jalore - RSPCB","24-08-2026 11:00:00",25.344694,72.626208,NO2,4,14,7
India,Rajasthan,Jalore,"Mudtra Sili, Jalore - RSPCB","24-08-2026 11:00:00",25.344694,72.626208,NH3,2,5,3
India,Rajasthan,Jalore,"Mudtra Sili, Jalore - RSPCB","24-08-2026 11:00:00",25.344694,72.626208,SO2,3,4,3
India,Rajasthan,Jhalawar,"Rajlaxmi Nagar, Jhalawar - RSPCB","24-08-2026 11:00:00",24.588397,76.172782,CO,25,38,33
India,Rajasthan,Jhalawar,"Rajlaxmi Nagar, Jhalawar - RSPCB","24-08-2026 11:00:00",24.588397,76.172782,OZONE,20,31,25
India,Rajasthan,Jhunjhunu,"Indra Nagar, Jhunjhunu - RSPCB","24-08-2026 11:00:00",28.108988,75.386577,NH3,3,7,5
India,Rajasthan,Chittorgarh,"Shastri Nagar, Chittorgarh - RSPCB","24-08-2026 11:00:00",24.892047,74.623527,NH3,8,11,9
India,Rajasthan,Dausa,"Khatikan Mohalla, Dausa - RSPCB","24-08-2026 11:00:00",26.895552,76.334753,NH3,4,10,6
India,Rajasthan,Dungarpur,"Bhoiwada, Dungarpur - RSPCB","24-08-2026 11:00:00",23.837789,73.714926,PM2.5,20,58,39
India,Rajasthan,Dungarpur,"Bhoiwada, Dungarpur - RSPCB","24-08-2026 11:00:00",23.837789,73.714926,SO2,3,6,5
India,Rajasthan,Hanumangarh,"Housing Board, Hanumangarh - RSPCB","24-08-2026 11:00:00",29.61075,74.283608,CO,16,28,21
India,Rajasthan,Jaipur,"Mansarovar Sector-12, Jaipur - RSPCB","24-08-2026 11:00:00",26.843698,75.766894,NH3,1,4,2
India,Rajasthan,Jaipur,"Mansarovar Sector-12, Jaipur - RSPCB","24-08-2026 11:00:00",26.843698,75.766894,OZONE,19,45,39
India,Rajasthan,Jaipur,"Sector-2 Murlipura, Jaipur - RSPCB","24-08-2026 11:00:00",26.960669,75.771817,NO2,7,27,17
India,Rajasthan,Jaipur,"Sector-2 Murlipura, Jaipur - RSPCB","24-08-2026 11:00:00",26.960669,75.771817,NH3,4,8,5
India,Mizoram,Aizawl,"Sikulpuikawn, Aizawl - Mizoram PCB","24-08-2026 11:00:00",23.7176342,92.7192841,PM2.5,NA,NA,NA
India,Odisha,Angul,"Hakimapada, Angul - OSPCB","24-08-2026 11:00:00",20.832874,85.104082,PM2.5,3,90,44
India,Odisha,Angul,"Hakimapada, Angul - OSPCB","24-08-2026 11:00:00",20.832874,85.104082,OZONE,31,62,43
India,Odisha,Barbil,"Forest Office, Barbil - OSPCB","24-08-2026 11:00:00",22.1166054,85.3945546,SO2,6,18,10
India,Odisha,Baripada,"Meher Colony, Baripada - OSPCB","24-08-2026 11:00:00",21.941841,86.728318,PM2.5,14,34,21
India,Odisha,Baripada,"Meher Colony, Baripada - OSPCB","24-08-2026 11:00:00",21.941841,86.728318,NO2,2,16,10
India,Odisha,Bhubaneswar,"Patia, Bhubaneswar - OSPCB","24-08-2026 11:00:00",20.34652,85.8163,PM2.5,5,88,29
India,Odisha,Bhubaneswar,"Patia, Bhubaneswar - OSPCB","24-08-2026 11:00:00",20.34652,85.8163,NO2,3,23,12
India,Odisha,Bhubaneswar,"Lingraj Mandir, Bhubaneswar - OSPCB","24-08-2026 11:00:00",20.24079,85.836784,OZONE,15,16,16
India,Odisha,Keonjhar,"Jagamohanpur, Keonjhar - OSPCB","24-08-2026 11:00:00",21.6439,85.599355,SO2,16,21,18
India,Odisha,Keonjhar,"Jagamohanpur, Keonjhar - OSPCB","24-08-2026 11:00:00",21.6439,85.599355,CO,38,45,42
India,Odisha,Rourkela,"Sector-2, Rourkela - OSPCB","24-08-2026 11:00:00",22.245,84.88111111,NO2,11,11,11
India,Odisha,Rourkela,"Sector-2, Rourkela - OSPCB","24-08-2026 11:00:00",22.245,84.88111111,CO,13,13,13
India,Odisha,Rourkela,"Raghunathpali, Rourkela - OSPCB","24-08-2026 11:00:00",22.220833,84.809444,PM10,18,62,38
India,Odisha,Rourkela,"Raghunathpali, Rourkela - OSPCB","24-08-2026 11:00:00",22.220833,84.809444,OZONE,3,7,4
India,Odisha,Rourkela,"Fertilizer Township, Rourkela - OSPCB","24-08-2026 11:00:00",22.18972222,84.86277778,SO2,NA,NA,NA
India,Rajasthan,Bharatpur,"Krishna Nagar, Bharatpur - RSPCB","24-08-2026 11:00:00",27.215415,77.50873,CO,12,20,15
India,Rajasthan,Bhilwara,"Pratap Nagar, Bhilwara - RSPCB","24-08-2026 11:00:00",25.339605,74.618883,CO,24,24,24
India,Rajasthan,Bikaner,"MM Ground, Bikaner - RSPCB","24-08-2026 11:00:00",28.018792,73.292658,NO2,2,16,8
India,Rajasthan,Bundi,"New Colony, Bundi - RSPCB","24-08-2026 11:00:00",25.435774,75.644272,PM2.5,10,68,33
India,Rajasthan,Bundi,"New Colony, Bundi - RSPCB","24-08-2026 11:00:00",25.435774,75.644272,NH3,4,6,5
India,Rajasthan,Bundi,"New Colony, Bundi - RSPCB","24-08-2026 11:00:00",25.435774,75.644272,SO2,6,12,7
India,Maharashtra,Ulhasnagar,"Sidhi Vinayak Nagar, Ulhasnagar - MPCB","24-08-2026 11:00:00",19.235581,73.159121,PM10,38,70,57
India,Maharashtra,Ulhasnagar,"Vithalwadi, Ulhasnagar - MPCB","24-08-2026 11:00:00",19.2307571,73.155192,PM2.5,17,42,25
India,Maharashtra,Ulhasnagar,"Vithalwadi, Ulhasnagar - MPCB","24-08-2026 11:00:00",19.2307571,73.155192,SO2,7,28,10
India,Meghalaya,Shillong,"Lumpyngngad, Shillong - Meghalaya PCB","24-08-2026 11:00:00",25.5586,91.8985,PM10,NA,NA,NA
India,Rajasthan,Tonk,"Shastri Nagar, Tonk - RSPCB","24-08-2026 11:00:00",26.159933,75.780517,CO,37,65,51
India,Rajasthan,Udaipur,"Ashok Nagar, Udaipur - RSPCB","24-08-2026 11:00:00",24.5886166,73.6321397,CO,9,36,19
India,Sikkim,Gangtok,"Zero Point GICI, Gangtok - SSPCB","24-08-2026 11:00:00",27.33853,88.614099,NO2,6,8,8
India,"Tamil Nadu",Chennai,"Kodungaiyur, Chennai - TNPCB","24-08-2026 11:00:00",13.1278,80.2642,CO,27,31,30
India,"Tamil Nadu",Chennai,"Kodungaiyur, Chennai - TNPCB","24-08-2026 11:00:00",13.1278,80.2642,OZONE,27,33,31
India,"Tamil Nadu",Chennai,"Arumbakkam, Chennai - TNPCB","24-08-2026 11:00:00",13.0664,80.2112,SO2,0,3,1
India,"Tamil Nadu",Chennai,"Arumbakkam, Chennai - TNPCB","24-08-2026 11:00:00",13.0664,80.2112,OZONE,NA,NA,NA
India,"Tamil Nadu",Chennai,"Velachery Res. Area, Chennai - CPCB","24-08-2026 11:00:00",13.0052189,80.2398125,NH3,3,3,3
India,"Tamil Nadu",Chennai,"Perungudi, Chennai - TNPCB","24-08-2026 11:00:00",12.9533,80.2357,NH3,0,1,0
India,"Tamil Nadu",Chennai,"Manali Village, Chennai - TNPCB","24-08-2026 11:00:00",13.1662,80.2584,PM10,19,82,41
India,"Tamil Nadu",Chennai,"Manali Village, Chennai - TNPCB","24-08-2026 11:00:00",13.1662,80.2584,NO2,15,21,19
India,"Tamil Nadu",Chennai,"Manali, Chennai - CPCB","24-08-2026 11:00:00",13.164544,80.26285,PM2.5,23,34,27
India,"Tamil Nadu",Chennai,"Royapuram, Chennai - TNPCB","24-08-2026 11:00:00",13.1036,80.2909,OZONE,26,35,31
India,Rajasthan,Kota,"Shrinath Puram, Kota - RSPCB","24-08-2026 11:00:00",25.14389,75.821256,SO2,4,9,6
India,Rajasthan,Kota,"Shrinath Puram, Kota - RSPCB","24-08-2026 11:00:00",25.14389,75.821256,CO,31,55,42
India,Rajasthan,Pali,"Indira Colony Vistar, Pali - RSPCB","24-08-2026 11:00:00",25.771061,73.340227,PM2.5,NA,NA,NA
India,Rajasthan,Pali,"Indira Colony Vistar, Pali - RSPCB","24-08-2026 11:00:00",25.771061,73.340227,PM10,NA,NA,NA
India,Rajasthan,Pali,"Indira Colony Vistar, Pali - RSPCB","24-08-2026 11:00:00",25.771061,73.340227,CO,43,56,50
India,Rajasthan,Pali,"Indira Colony Vistar, Pali - RSPCB","24-08-2026 11:00:00",25.771061,73.340227,OZONE,20,20,20
India,Rajasthan,Pratapgarh,"Pragati Nagar, Pratapgarh - RSPCB","24-08-2026 11:00:00",24.041198,74.780702,CO,8,12,10
India,Rajasthan,Rajsamand,"Dhoinda, Rajsamand - RSPCB","24-08-2026 11:00:00",25.03636,73.883502,PM2.5,15,87,51
India,Rajasthan,Rajsamand,"Dhoinda, Rajsamand - RSPCB","24-08-2026 11:00:00",25.03636,73.883502,CO,5,11,8
India,Rajasthan,Sikar,"Radhakishan Pura, Sikar - RSPCB","24-08-2026 11:00:00",27.608912,75.153302,PM2.5,35,72,54
India,Rajasthan,Sikar,"Radhakishan Pura, Sikar - RSPCB","24-08-2026 11:00:00",27.608912,75.153302,NH3,9,13,10
India,Rajasthan,Sirohi,"Vedhaynath Colony, Sirohi - RSPCB","24-08-2026 11:00:00",24.885261,72.857549,OZONE,15,39,24
India,Rajasthan,"Sri Ganganagar","Old City, Sri Ganganagar - RSPCB","24-08-2026 11:00:00",29.931624,73.864511,PM10,76,153,105
India,Rajasthan,"Sri Ganganagar","Old City, Sri Ganganagar - RSPCB","24-08-2026 11:00:00",29.931624,73.864511,OZONE,8,20,13
India,Telangana,Hyderabad,"Zoo Park, Hyderabad - TSPCB","24-08-2026 11:00:00",17.349694,78.451437,SO2,1,2,2
India,Telangana,Hyderabad,"Zoo Park, Hyderabad - TSPCB","24-08-2026 11:00:00",17.349694,78.451437,OZONE,4,5,4
India,Telangana,Hyderabad,"Central University, Hyderabad - TSPCB","24-08-2026 11:00:00",17.460103,78.334361,NH3,0,5,3
India,Telangana,Hyderabad,"IITH Kandi, Hyderabad - TSPCB","24-08-2026 11:00:00",17.585705,78.126199,NH3,2,3,3
India,Telangana,Hyderabad,"IITH Kandi, Hyderabad - TSPCB","24-08-2026 11:00:00",17.585705,78.126199,OZONE,14,14,14
India,Telangana,Hyderabad,"Nacharam_TSIIC IALA, Hyderabad - TSPCB","24-08-2026 11:00:00",17.429398,78.569354,CO,27,28,28
India,Telangana,Hyderabad,"New Malakpet, Hyderabad - TSPCB","24-08-2026 11:00:00",17.37206,78.50864,NH3,2,3,2
India,Telangana,Hyderabad,"New Malakpet, Hyderabad - TSPCB","24-08-2026 11:00:00",17.37206,78.50864,CO,18,25,20
India,Telangana,Hyderabad,"Kokapet, Hyderabad - TSPCB","24-08-2026 11:00:00",17.393559,78.339194,NH3,2,3,3
India,Telangana,Hyderabad,"Kokapet, Hyderabad - TSPCB","24-08-2026 11:00:00",17.393559,78.339194,CO,16,20,17
India,Telangana,Hyderabad,"ECIL Kapra, Hyderabad - TSPCB","24-08-2026 11:00:00",17.470431,78.566959,PM10,48,58,51
India,Telangana,Hyderabad,"Kompally Municipal Office, Hyderabad - TSPCB","24-08-2026 11:00:00",17.544899,78.486949,PM2.5,27,32,29
India,Telangana,Hyderabad,"Kompally Municipal Office, Hyderabad - TSPCB","24-08-2026 11:00:00",17.544899,78.486949,NH3,2,3,2
India,"Tamil Nadu",Coimbatore,"SIDCO Kurichi, Coimbatore - TNPCB","24-08-2026 11:00:00",10.942451,76.978996,SO2,27,29,28
India,"Tamil Nadu",Coimbatore,"SIDCO Kurichi, Coimbatore - TNPCB","24-08-2026 11:00:00",10.942451,76.978996,CO,26,33,28
India,"Tamil Nadu",Cuddalore,"Kudikadu, Cuddalore - TNPCB","24-08-2026 11:00:00",11.6829898,79.7532099,PM2.5,8,39,18
India,"Tamil Nadu",Cuddalore,"Kudikadu, Cuddalore - TNPCB","24-08-2026 11:00:00",11.6829898,79.7532099,CO,NA,NA,NA
India,"Tamil Nadu",Cuddalore,"Kudikadu, Cuddalore - TNPCB","24-08-2026 11:00:00",11.6829898,79.7532099,OZONE,13,13,13
India,"Tamil Nadu",Gummidipoondi,"Anthoni Pillai Nagar, Gummidipoondi - TNPCB","24-08-2026 11:00:00",13.4127,80.1081,PM2.5,34,223,86
India,"Tamil Nadu",Gummidipoondi,"Anthoni Pillai Nagar, Gummidipoondi - TNPCB","24-08-2026 11:00:00",13.4127,80.1081,NO2,14,26,19
India,"Tamil Nadu",Gummidipoondi,"Anthoni Pillai Nagar, Gummidipoondi - TNPCB","24-08-2026 11:00:00",13.4127,80.1081,SO2,8,29,19
India,"Tamil Nadu",Gummidipoondi,"Anthoni Pillai Nagar, Gummidipoondi - TNPCB","24-08-2026 11:00:00",13.4127,80.1081,CO,NA,NA,NA
India,"Tamil Nadu",Gummidipoondi,"Anthoni Pillai Nagar, Gummidipoondi - TNPCB","24-08-2026 11:00:00",13.4127,80.1081,OZONE,NA,NA,NA
India,"Tamil Nadu",Thoothukudi,"Meelavittan, Thoothukudi - TNPCB","24-08-2026 11:00:00",8.816428,78.099039,OZONE,29,33,31
India,Telangana,Hyderabad,"Bollaram Industrial Area, Hyderabad - TSPCB","24-08-2026 11:00:00",17.518,78.383,PM2.5,NA,NA,NA
India,Telangana,Hyderabad,"Bollaram Industrial Area, Hyderabad - TSPCB","24-08-2026 11:00:00",17.518,78.383,PM10,NA,NA,NA
India,Telangana,Hyderabad,"Sanathnagar, Hyderabad - TSPCB","24-08-2026 11:00:00",17.4559458,78.4332152,PM2.5,5,82,23
India,Telangana,Hyderabad,"Sanathnagar, Hyderabad - TSPCB","24-08-2026 11:00:00",17.4559458,78.4332152,PM10,NA,NA,NA
India,Telangana,Hyderabad,"Sanathnagar, Hyderabad - TSPCB","24-08-2026 11:00:00",17.4559458,78.4332152,OZONE,15,17,16
India,Tripura,Agartala,"Bardowali, Agartala - Tripura SPCB","24-08-2026 11:00:00",23.8175497,91.2726974,PM2.5,22,53,40
India,Tripura,Agartala,"Bardowali, Agartala - Tripura SPCB","24-08-2026 11:00:00",23.8175497,91.2726974,NO2,12,16,13
India,Tripura,Agartala,"Bardowali, Agartala - Tripura SPCB","24-08-2026 11:00:00",23.8175497,91.2726974,SO2,12,13,13
India,"Uttar Pradesh",Agra,"Rohta, Agra - UPPCB","24-08-2026 11:00:00",27.106972,78.000111,PM10,24,81,46
India,"Uttar Pradesh",Agra,"Sector-3B Avas Vikas Colony, Agra - UPPCB","24-08-2026 11:00:00",27.19412,77.96237,SO2,26,27,26
India,"Uttar Pradesh",Agra,"Sector-3B Avas Vikas Colony, Agra - UPPCB","24-08-2026 11:00:00",27.19412,77.96237,OZONE,12,28,16
India,"Uttar Pradesh",Agra,"Shahjahan Garden, Agra - UPPCB","24-08-2026 11:00:00",27.169338,78.03582,PM10,30,51,40
India,"Uttar Pradesh",Firozabad,"Nagla Bhau, Firozabad - UPPCB","24-08-2026 11:00:00",27.168897,78.37696,SO2,7,90,26
India,"Uttar Pradesh",Firozabad,"Vibhab Nagar, Firozabad - UPPCB","24-08-2026 11:00:00",27.1594,78.3953,SO2,4,6,5
India,"Uttar Pradesh",Gajraula,"Rajanpur, Gajraula - UPPCB","24-08-2026 11:00:00",28.829109,78.248796,PM2.5,26,186,72
India,"Uttar Pradesh",Gajraula,"Rajanpur, Gajraula - UPPCB","24-08-2026 11:00:00",28.829109,78.248796,CO,49,64,58
India,"Uttar Pradesh",Ghaziabad,"Ved Vihar-Loni, Ghaziabad - UPPCB","24-08-2026 11:00:00",28.739153,77.273668,NO2,14,75,30
India,"Uttar Pradesh",Ghaziabad,"Ved Vihar-Loni, Ghaziabad - UPPCB","24-08-2026 11:00:00",28.739153,77.273668,NH3,4,21,9
India,"Uttar Pradesh",Ghaziabad,"Ved Vihar-Loni, Ghaziabad - UPPCB","24-08-2026 11:00:00",28.739153,77.273668,OZONE,3,8,5
India,"Uttar Pradesh",Ghaziabad,"Sanjay Nagar, Ghaziabad - UPPCB","24-08-2026 11:00:00",28.685382,77.453839,PM2.5,11,318,58
India,"Uttar Pradesh",Ghaziabad,"Indirapuram, Ghaziabad - UPPCB","24-08-2026 11:00:00",28.646233,77.358075,NO2,16,68,36
India,"Uttar Pradesh",Agra,"Shastripuram, Agra - UPPCB","24-08-2026 11:00:00",27.19862,77.92066,OZONE,2,4,3
India,"Uttar Pradesh",Baghpat,"Sardar Patel Inter College, Baghpat - UPPCB","24-08-2026 11:00:00",28.964949,77.278761,NO2,10,36,22
India,"Uttar Pradesh",Baraut,"Nagar Palika Parishad, Baraut - UPPCB","24-08-2026 11:00:00",29.09956,77.26235,PM10,41,116,90
India,"Uttar Pradesh",Baraut,"Nagar Palika Parishad, Baraut - UPPCB","24-08-2026 11:00:00",29.09956,77.26235,NH3,NA,NA,NA
India,"Uttar Pradesh",Baraut,"Nagar Palika Parishad, Baraut - UPPCB","24-08-2026 11:00:00",29.09956,77.26235,SO2,2,3,2
India,"Uttar Pradesh",Bareilly,"Rajendra Nagar, Bareilly - UPPCB","24-08-2026 11:00:00",28.38910936,79.42963708,PM10,32,271,61
India,"Uttar Pradesh",Bareilly,"Rajendra Nagar, Bareilly - UPPCB","24-08-2026 11:00:00",28.38910936,79.42963708,CO,22,24,23
India,"Uttar Pradesh",Bulandshahr,"Yamunapuram, Bulandshahr - UPPCB","24-08-2026 11:00:00",28.406963,77.849831,PM2.5,5,59,31
India,"Uttar Pradesh",Bulandshahr,"Yamunapuram, Bulandshahr - UPPCB","24-08-2026 11:00:00",28.406963,77.849831,PM10,14,143,62
India,"Uttar Pradesh",Bulandshahr,"Yamunapuram, Bulandshahr - UPPCB","24-08-2026 11:00:00",28.406963,77.849831,CO,24,100,46
India,"Uttar Pradesh",Bulandshahr,"Yamunapuram, Bulandshahr - UPPCB","24-08-2026 11:00:00",28.406963,77.849831,OZONE,10,49,24
India,"Uttar Pradesh",Agra,"Manoharpur, Agra - UPPCB","24-08-2026 11:00:00",27.23711,78.01936,SO2,12,77,29
India,"Uttar Pradesh",Agra,"Manoharpur, Agra - UPPCB","24-08-2026 11:00:00",27.23711,78.01936,CO,20,20,20
India,"Uttar Pradesh",Agra,"Manoharpur, Agra - UPPCB","24-08-2026 11:00:00",27.23711,78.01936,OZONE,6,6,6
India,"Uttar Pradesh",Agra,"Sanjay Palace, Agra - UPPCB","24-08-2026 11:00:00",27.19865833,78.00598056,OZONE,1,3,2
India,"Uttar Pradesh",Varanasi,"IESD Banaras Hindu University, Varanasi - UPPCB","24-08-2026 11:00:00",25.262326,82.995408,NH3,0,0,0
India,"Uttar Pradesh",Vrindavan,"Omex Eternity, Vrindavan - UPPCB","24-08-2026 11:00:00",27.571409,77.655757,PM2.5,6,93,50
India,"Uttar Pradesh",Vrindavan,"Omex Eternity, Vrindavan - UPPCB","24-08-2026 11:00:00",27.571409,77.655757,NO2,27,27,27
India,"Uttar Pradesh",Vrindavan,"Omex Eternity, Vrindavan - UPPCB","24-08-2026 11:00:00",27.571409,77.655757,NH3,8,9,8
India,Uttarakhand,Dehradun,"Doon University, Dehradun - UKPCB","24-08-2026 11:00:00",30.269444,78.044167,NH3,NA,NA,NA
India,Uttarakhand,Dehradun,"Doon University, Dehradun - UKPCB","24-08-2026 11:00:00",30.269444,78.044167,SO2,0,1,1
India,Uttarakhand,Dehradun,"Doon University, Dehradun - UKPCB","24-08-2026 11:00:00",30.269444,78.044167,OZONE,2,16,5
India,Uttarakhand,Rishikesh,"Shivaji Nagar, Rishikesh - UKPCB","24-08-2026 11:00:00",30.075911,78.2859547,PM2.5,2,2,2
India,Uttarakhand,Rishikesh,"Shivaji Nagar, Rishikesh - UKPCB","24-08-2026 11:00:00",30.075911,78.2859547,NO2,7,7,7
India,Uttarakhand,Rishikesh,"Shivaji Nagar, Rishikesh - UKPCB","24-08-2026 11:00:00",30.075911,78.2859547,CO,37,37,37
India,Uttarakhand,Rishikesh,"Shivaji Nagar, Rishikesh - UKPCB","24-08-2026 11:00:00",30.075911,78.2859547,OZONE,15,15,15
India,"West Bengal",Asansol,"Asansol Court Area, Asansol - WBPCB","24-08-2026 11:00:00",23.685297,86.945968,OZONE,17,22,20
India,"West Bengal",Asansol,"Evelyn Lodge, Asansol - WBPCB","24-08-2026 11:00:00",23.697936,86.944395,PM2.5,1,33,7
India,"West Bengal",Asansol,"Evelyn Lodge, Asansol - WBPCB","24-08-2026 11:00:00",23.697936,86.944395,NO2,9,17,12
India,"West Bengal",Asansol,"Mahabir Colliery, Asansol - WBPCB","24-08-2026 11:00:00",23.618183,87.105718,PM10,18,44,28
India,"West Bengal",Asansol,"Mahabir Colliery, Asansol - WBPCB","24-08-2026 11:00:00",23.618183,87.105718,SO2,2,4,3
India,"West Bengal",Asansol,"Trivenidevi Bhalotia College, Asansol - WBPCB","24-08-2026 11:00:00",23.616515,87.119133,PM10,7,48,22
India,"West Bengal",Asansol,"Trivenidevi Bhalotia College, Asansol - WBPCB","24-08-2026 11:00:00",23.616515,87.119133,SO2,40,47,43
India,"West Bengal",Barrackpore,"SVSPA Campus, Barrackpore - WBPCB","24-08-2026 11:00:00",22.7605581,88.3617589,PM2.5,13,28,20
India,"West Bengal",Barrackpore,"SVSPA Campus, Barrackpore - WBPCB","24-08-2026 11:00:00",22.7605581,88.3617589,OZONE,4,8,6
India,"West Bengal",Durgapur,"PCBL Residential Complex, Durgapur - WBPCB","24-08-2026 11:00:00",23.508764,87.35444,PM2.5,4,18,9
India,"Uttar Pradesh",Ghaziabad,"Indirapuram, Ghaziabad - UPPCB","24-08-2026 11:00:00",28.646233,77.358075,NH3,4,6,6
India,"Uttar Pradesh",Ghaziabad,"Indirapuram, Ghaziabad - UPPCB","24-08-2026 11:00:00",28.646233,77.358075,CO,17,20,18
India,"Uttar Pradesh",Ghaziabad,"Wave City, Ghaziabad - UPPCB","24-08-2026 11:00:00",28.646675,77.489049,PM10,NA,NA,NA
India,"Uttar Pradesh",Ghaziabad,"Wave City, Ghaziabad - UPPCB","24-08-2026 11:00:00",28.646675,77.489049,SO2,2,3,3
India,"Uttar Pradesh",Ghaziabad,"Wave City, Ghaziabad - UPPCB","24-08-2026 11:00:00",28.646675,77.489049,OZONE,1,14,5
India,"Uttar Pradesh",Ghaziabad,"Loni, Ghaziabad - UPPCB","24-08-2026 11:00:00",28.757294,77.278792,OZONE,4,28,13
India,"Uttar Pradesh",Ghaziabad,"Govindpuram, Ghaziabad - UPPCB","24-08-2026 11:00:00",28.694528,77.494705,PM2.5,16,50,36
India,"Uttar Pradesh",Ghaziabad,"Govindpuram, Ghaziabad - UPPCB","24-08-2026 11:00:00",28.694528,77.494705,NO2,41,62,47
India,"Uttar Pradesh",Ghaziabad,"Govindpuram, Ghaziabad - UPPCB","24-08-2026 11:00:00",28.694528,77.494705,SO2,1,2,1
India,"Uttar Pradesh",Ghaziabad,"Govindpuram, Ghaziabad - UPPCB","24-08-2026 11:00:00",28.694528,77.494705,CO,35,46,40
India,"Uttar Pradesh","Greater Noida","Knowledge Park - V, Greater Noida - UPPCB","24-08-2026 11:00:00",28.557054,77.453663,PM2.5,30,212,66
India,"Uttar Pradesh","Greater Noida","Knowledge Park - III, Greater Noida - UPPCB","24-08-2026 11:00:00",28.47272,77.482,NH3,6,9,7
India,"Uttar Pradesh",Jhansi,"Shivaji Nagar, Jhansi - UPPCB","24-08-2026 11:00:00",25.4547,78.6039,OZONE,6,6,6
India,"Uttar Pradesh",Kanpur,"NSI Kalyanpur, Kanpur - UPPCB","24-08-2026 11:00:00",26.509954,80.249612,PM10,33,77,53
India,"Uttar Pradesh",Kanpur,"Nehru Nagar, Kanpur - UPPCB","24-08-2026 11:00:00",26.4703136,80.3229863,NO2,44,48,47
India,"Uttar Pradesh",Khora,"Prashant Garden, Khora - UPPCB","24-08-2026 11:00:00",28.61119,77.34206,PM2.5,75,258,140
India,"West Bengal",Durgapur,"Mahishkapur Road_B-Zone, Durgapur - WBPCB","24-08-2026 11:00:00",23.567923,87.306843,PM2.5,0,22,10
India,"West Bengal",Durgapur,"Mahishkapur Road_B-Zone, Durgapur - WBPCB","24-08-2026 11:00:00",23.567923,87.306843,CO,35,69,49
India,"West Bengal",Durgapur,"Mahishkapur Road_B-Zone, Durgapur - WBPCB","24-08-2026 11:00:00",23.567923,87.306843,OZONE,15,27,20
India,"West Bengal",Durgapur,"Womens College_City Center, Durgapur - WBPCB","24-08-2026 11:00:00",23.549395,87.300496,SO2,12,12,12
India,"West Bengal",Haldia,"Priyambada Housing Estate, Haldia - WBPCB","24-08-2026 11:00:00",22.06047,88.109737,PM10,21,43,30
India,"West Bengal",Haldia,"Priyambada Housing Estate, Haldia - WBPCB","24-08-2026 11:00:00",22.06047,88.109737,NO2,7,18,11
India,"West Bengal",Howrah,"Dasnagar, Howrah - WBPCB","24-08-2026 11:00:00",22.6025571,88.3105664,PM10,5,78,41
India,"West Bengal",Howrah,"Dasnagar, Howrah - WBPCB","24-08-2026 11:00:00",22.6025571,88.3105664,OZONE,20,25,22
India,"West Bengal",Howrah,"Botanical Garden, Howrah - WBPCB","24-08-2026 11:00:00",22.554954,88.292568,NH3,0,1,1
India,"West Bengal",Howrah,"Botanical Garden, Howrah - WBPCB","24-08-2026 11:00:00",22.554954,88.292568,OZONE,14,18,16
India,"West Bengal",Howrah,"Ghusuri, Howrah - WBPCB","24-08-2026 11:00:00",22.611968,88.347422,NH3,2,3,3
India,"West Bengal",Howrah,"Ghusuri, Howrah - WBPCB","24-08-2026 11:00:00",22.611968,88.347422,SO2,2,11,8
India,"West Bengal",Howrah,"Padmapukur, Howrah - WBPCB","24-08-2026 11:00:00",22.5687319,88.2797276,NO2,9,13,12
India,"West Bengal",Howrah,"Padmapukur, Howrah - WBPCB","24-08-2026 11:00:00",22.5687319,88.2797276,SO2,4,7,5
India,"West Bengal",Kolkata,"Jadavpur, Kolkata - WBPCB","24-08-2026 11:00:00",22.49929,88.36917,NO2,17,59,30
India,"West Bengal",Kolkata,"Jadavpur, Kolkata - WBPCB","24-08-2026 11:00:00",22.49929,88.36917,SO2,5,5,5
India,"Uttar Pradesh",Meerut,"Pallavpuram Phase 2, Meerut - UPPCB","24-08-2026 11:00:00",29.06351,77.709723,NO2,18,71,36
India,"Uttar Pradesh",Meerut,"Pallavpuram Phase 2, Meerut - UPPCB","24-08-2026 11:00:00",29.06351,77.709723,OZONE,7,18,11
India,"Uttar Pradesh",Meerut,"Ganga Nagar, Meerut - UPPCB","24-08-2026 11:00:00",28.999264,77.7590354,NO2,28,43,33
India,"Uttar Pradesh",Meerut,"Ganga Nagar, Meerut - UPPCB","24-08-2026 11:00:00",28.999264,77.7590354,NH3,5,7,6
India,"Uttar Pradesh",Meerut,"Ganga Nagar, Meerut - UPPCB","24-08-2026 11:00:00",28.999264,77.7590354,SO2,24,30,26
India,"Uttar Pradesh",Moradabad,"Eco Herbal Park, Moradabad - UPPCB","24-08-2026 11:00:00",28.840739,78.697531,PM10,9,98,45
India,"Uttar Pradesh",Moradabad,"Eco Herbal Park, Moradabad - UPPCB","24-08-2026 11:00:00",28.840739,78.697531,NO2,14,25,19
India,"Uttar Pradesh",Moradabad,"Eco Herbal Park, Moradabad - UPPCB","24-08-2026 11:00:00",28.840739,78.697531,NH3,6,7,7
India,"Uttar Pradesh",Moradabad,"Buddhi Vihar, Moradabad - UPPCB","24-08-2026 11:00:00",28.83526,78.7446,PM10,22,92,48
India,"Uttar Pradesh",Moradabad,"Buddhi Vihar, Moradabad - UPPCB","24-08-2026 11:00:00",28.83526,78.7446,CO,8,14,11
India,"Uttar Pradesh",Moradabad,"Jigar Colony, Moradabad - UPPCB","24-08-2026 11:00:00",28.856664,78.772638,OZONE,22,23,22
India,"Uttar Pradesh",Moradabad,"Kashiram Nagar, Moradabad - UPPCB","24-08-2026 11:00:00",28.849399,78.742362,PM10,18,77,37
India,"Uttar Pradesh",Moradabad,"Kashiram Nagar, Moradabad - UPPCB","24-08-2026 11:00:00",28.849399,78.742362,OZONE,14,18,17
India,"Uttar Pradesh",Moradabad,"Employment Office, Moradabad - UPPCB","24-08-2026 11:00:00",28.88528,78.7388,PM2.5,24,74,52
India,"Uttar Pradesh",Moradabad,"Employment Office, Moradabad - UPPCB","24-08-2026 11:00:00",28.88528,78.7388,SO2,32,33,33
India,"Uttar Pradesh",Moradabad,"Employment Office, Moradabad - UPPCB","24-08-2026 11:00:00",28.88528,78.7388,CO,11,12,11
India,"Uttar Pradesh",Muzaffarnagar,"New Mandi, Muzaffarnagar - UPPCB","24-08-2026 11:00:00",29.4723508,77.7194031,SO2,4,57,17
India,"Uttar Pradesh",Noida,"Sector - 125, Noida - UPPCB","24-08-2026 11:00:00",28.5447608,77.3231257,SO2,5,9,7
India,"Uttar Pradesh",Noida,"Sector - 125, Noida - UPPCB","24-08-2026 11:00:00",28.5447608,77.3231257,OZONE,24,74,49
India,"Uttar Pradesh",Noida,"Sector - 62, Noida - IITM","24-08-2026 11:00:00",28.6245479,77.3577104,NH3,NA,NA,NA
India,"Uttar Pradesh",Noida,"Sector-1, Noida - UPPCB","24-08-2026 11:00:00",28.5898,77.3101,NH3,9,13,11
India,"Uttar Pradesh",Noida,"Sector-1, Noida - UPPCB","24-08-2026 11:00:00",28.5898,77.3101,SO2,5,11,8
India,"Uttar Pradesh",Noida,"Sector-1, Noida - UPPCB","24-08-2026 11:00:00",28.5898,77.3101,CO,10,112,65
India,"Uttar Pradesh",Noida,"Sector-116, Noida - UPPCB","24-08-2026 11:00:00",28.56923,77.393848,SO2,6,10,8
India,"Uttar Pradesh",Prayagraj,"Nagar Nigam, Prayagraj - UPPCB","24-08-2026 11:00:00",25.44919916,81.82735986,CO,19,21,19
India,"Uttar Pradesh",Prayagraj,"Jhunsi, Prayagraj - UPPCB","24-08-2026 11:00:00",25.425602,81.917152,OZONE,26,33,29
India,"Uttar Pradesh",Raebareli," Indira Nagar, Raebareli - NTPC Unchahar","24-08-2026 11:00:00",26.207781,81.245571,PM2.5,26,51,43
India,"Uttar Pradesh",Raebareli," Indira Nagar, Raebareli - NTPC Unchahar","24-08-2026 11:00:00",26.207781,81.245571,NO2,NA,NA,NA
India,"Uttar Pradesh",Raebareli," Indira Nagar, Raebareli - NTPC Unchahar","24-08-2026 11:00:00",26.207781,81.245571,NH3,NA,NA,NA
India,"Uttar Pradesh",Raebareli," Indira Nagar, Raebareli - NTPC Unchahar","24-08-2026 11:00:00",26.207781,81.245571,CO,46,47,47
India,"Uttar Pradesh",Shamli,"New Tehsil, Shamli - UPPCB","24-08-2026 11:00:00",29.4603683,77.3410291,PM10,37,109,75
India,"Uttar Pradesh",Shamli,"New Tehsil, Shamli - UPPCB","24-08-2026 11:00:00",29.4603683,77.3410291,NH3,1,1,1
India,"Uttar Pradesh",Varanasi,"Bhelupur, Varanasi - UPPCB","24-08-2026 11:00:00",25.301778,82.996789,SO2,24,25,24
India,"Uttar Pradesh",Varanasi,"Ardhali Bazar, Varanasi - UPPCB","24-08-2026 11:00:00",25.3505986,82.9083074,PM10,33,94,56
India,"West Bengal",Kolkata,"Rabindra Bharati University, Kolkata - WBPCB","24-08-2026 11:00:00",22.627847,88.380669,OZONE,10,44,21
India,"West Bengal",Kolkata,"Rabindra Sarobar, Kolkata - WBPCB","24-08-2026 11:00:00",22.51106,88.35142,NH3,5,13,6
India,"West Bengal",Kolkata,"Rabindra Sarobar, Kolkata - WBPCB","24-08-2026 11:00:00",22.51106,88.35142,SO2,NA,NA,NA
India,"West Bengal",Kolkata,"Victoria, Kolkata - WBPCB","24-08-2026 11:00:00",22.5448082,88.3403691,PM2.5,15,108,39
India,"West Bengal",Siliguri,"Ward-32 Bapupara, Siliguri - WBPCB","24-08-2026 11:00:00",26.6879226,88.4152495,PM10,24,51,35
India,"West Bengal",Siliguri,"Ward-32 Bapupara, Siliguri - WBPCB","24-08-2026 11:00:00",26.6879226,88.4152495,NO2,109,125,118
India,"West Bengal",Siliguri,"Ward-32 Bapupara, Siliguri - WBPCB","24-08-2026 11:00:00",26.6879226,88.4152495,NH3,14,16,15
India,"West Bengal",Siliguri,"Ward-32 Bapupara, Siliguri - WBPCB","24-08-2026 11:00:00",26.6879226,88.4152495,SO2,12,14,13
India,"Uttar Pradesh",Khora,"Prashant Garden, Khora - UPPCB","24-08-2026 11:00:00",28.61119,77.34206,SO2,4,5,4
India,"Uttar Pradesh",Khurja,"Kalindi Kunj, Khurja - UPPCB","24-08-2026 11:00:00",28.2348927,77.8683002,SO2,10,11,11
India,"Uttar Pradesh",Lucknow,"Talkatora District Industries Center, Lucknow - CPCB","24-08-2026 11:00:00",26.83399722,80.8917361,PM2.5,11,51,27
India,"Uttar Pradesh",Lucknow,"Talkatora District Industries Center, Lucknow - CPCB","24-08-2026 11:00:00",26.83399722,80.8917361,PM10,17,65,31
India,"Uttar Pradesh",Lucknow,"Kendriya Vidyalaya, Lucknow - CPCB","24-08-2026 11:00:00",26.906111,80.948222,PM2.5,12,60,28
India,"Uttar Pradesh",Lucknow,"Kendriya Vidyalaya, Lucknow - CPCB","24-08-2026 11:00:00",26.906111,80.948222,OZONE,22,44,29
India,"Uttar Pradesh",Lucknow,"B R Ambedkar University, Lucknow - UPPCB","24-08-2026 11:00:00",26.766433,80.927299,PM2.5,6,18,12
India,"Uttar Pradesh",Lucknow,"Lalbagh, Lucknow - CPCB","24-08-2026 11:00:00",26.8458805,80.9365541,PM10,20,44,32
India,"Uttar Pradesh",Lucknow,"Lalbagh, Lucknow - CPCB","24-08-2026 11:00:00",26.8458805,80.9365541,OZONE,15,49,27
India,"Uttar Pradesh",Lucknow,"Kukrail Picnic Spot-1, Lucknow - UPPCB","24-08-2026 11:00:00",26.90723,80.98579,SO2,28,31,28
India,"Uttar Pradesh",Mathura,"Pali Dungra, Mathura - UPPCB","24-08-2026 11:00:00",27.410954,77.550619,NH3,1,2,1
India,"Uttar Pradesh",Mathura,"Pali Dungra, Mathura - UPPCB","24-08-2026 11:00:00",27.410954,77.550619,SO2,10,13,12
India,Bihar,Arrah,"New DM Office, Arrah - BSPCB","24-08-2026 11:00:00",25.5626095,84.663264,NO2,5,9,7
India,Bihar,Arrah,"New DM Office, Arrah - BSPCB","24-08-2026 11:00:00",25.5626095,84.663264,OZONE,4,18,10
India,Bihar,Aurangabad,"Gurdeo Nagar, Aurangabad - BSPCB","24-08-2026 11:00:00",24.75746,84.366208,PM2.5,13,302,74
India,Bihar,Aurangabad,"Gurdeo Nagar, Aurangabad - BSPCB","24-08-2026 11:00:00",24.75746,84.366208,PM10,11,149,50
India,Bihar,Aurangabad,"Gurdeo Nagar, Aurangabad - BSPCB","24-08-2026 11:00:00",24.75746,84.366208,OZONE,1,21,8
India,Bihar,Bettiah,"Kamalnath Nagar, Bettiah - BSPCB","24-08-2026 11:00:00",26.80365,84.51954,SO2,10,15,13
India,Bihar,Bhagalpur,"Mayaganj, Bhagalpur - BSPCB","24-08-2026 11:00:00",25.265194,87.012947,NO2,15,18,17
India,Bihar,Bhagalpur,"DM Office_Kachari Chowk, Bhagalpur - BSPCB","24-08-2026 11:00:00",25.251013,86.989001,PM10,NA,NA,NA
India,Bihar,Chhapra,"Darshan Nagar, Chhapra - BSPCB","24-08-2026 11:00:00",25.7808257,84.7446768,PM2.5,89,97,94
India,Bihar,Chhapra,"Darshan Nagar, Chhapra - BSPCB","24-08-2026 11:00:00",25.7808257,84.7446768,PM10,110,116,113
India,Bihar,Chhapra,"Darshan Nagar, Chhapra - BSPCB","24-08-2026 11:00:00",25.7808257,84.7446768,SO2,26,30,29
India,Bihar,Gaya,"SFTI Kusdihra, Gaya - BSPCB","24-08-2026 11:00:00",24.762518,84.982348,PM2.5,24,50,35
India,Bihar,Gaya,"SFTI Kusdihra, Gaya - BSPCB","24-08-2026 11:00:00",24.762518,84.982348,CO,22,27,25
India,Bihar,Patna,"Rajbansi Nagar, Patna - BSPCB","24-08-2026 11:00:00",25.599486,85.113666,CO,NA,NA,NA
India,Bihar,Patna,"Govt. High School Shikarpur, Patna - BSPCB","24-08-2026 11:00:00",25.592539,85.227158,PM2.5,38,45,42
India,Bihar,Patna,"DRM Office Danapur, Patna - BSPCB","24-08-2026 11:00:00",25.586562,85.043586,PM10,55,81,65
India,Bihar,Patna,"DRM Office Danapur, Patna - BSPCB","24-08-2026 11:00:00",25.586562,85.043586,NO2,21,25,23
India,Bihar,Patna,"DRM Office Danapur, Patna - BSPCB","24-08-2026 11:00:00",25.586562,85.043586,SO2,5,7,6
India,Bihar,Patna,"DRM Office Danapur, Patna - BSPCB","24-08-2026 11:00:00",25.586562,85.043586,CO,39,44,41
India,Bihar,Patna,"Muradpur, Patna - BSPCB","24-08-2026 11:00:00",25.619651,85.147382,CO,46,52,50
India,Bihar,Patna,"Samanpura, Patna - BSPCB","24-08-2026 11:00:00",25.596727,85.085624,PM10,44,226,91
India,Bihar,Patna,"Samanpura, Patna - BSPCB","24-08-2026 11:00:00",25.596727,85.085624,CO,22,24,23
India,Bihar,Saharsa,"Police Line, Saharsa - BSPCB","24-08-2026 11:00:00",25.892357,86.590325,CO,36,41,39
India,Bihar,Samastipur,"DM Office_Kasipur, Samastipur - BSPCB","24-08-2026 11:00:00",25.859655,85.77944,PM2.5,8,404,81
India,Bihar,Samastipur,"DM Office_Kasipur, Samastipur - BSPCB","24-08-2026 11:00:00",25.859655,85.77944,CO,1,1,1
India,Bihar,Sasaram,"Dada Peer, Sasaram - BSPCB","24-08-2026 11:00:00",24.952822,84.002396,SO2,3,5,4
India,Assam,Guwahati,"LGBI Airport, Guwahati - PCBA","24-08-2026 11:00:00",26.10887,91.589544,PM10,13,58,35
India,Assam,Guwahati,"Railway Colony, Guwahati - PCBA","24-08-2026 11:00:00",26.181742,91.78063,PM2.5,17,52,33
India,Assam,Nagaon,"Christianpatty, Nagaon - PCBA","24-08-2026 11:00:00",26.349082,92.68449,SO2,9,16,13
India,Assam,Nalbari,"Bata Chowk, Nalbari - PCBA","24-08-2026 11:00:00",26.446912,91.439057,PM2.5,NA,NA,NA
India,Assam,Nalbari,"Bata Chowk, Nalbari - PCBA","24-08-2026 11:00:00",26.446912,91.439057,PM10,NA,NA,NA
India,Assam,Silchar,"Tarapur, Silchar - PCBA","24-08-2026 11:00:00",24.82827,92.79525,PM10,48,53,50
India,Assam,Silchar,"Tarapur, Silchar - PCBA","24-08-2026 11:00:00",24.82827,92.79525,SO2,7,8,7
India,Assam,Silchar,"Tarapur, Silchar - PCBA","24-08-2026 11:00:00",24.82827,92.79525,CO,69,77,73
India,Assam,Sivasagar,"Girls College, Sivasagar - PCBA","24-08-2026 11:00:00",26.987634,94.636574,OZONE,17,33,26
India,Bihar,Araria,"Kharahiya Basti, Araria - BSPCB","24-08-2026 11:00:00",26.146529,87.454184,PM2.5,20,83,37
India,Bihar,Araria,"Kharahiya Basti, Araria - BSPCB","24-08-2026 11:00:00",26.146529,87.454184,PM10,27,99,46
India,Bihar,Araria,"Kharahiya Basti, Araria - BSPCB","24-08-2026 11:00:00",26.146529,87.454184,SO2,18,21,20
India,Bihar,Araria,"Kharahiya Basti, Araria - BSPCB","24-08-2026 11:00:00",26.146529,87.454184,CO,12,34,23
India,"Andhra Pradesh",Vijayawada,"HB Colony, Vijayawada - APPCB","24-08-2026 11:00:00",16.536107,80.594233,PM2.5,54,147,61
India,"Andhra Pradesh",Vijayawada,"HB Colony, Vijayawada - APPCB","24-08-2026 11:00:00",16.536107,80.594233,SO2,6,18,11
India,"Andhra Pradesh",Vijayawada,"Rajiv Gandhi Park, Vijayawada - APPCB","24-08-2026 11:00:00",16.509717,80.612222,NH3,3,8,5
India,"Arunachal Pradesh",Naharlagun,"Naharlagun, Naharlagun - APSPCB","24-08-2026 11:00:00",27.103358,93.679645,PM10,19,102,44
India,"Arunachal Pradesh",Naharlagun,"Naharlagun, Naharlagun - APSPCB","24-08-2026 11:00:00",27.103358,93.679645,NO2,8,9,8
India,"Arunachal Pradesh",Naharlagun,"Naharlagun, Naharlagun - APSPCB","24-08-2026 11:00:00",27.103358,93.679645,CO,7,9,8
India,Assam,Byrnihat,"Central Academy for SFS, Byrnihat - PCBA","24-08-2026 11:00:00",26.071318,91.87488,PM10,79,94,85
India,Assam,Byrnihat,"Central Academy for SFS, Byrnihat - PCBA","24-08-2026 11:00:00",26.071318,91.87488,CO,52,68,60
India,Assam,Guwahati,"IITG, Guwahati - PCBA","24-08-2026 11:00:00",26.2028636,91.70046436,PM2.5,NA,NA,NA
India,Assam,Guwahati,"IITG, Guwahati - PCBA","24-08-2026 11:00:00",26.2028636,91.70046436,SO2,31,33,32
India,Assam,Guwahati,"Pan Bazaar, Guwahati - PCBA","24-08-2026 11:00:00",26.1875,91.744194,NO2,1,2,1
India,"Andhra Pradesh",Chittoor,"Gangineni Cheruvu, Chittoor - APPCB","24-08-2026 11:00:00",13.20488,79.097889,NO2,27,29,28
India,"Andhra Pradesh",Chittoor,"Gangineni Cheruvu, Chittoor - APPCB","24-08-2026 11:00:00",13.20488,79.097889,SO2,21,23,23
India,"Andhra Pradesh",Eluru,"District Court, Eluru - APPCB","24-08-2026 11:00:00",16.711754,81.092095,NO2,12,27,17
India,"Andhra Pradesh",Guntur,"Rajendra Nagar North, Guntur - APPCB","24-08-2026 11:00:00",16.316553,80.413302,OZONE,20,29,26
India,"Andhra Pradesh",Nellore,"Ambedkar Nagar, Nellore - APPCB ","24-08-2026 11:00:00",14.438164,79.966814,SO2,7,8,7
India,"Andhra Pradesh",Rajamahendravaram,"Anand Kala Kshetram, Rajamahendravaram - APPCB","24-08-2026 11:00:00",16.9872867,81.7363176,NO2,4,12,7
India,"Andhra Pradesh",Rajamahendravaram,"Anand Kala Kshetram, Rajamahendravaram - APPCB","24-08-2026 11:00:00",16.9872867,81.7363176,CO,10,28,18
India,Bihar,Motihari,"Gandak Colony, Motihari - BSPCB","24-08-2026 11:00:00",26.63086,84.90051,PM2.5,NA,NA,NA
India,Bihar,Motihari,"Gandak Colony, Motihari - BSPCB","24-08-2026 11:00:00",26.63086,84.90051,NH3,NA,NA,NA
India,Bihar,Motihari,"Gandak Colony, Motihari - BSPCB","24-08-2026 11:00:00",26.63086,84.90051,OZONE,54,58,56
India,Bihar,Munger,"Town Hall, Munger - BSPCB","24-08-2026 11:00:00",25.376776,86.471523,NO2,11,12,12
India,Bihar,Muzaffarpur,"MIT-Daudpur Kothi, Muzaffarpur - BSPCB","24-08-2026 11:00:00",26.1403345,85.3650192,PM10,27,37,29
India,Bihar,Muzaffarpur,"MIT-Daudpur Kothi, Muzaffarpur - BSPCB","24-08-2026 11:00:00",26.1403345,85.3650192,NO2,4,8,4
India,Bihar,Patna,"Rajbansi Nagar, Patna - BSPCB","24-08-2026 11:00:00",25.599486,85.113666,PM10,NA,NA,NA
India,Bihar,Gaya,"Kareemganj, Gaya - BSPCB","24-08-2026 11:00:00",24.792403,84.992416,NO2,NA,NA,NA
India,Bihar,Gaya,"Kareemganj, Gaya - BSPCB","24-08-2026 11:00:00",24.792403,84.992416,NH3,0,1,1
India,Bihar,Hajipur,"Industrial Area, Hajipur - BSPCB","24-08-2026 11:00:00",25.697189,85.2459,SO2,5,8,6
India,Bihar,Hajipur,"Industrial Area, Hajipur - BSPCB","24-08-2026 11:00:00",25.697189,85.2459,CO,24,35,29
India,Bihar,Katihar,"Mirchaibari, Katihar - BSPCB","24-08-2026 11:00:00",25.560083,87.553265,PM10,NA,NA,NA
India,Bihar,Kishanganj,"SDM Office_Khagra, Kishanganj - BSPCB","24-08-2026 11:00:00",26.0881305,87.93840336,NO2,7,8,8
India,"Andhra Pradesh",Srikakulam,"Chinna Bharatham Colony, Srikakulam - APPCB","24-08-2026 11:00:00",18.292191,83.897173,NH3,2,6,3
India,"Andhra Pradesh",Srikakulam,"Chinna Bharatham Colony, Srikakulam - APPCB","24-08-2026 11:00:00",18.292191,83.897173,SO2,12,15,14
India,"Andhra Pradesh",Chittoor,"Gangineni Cheruvu, Chittoor - APPCB","24-08-2026 11:00:00",13.20488,79.097889,PM10,70,80,74
India,"Andhra Pradesh",Tirupati,"Vaikuntapuram, Tirupati - APPCB","24-08-2026 11:00:00",13.615387,79.40923,NO2,21,27,24
India,Bihar,Siwan,"Chitragupta Nagar, Siwan - BSPCB","24-08-2026 11:00:00",26.2271665,84.3570427,NO2,2,2,2
India,Bihar,Siwan,"Chitragupta Nagar, Siwan - BSPCB","24-08-2026 11:00:00",26.2271665,84.3570427,SO2,7,12,9
India,Chandigarh,Chandigarh,"Sector-25, Chandigarh - CPCC","24-08-2026 11:00:00",30.751462,76.762879,PM10,27,49,37
India,Chandigarh,Chandigarh,"Sector-25, Chandigarh - CPCC","24-08-2026 11:00:00",30.751462,76.762879,NH3,13,15,15
India,Chandigarh,Chandigarh,"Sector-25, Chandigarh - CPCC","24-08-2026 11:00:00",30.751462,76.762879,SO2,5,9,6
India,Chandigarh,Chandigarh,"Sector-53, Chandigarh - CPCC","24-08-2026 11:00:00",30.719859,76.738637,NO2,2,24,10
India,Chandigarh,Chandigarh,"Sector-53, Chandigarh - CPCC","24-08-2026 11:00:00",30.719859,76.738637,NH3,4,11,7
India,Chhattisgarh,Bhilai,"32Bungalows, Bhilai - CECB","24-08-2026 11:00:00",21.194815,81.31477,NH3,4,6,5
India,Chhattisgarh,Bilaspur,"Mangala, Bilaspur - NTPC","24-08-2026 11:00:00",22.08815,82.13737,PM2.5,7,56,31
India,Chhattisgarh,Bilaspur,"Mangala, Bilaspur - NTPC","24-08-2026 11:00:00",22.08815,82.13737,PM10,20,50,34
India,Chhattisgarh,Chhal,"Nawapara SECL Colony, Chhal - CECB","24-08-2026 11:00:00",22.118125,83.140608,OZONE,27,47,37
India,Chhattisgarh,Korba,"Urja Nagar, Korba - CECB","24-08-2026 11:00:00",22.348441,82.549611,PM2.5,6,40,17
India,Delhi,Delhi,"Cantonment Area, Delhi - DPCC","24-08-2026 11:00:00",28.594169,77.1251,PM10,NA,NA,NA
India,Delhi,Delhi,"Cantonment Area, Delhi - DPCC","24-08-2026 11:00:00",28.594169,77.1251,NO2,3,23,11
India,Delhi,Delhi,"Cantonment Area, Delhi - DPCC","24-08-2026 11:00:00",28.594169,77.1251,SO2,3,6,5
India,Delhi,Delhi,"Major Dhyan Chand National Stadium, Delhi - DPCC","24-08-2026 11:00:00",28.611281,77.237738,PM2.5,5,87,53
India,Delhi,Delhi,"Major Dhyan Chand National Stadium, Delhi - DPCC","24-08-2026 11:00:00",28.611281,77.237738,SO2,18,21,19
India,Delhi,Delhi,"Major Dhyan Chand National Stadium, Delhi - DPCC","24-08-2026 11:00:00",28.611281,77.237738,CO,30,59,49
India,Delhi,Delhi,"Sonia Vihar, Delhi - DPCC","24-08-2026 11:00:00",28.710508,77.249485,NO2,22,44,33
India,Delhi,Delhi,"Sonia Vihar, Delhi - DPCC","24-08-2026 11:00:00",28.710508,77.249485,NH3,12,16,13
India,Delhi,Delhi,"Sonia Vihar, Delhi - DPCC","24-08-2026 11:00:00",28.710508,77.249485,SO2,2,18,8
India,Delhi,Delhi,"Sonia Vihar, Delhi - DPCC","24-08-2026 11:00:00",28.710508,77.249485,CO,43,86,65
India,Delhi,Delhi,"Okhla Phase-2, Delhi - DPCC","24-08-2026 11:00:00",28.530785,77.271255,OZONE,4,13,6
India,Delhi,Delhi,"Rohini, Delhi - DPCC","24-08-2026 11:00:00",28.732528,77.11992,PM10,75,199,131
India,Delhi,Delhi,"Rohini, Delhi - DPCC","24-08-2026 11:00:00",28.732528,77.11992,NH3,3,5,4
India,Delhi,Delhi,"Vivek Vihar, Delhi - DPCC","24-08-2026 11:00:00",28.672342,77.31526,NO2,20,72,40
India,Delhi,Delhi,"Jahangirpuri, Delhi - DPCC","24-08-2026 11:00:00",28.73282,77.170633,NH3,8,9,9
India,Delhi,Delhi,"Jahangirpuri, Delhi - DPCC","24-08-2026 11:00:00",28.73282,77.170633,CO,94,104,100
India,Delhi,Delhi,"IHBAS, Dilshad Garden, Delhi - CPCB","24-08-2026 11:00:00",28.6811736,77.3025234,OZONE,2,33,12
India,Delhi,Delhi,"Nehru Nagar, Delhi - DPCC","24-08-2026 11:00:00",28.56789,77.250515,PM10,59,173,125
India,Delhi,Delhi,"Nehru Nagar, Delhi - DPCC","24-08-2026 11:00:00",28.56789,77.250515,OZONE,3,9,4
India,Delhi,Delhi,"Patparganj, Delhi - DPCC","24-08-2026 11:00:00",28.623763,77.287209,PM2.5,NA,NA,NA
India,Delhi,Delhi,"Patparganj, Delhi - DPCC","24-08-2026 11:00:00",28.623763,77.287209,CO,NA,NA,NA
India,Delhi,Delhi,"Jawaharlal Nehru Stadium, Delhi - DPCC","24-08-2026 11:00:00",28.58028,77.233829,CO,18,48,36
India,Delhi,Delhi,"Najafgarh, Delhi - DPCC","24-08-2026 11:00:00",28.570173,76.933762,NO2,10,45,20
India,Delhi,Delhi,"Mandir Marg, Delhi - DPCC","24-08-2026 11:00:00",28.636429,77.201067,CO,61,100,87
India,Delhi,Delhi,"Mandir Marg, Delhi - DPCC","24-08-2026 11:00:00",28.636429,77.201067,OZONE,6,16,11
India,Delhi,Delhi,"Pusa, Delhi - DPCC","24-08-2026 11:00:00",28.639652,77.146275,SO2,1,16,8
India,Delhi,Delhi,"Pusa, Delhi - DPCC","24-08-2026 11:00:00",28.639652,77.146275,CO,43,93,66
India,Delhi,Delhi,"Sirifort, Delhi - CPCB","24-08-2026 11:00:00",28.5504249,77.2159377,NH3,5,16,8
India,Delhi,Delhi,"Chandni Chowk, Delhi - IITM","24-08-2026 11:00:00",28.656756,77.227234,PM2.5,51,100,76
India,Delhi,Delhi,"Chandni Chowk, Delhi - IITM","24-08-2026 11:00:00",28.656756,77.227234,SO2,6,10,8
India,Delhi,Delhi,"Chandni Chowk, Delhi - IITM","24-08-2026 11:00:00",28.656756,77.227234,OZONE,0,21,6
India,Delhi,Delhi,"Pusa, Delhi - IITM","24-08-2026 11:00:00",28.63611,77.173332,NH3,NA,NA,NA
India,Delhi,Delhi,"DTU, Delhi - CPCB","24-08-2026 11:00:00",28.7500499,77.1112615,NO2,12,37,25
India,Delhi,Delhi,"NSUT Jaffarpur, Delhi - DPCC","24-08-2026 11:00:00",28.594004,76.909423,PM2.5,27,100,71
India,Delhi,Delhi,"NSUT Jaffarpur, Delhi - DPCC","24-08-2026 11:00:00",28.594004,76.909423,NO2,4,38,19
India,Delhi,Delhi,"NSUT Jaffarpur, Delhi - DPCC","24-08-2026 11:00:00",28.594004,76.909423,NH3,NA,NA,NA
India,Delhi,Delhi,"NSUT Jaffarpur, Delhi - DPCC","24-08-2026 11:00:00",28.594004,76.909423,CO,35,48,40
India,Delhi,Delhi,"Mundka, Delhi - DPCC","24-08-2026 11:00:00",28.684678,77.076574,SO2,15,44,27
India,Delhi,Delhi,"Punjabi Bagh, Delhi - DPCC","24-08-2026 11:00:00",28.674045,77.131023,NH3,3,4,3
India,Delhi,Delhi,"Ashok Vihar, Delhi - DPCC","24-08-2026 11:00:00",28.695381,77.181665,PM2.5,30,95,67
India,Delhi,Delhi,"Ashok Vihar, Delhi - DPCC","24-08-2026 11:00:00",28.695381,77.181665,NO2,10,59,28
India,Chhattisgarh,Tumidih,"OP Jindal Industrial Park, Tumidih - CECB","24-08-2026 11:00:00",22.06631475,83.33820077,NO2,8,65,27
India,Chhattisgarh,Tumidih,"OP Jindal Industrial Park, Tumidih - CECB","24-08-2026 11:00:00",22.06631475,83.33820077,SO2,5,5,5
India,Delhi,Delhi,"ITO, Delhi - CPCB","24-08-2026 11:00:00",28.628624,77.24106,CO,28,70,53
India,Delhi,Delhi,"Narela, Delhi - DPCC","24-08-2026 11:00:00",28.822836,77.101981,NO2,22,32,26
India,Delhi,Delhi,"Narela, Delhi - DPCC","24-08-2026 11:00:00",28.822836,77.101981,NH3,7,13,10
India,Delhi,Delhi,"Narela, Delhi - DPCC","24-08-2026 11:00:00",28.822836,77.101981,OZONE,11,26,16
India,Delhi,Delhi,"Ashok Vihar, Delhi - DPCC","24-08-2026 11:00:00",28.695381,77.181665,SO2,14,20,17
India,Delhi,Delhi,"Anand Vihar, Delhi - DPCC","24-08-2026 11:00:00",28.647622,77.315809,PM10,96,402,242
India,Delhi,Delhi,"Anand Vihar, Delhi - DPCC","24-08-2026 11:00:00",28.647622,77.315809,NH3,7,12,10
India,Delhi,Delhi,"Shadipur, Delhi - CPCB","24-08-2026 11:00:00",28.6514781,77.1473105,NO2,25,56,35
India,Delhi,Delhi,"Shadipur, Delhi - CPCB","24-08-2026 11:00:00",28.6514781,77.1473105,SO2,2,36,18
India,Delhi,Delhi,"Mandir Marg, Delhi - DPCC","24-08-2026 11:00:00",28.636429,77.201067,NO2,14,42,25
India,Chhattisgarh,Raipur,"Bhatagaon New ISBT, Raipur - CECB","24-08-2026 11:00:00",21.219665,81.630094,SO2,1,4,3
India,Chhattisgarh,Raipur,"Siltara Phase-II, Raipur - CECB","24-08-2026 11:00:00",21.371751,81.664929,PM2.5,17,47,33
India,Chhattisgarh,Raipur,"Siltara Phase-II, Raipur - CECB","24-08-2026 11:00:00",21.371751,81.664929,SO2,0,24,6
India,Chhattisgarh,Raipur,"AIIMS, Raipur - CECB","24-08-2026 11:00:00",21.258815,81.578979,PM10,19,44,32
India,Chhattisgarh,Korba,"Urja Nagar, Korba - CECB","24-08-2026 11:00:00",22.348441,82.549611,CO,17,21,19
India,Chhattisgarh,Korba,"Rampur, Korba - CECB","24-08-2026 11:00:00",22.368195,82.746431,OZONE,16,30,22
India,Chhattisgarh,Kunjemura,"OP Jindal School, Kunjemura - CECB","24-08-2026 11:00:00",22.12665,83.483212,PM10,5,194,46
India,Gujarat,Vapi,"Phase-1 GIDC, Vapi - GPCB","24-08-2026 11:00:00",20.362421,72.918013,CO,NA,NA,NA
India,Gujarat,Vatva,"Phase-4 GIDC, Vatva - GPCB","24-08-2026 11:00:00",22.969611,72.6435,PM2.5,32,274,79
India,Gujarat,Vatva,"Phase-4 GIDC, Vatva - GPCB","24-08-2026 11:00:00",22.969611,72.6435,PM10,79,124,108
India,Gujarat,Vatva,"Phase-4 GIDC, Vatva - GPCB","24-08-2026 11:00:00",22.969611,72.6435,NO2,24,43,36
India,Gujarat,Vatva,"Phase-4 GIDC, Vatva - GPCB","24-08-2026 11:00:00",22.969611,72.6435,NH3,5,5,5
India,Gujarat,Vatva,"Phase-4 GIDC, Vatva - GPCB","24-08-2026 11:00:00",22.969611,72.6435,SO2,13,30,20
India,Haryana,Ambala,"Patti Mehar, Ambala - HSPCB","24-08-2026 11:00:00",30.379589,76.778328,PM2.5,43,94,63
India,Haryana,Ambala,"Patti Mehar, Ambala - HSPCB","24-08-2026 11:00:00",30.379589,76.778328,PM10,57,408,158
India,Haryana,Bahadurgarh,"Arya Nagar, Bahadurgarh - HSPCB","24-08-2026 11:00:00",28.6701,76.9254,PM10,43,126,90
India,Haryana,Bahadurgarh,"Arya Nagar, Bahadurgarh - HSPCB","24-08-2026 11:00:00",28.6701,76.9254,OZONE,32,45,39
India,Haryana,Ballabgarh,"Nathu Colony, Ballabgarh - HSPCB","24-08-2026 11:00:00",28.3419248,77.319699,NH3,4,5,5
India,Haryana,Ballabgarh,"Nathu Colony, Ballabgarh - HSPCB","24-08-2026 11:00:00",28.3419248,77.319699,CO,17,24,20
India,Haryana,Ballabgarh,"Nathu Colony, Ballabgarh - HSPCB","24-08-2026 11:00:00",28.3419248,77.319699,OZONE,1,54,23
India,Delhi,Delhi,"R K Puram, Delhi - DPCC","24-08-2026 11:00:00",28.563262,77.186937,OZONE,31,45,38
India,Gujarat,Ahmedabad,"SVPI Airport Hansol, Ahmedabad - IITM","24-08-2026 11:00:00",23.076793,72.627874,OZONE,6,10,7
India,Gujarat,Ahmedabad,"Rakhial, Ahmedabad - IITM","24-08-2026 11:00:00",23.016834,72.625775,PM10,67,104,89
India,Gujarat,Ahmedabad,"Chandkheda, Ahmedabad - IITM","24-08-2026 11:00:00",23.107969,72.574648,PM10,72,113,92
India,Gujarat,Ahmedabad,"SAC ISRO Bopal, Ahmedabad - IITM","24-08-2026 11:00:00",23.041137,72.456691,NH3,NA,NA,NA
India,Gujarat,Ahmedabad,"SAC ISRO Bopal, Ahmedabad - IITM","24-08-2026 11:00:00",23.041137,72.456691,CO,34,40,37
India,Gujarat,Ahmedabad,"SAC ISRO Bopal, Ahmedabad - IITM","24-08-2026 11:00:00",23.041137,72.456691,OZONE,NA,NA,NA
India,Gujarat,Ahmedabad,"SAC ISRO Satellite, Ahmedabad - IITM","24-08-2026 11:00:00",23.023389,72.515201,OZONE,7,9,8
India,Gujarat,Ahmedabad,"Gyaspur, Ahmedabad - IITM","24-08-2026 11:00:00",22.977134,72.553024,SO2,4,11,8
India,Gujarat,Ahmedabad,"Raikhad, Ahmedabad - IITM","24-08-2026 11:00:00",23.020509,72.579261,PM2.5,33,69,45
India,Gujarat,Ahmedabad,"Raikhad, Ahmedabad - IITM","24-08-2026 11:00:00",23.020509,72.579261,PM10,57,104,80
India,Delhi,Delhi,"Dwarka-Sector 8, Delhi - DPCC ","24-08-2026 11:00:00",28.5710274,77.0719006,PM10,28,432,174
India,Delhi,Delhi,"Dwarka-Sector 8, Delhi - DPCC ","24-08-2026 11:00:00",28.5710274,77.0719006,NO2,11,86,52
India,Delhi,Delhi,"Dwarka-Sector 8, Delhi - DPCC ","24-08-2026 11:00:00",28.5710274,77.0719006,CO,NA,NA,NA
India,Delhi,Delhi,"Dr. Karni Singh Shooting Range, Delhi - DPCC","24-08-2026 11:00:00",28.498571,77.26484,NO2,12,52,27
India,Delhi,Delhi,"IIT Delhi, Delhi - IITM","24-08-2026 11:00:00",28.54246,77.191651,PM2.5,2,86,62
India,Delhi,Delhi,"IIT Delhi, Delhi - IITM","24-08-2026 11:00:00",28.54246,77.191651,PM10,20,227,136
India,Delhi,Delhi,"IIT Delhi, Delhi - IITM","24-08-2026 11:00:00",28.54246,77.191651,SO2,NA,NA,NA
India,Delhi,Delhi,"IGI Airport (T3), Delhi - IITM","24-08-2026 11:00:00",28.5627763,77.1180053,PM10,19,169,122
India,Delhi,Delhi,"IGI Airport (T3), Delhi - IITM","24-08-2026 11:00:00",28.5627763,77.1180053,OZONE,25,55,33
India,Delhi,Delhi,"Commonwealth Sports Complex, Delhi - DPCC","24-08-2026 11:00:00",28.615828,77.271992,SO2,5,10,7
India,Delhi,Delhi,"NSIT Dwarka, Delhi - CPCB","24-08-2026 11:00:00",28.60909,77.0325413,CO,83,112,98
India,Delhi,Delhi,"Aya Nagar, Delhi - IITM","24-08-2026 11:00:00",28.4706914,77.1099364,PM2.5,14,93,59
India,Delhi,Delhi,"Aya Nagar, Delhi - IITM","24-08-2026 11:00:00",28.4706914,77.1099364,NO2,27,34,30
India,Delhi,Delhi,"Burari Crossing, Delhi - IITM","24-08-2026 11:00:00",28.7256504,77.2011573,NO2,20,61,36
India,Delhi,Delhi,"IMD Lodhi Road, Delhi - IITM","24-08-2026 11:00:00",28.5918245,77.2273074,NH3,NA,NA,NA
India,Delhi,Delhi,"JNU, Delhi - DPCC","24-08-2026 11:00:00",28.540721,77.168544,PM10,18,120,89
India,Delhi,Delhi,"JNU, Delhi - DPCC","24-08-2026 11:00:00",28.540721,77.168544,NO2,8,52,29
India,Delhi,Delhi,"JNU, Delhi - DPCC","24-08-2026 11:00:00",28.540721,77.168544,NH3,0,4,1
India,Delhi,Delhi,"Alipur, Delhi - DPCC","24-08-2026 11:00:00",28.815329,77.15301,NH3,5,9,7
India,Delhi,Delhi,"Alipur, Delhi - DPCC","24-08-2026 11:00:00",28.815329,77.15301,SO2,8,13,10
India,Delhi,Delhi,"R K Puram, Delhi - DPCC","24-08-2026 11:00:00",28.563262,77.186937,PM10,47,167,114
India,Delhi,Delhi,"R K Puram, Delhi - DPCC","24-08-2026 11:00:00",28.563262,77.186937,NH3,5,9,7
India,Haryana,Faridabad,"Sector 30, Faridabad - HSPCB","24-08-2026 11:00:00",28.4417,77.3217,OZONE,0,15,12
India,Haryana,Fatehabad,"Huda Sector, Fatehabad - HSPCB","24-08-2026 11:00:00",29.503664,75.467934,NH3,13,15,14
India,Haryana,Gurugram,"Teri Gram, Gurugram - HSPCB","24-08-2026 11:00:00",28.4275,77.1465,PM10,6,176,75
India,Haryana,Gurugram,"NISE Gwal Pahari, Gurugram - IITM","24-08-2026 11:00:00",28.422681,77.148944,NO2,1,23,8
India,Haryana,Gurugram,"Sector-51, Gurugram - HSPCB","24-08-2026 11:00:00",28.4227,77.0667,CO,51,62,55
India,Haryana,Gurugram,"Vikas Sadan, Gurugram - HSPCB","24-08-2026 11:00:00",28.4501238,77.0263051,PM10,NA,NA,NA
India,Haryana,Gurugram,"Vikas Sadan, Gurugram - HSPCB","24-08-2026 11:00:00",28.4501238,77.0263051,OZONE,8,34,19
India,Gujarat,Ankleshwar,"GIDC, Ankleshwar - GPCB","24-08-2026 11:00:00",21.613267,73.010555,NO2,26,28,26
India,Gujarat,Bhavnagar,"Vidhyanagar, Bhavnagar - Nexteng Enviro","24-08-2026 11:00:00",21.755417,72.139056,NH3,5,6,5
India,Gujarat,Bhavnagar,"Vidhyanagar, Bhavnagar - Nexteng Enviro","24-08-2026 11:00:00",21.755417,72.139056,OZONE,15,21,18
India,Gujarat,Gandhinagar,"Sector-10, Gandhinagar - GPCB","24-08-2026 11:00:00",23.221714,72.654328,SO2,3,3,3
India,Gujarat,Gandhinagar,"IIPHG Lekawada, Gandhinagar - IITM","24-08-2026 11:00:00",23.243639,72.68994,PM2.5,17,69,42
India,Gujarat,Gandhinagar,"IIPHG Lekawada, Gandhinagar - IITM","24-08-2026 11:00:00",23.243639,72.68994,NO2,4,22,10
India,Gujarat,Gandhinagar,"IIPHG Lekawada, Gandhinagar - IITM","24-08-2026 11:00:00",23.243639,72.68994,NH3,0,1,1
India,Gujarat,Gandhinagar,"IIPHG Lekawada, Gandhinagar - IITM","24-08-2026 11:00:00",23.243639,72.68994,CO,7,10,9
India,Gujarat,Gandhinagar,"IIPHG Lekawada, Gandhinagar - IITM","24-08-2026 11:00:00",23.243639,72.68994,OZONE,2,4,3
India,Gujarat,Nandesari,"GIDC, Nandesari - Nandesari Ind. Association","24-08-2026 11:00:00",22.410802,73.097923,SO2,3,6,3
India,Gujarat,Nandesari,"GIDC, Nandesari - Nandesari Ind. Association","24-08-2026 11:00:00",22.410802,73.097923,OZONE,NA,NA,NA
India,Gujarat,Rajkot,"Mavdi, Rajkot - Nexteng Enviro ","24-08-2026 11:00:00",22.248853,70.776774,NH3,0,1,1
India,Gujarat,Rajkot,"Mavdi, Rajkot - Nexteng Enviro ","24-08-2026 11:00:00",22.248853,70.776774,CO,40,42,41
India,Haryana,Dharuhera,"Municipal Corporation Office, Dharuhera -  HSPCB","24-08-2026 11:00:00",28.2068,76.7997,PM10,32,343,87
India,Haryana,Dharuhera,"Municipal Corporation Office, Dharuhera -  HSPCB","24-08-2026 11:00:00",28.2068,76.7997,CO,37,72,50
India,Gujarat,Surat,"Katargam, Surat - Nexteng Enviro","24-08-2026 11:00:00",21.217779,72.834787,CO,45,53,48
India,"Madhya Pradesh",Bhopal,"T T Nagar, Bhopal - MPPCB","24-08-2026 11:00:00",23.233584,77.400574,SO2,14,25,20
India,"Madhya Pradesh",Damoh,"Shrivastav Colony, Damoh - MPPCB","24-08-2026 11:00:00",23.81748678,79.446246,NO2,5,6,6
India,"Madhya Pradesh",Dewas,"Bhopal Chauraha, Dewas - MPPCB","24-08-2026 11:00:00",22.9682591,76.064118,NO2,46,69,57
India,"Madhya Pradesh",Dewas,"Bhopal Chauraha, Dewas - MPPCB","24-08-2026 11:00:00",22.9682591,76.064118,OZONE,41,131,55
India,"Madhya Pradesh",Gwalior,"Maharaj Bada, Gwalior - MPPCB","24-08-2026 11:00:00",26.200388,78.147714,SO2,1,76,12
India,"Madhya Pradesh",Indore,"Regional Park, Indore - IMC","24-08-2026 11:00:00",22.678,75.8559,PM10,17,40,31
India,"Madhya Pradesh",Indore,"Regional Park, Indore - IMC","24-08-2026 11:00:00",22.678,75.8559,CO,NA,NA,NA
India,"Madhya Pradesh",Indore,"Chhoti Gwaltoli, Indore - MPPCB","24-08-2026 11:00:00",22.431,75.5213,PM10,69,127,94
India,"Madhya Pradesh",Indore,"Chhoti Gwaltoli, Indore - MPPCB","24-08-2026 11:00:00",22.431,75.5213,NO2,36,88,68
India,"Madhya Pradesh",Indore,"Chhoti Gwaltoli, Indore - MPPCB","24-08-2026 11:00:00",22.431,75.5213,NH3,6,9,7
India,"Madhya Pradesh",Indore,"Chhoti Gwaltoli, Indore - MPPCB","24-08-2026 11:00:00",22.431,75.5213,SO2,15,18,16
India,"Madhya Pradesh",Indore,"Chhoti Gwaltoli, Indore - MPPCB","24-08-2026 11:00:00",22.431,75.5213,OZONE,11,28,17
India,"Madhya Pradesh",Indore,"Maguda Nagar, Indore - IMC","24-08-2026 11:00:00",22.7524,75.8872,NO2,4,5,4
India,"Madhya Pradesh",Indore,"Maguda Nagar, Indore - IMC","24-08-2026 11:00:00",22.7524,75.8872,SO2,10,15,14
India,"Madhya Pradesh",Indore,"Maguda Nagar, Indore - IMC","24-08-2026 11:00:00",22.7524,75.8872,CO,21,33,30
India,Haryana,Hisar,"Urban Estate-II, Hisar - HSPCB","24-08-2026 11:00:00",29.14056,75.744941,NO2,21,26,24
India,Haryana,Kaithal,"Rishi Nagar, Kaithal - HSPCB","24-08-2026 11:00:00",29.8006,76.4155,OZONE,18,32,24
India,Haryana,Karnal,"Sector-12, Karnal - HSPCB","24-08-2026 11:00:00",29.6953,77.0027,PM10,19,426,74
India,Haryana,Karnal,"Sector-12, Karnal - HSPCB","24-08-2026 11:00:00",29.6953,77.0027,NH3,6,12,8
India,Haryana,Karnal,"Sector-12, Karnal - HSPCB","24-08-2026 11:00:00",29.6953,77.0027,OZONE,11,13,12
India,Haryana,Kurukshetra,"Sector-7, Kurukshetra - HSPCB","24-08-2026 11:00:00",29.966942,76.875879,PM2.5,45,77,59
India,Haryana,Kurukshetra,"Sector-7, Kurukshetra - HSPCB","24-08-2026 11:00:00",29.966942,76.875879,PM10,45,90,64
India,Haryana,Mandikhera,"General Hospital, Mandikhera(Nuh) - HSPCB","24-08-2026 11:00:00",27.9002,76.9938,PM10,37,42,40
India,Haryana,Mandikhera,"General Hospital, Mandikhera(Nuh) - HSPCB","24-08-2026 11:00:00",27.9002,76.9938,NO2,14,18,16
India,Haryana,Mandikhera,"General Hospital, Mandikhera(Nuh) - HSPCB","24-08-2026 11:00:00",27.9002,76.9938,SO2,17,18,18
India,Haryana,Mandikhera,"General Hospital, Mandikhera(Nuh) - HSPCB","24-08-2026 11:00:00",27.9002,76.9938,OZONE,47,48,48
India,Haryana,Manesar,"Sector-2 IMT, Manesar - HSPCB","24-08-2026 11:00:00",28.360699,76.93609,PM2.5,85,246,135
India,"Himachal Pradesh",Baddi,"HIMUDA Complex Phase-1, Baddi - HPPCB","24-08-2026 11:00:00",30.943887,76.801991,NH3,3,5,4
India,"Himachal Pradesh",Baddi,"HIMUDA Complex Phase-1, Baddi - HPPCB","24-08-2026 11:00:00",30.943887,76.801991,OZONE,2,61,23
India,"Jammu and Kashmir",Pampore,"Khrew, Pampore - JKPCC","24-08-2026 11:00:00",34.031606,75.009712,PM10,12,80,42
India,"Jammu and Kashmir",Pampore,"Khrew, Pampore - JKPCC","24-08-2026 11:00:00",34.031606,75.009712,SO2,0,6,3
India,"Jammu and Kashmir",Srinagar,"Rajbagh, Srinagar - JKPCC","24-08-2026 11:00:00",34.066206,74.81982,PM10,27,47,34
India,"Jammu and Kashmir",Srinagar,"Rajbagh, Srinagar - JKPCC","24-08-2026 11:00:00",34.066206,74.81982,NO2,19,20,19
India,"Jammu and Kashmir",Srinagar,"Rajbagh, Srinagar - JKPCC","24-08-2026 11:00:00",34.066206,74.81982,CO,7,19,14
India,Jharkhand,Jorapokhar,"Tata Stadium, Jorapokhar - JSPCB","24-08-2026 11:00:00",23.707909,86.41467,NH3,3,3,3
India,Karnataka,Bengaluru,"Jigani, Bengaluru - KSPCB","24-08-2026 11:00:00",12.7816279,77.6299145,PM2.5,33,94,44
India,Karnataka,Bengaluru,"Jigani, Bengaluru - KSPCB","24-08-2026 11:00:00",12.7816279,77.6299145,NH3,3,3,3
India,Kerala,Thiruvananthapuram,"Plammoodu, Thiruvananthapuram - Kerala PCB","24-08-2026 11:00:00",8.5149093,76.9435879,OZONE,14,17,16
India,Kerala,Thiruvananthapuram,"Kariavattom, Thiruvananthapuram - Kerala PCB","24-08-2026 11:00:00",8.5637,76.8865,CO,21,23,22
India,Ladakh,Leh,"Skara Yokma, Leh - LPCC","24-08-2026 11:00:00",34.147096,77.55709,PM10,3,54,20
India,Ladakh,Leh,"Skara Yokma, Leh - LPCC","24-08-2026 11:00:00",34.147096,77.55709,NH3,NA,NA,NA
India,"Madhya Pradesh",Bhopal,"Paryavaran Parisar, Bhopal - MPPCB","24-08-2026 11:00:00",23.210494,77.425409,NH3,2,3,2
India,"Madhya Pradesh",Bhopal,"Paryavaran Parisar, Bhopal - MPPCB","24-08-2026 11:00:00",23.210494,77.425409,CO,13,16,15
India,"Madhya Pradesh",Bhopal,"Idgah Hills, Bhopal - MPPCB","24-08-2026 11:00:00",23.264759,77.381568,PM2.5,17,45,34
India,"Madhya Pradesh",Bhopal,"Idgah Hills, Bhopal - MPPCB","24-08-2026 11:00:00",23.264759,77.381568,CO,4,22,12
India,"Madhya Pradesh",Bhopal,"T T Nagar, Bhopal - MPPCB","24-08-2026 11:00:00",23.233584,77.400574,NH3,6,6,6
India,Karnataka,Kalaburagi,"Mahatma Basaveswar Colony, Kalaburgi - KSPCB","24-08-2026 11:00:00",17.336318,76.847397,NO2,NA,NA,NA
India,Karnataka,Kalaburagi,"Mahatma Basaveswar Colony, Kalaburgi - KSPCB","24-08-2026 11:00:00",17.336318,76.847397,NH3,NA,NA,NA
India,Karnataka,Karwar,"KHB Colony, Karwar - KSPCB","24-08-2026 11:00:00",14.816666,74.141003,NO2,12,271,65
India,Karnataka,Karwar,"KHB Colony, Karwar - KSPCB","24-08-2026 11:00:00",14.816666,74.141003,NH3,2,104,28
India,Karnataka,Karwar,"KHB Colony, Karwar - KSPCB","24-08-2026 11:00:00",14.816666,74.141003,OZONE,NA,NA,NA
India,Karnataka,Mangalore,"Kadri, Mangalore - KSPCB","24-08-2026 11:00:00",12.88925,74.853,PM10,13,51,33
India,Karnataka,Mysuru,"Hebbal 1st Stage, Mysuru - KSPCB","24-08-2026 11:00:00",12.21041,76.37376,NO2,11,26,19
India,Karnataka,Ramanagara,"Vijay Nagar, Ramanagara - KSPCB","24-08-2026 11:00:00",12.733409,77.298051,NO2,NA,NA,NA
India,Karnataka,Yadgir,"Collector Office, Yadgir - KSPCB","24-08-2026 11:00:00",16.7602,77.1428,SO2,8,19,14
India,Karnataka,Bengaluru,"Hombegowda Nagar, Bengaluru - KSPCB","24-08-2026 11:00:00",12.938539,77.5901,NH3,1,1,1
India,Karnataka,Bengaluru,"Hombegowda Nagar, Bengaluru - KSPCB","24-08-2026 11:00:00",12.938539,77.5901,SO2,3,11,6
India,Karnataka,Bengaluru,"Hombegowda Nagar, Bengaluru - KSPCB","24-08-2026 11:00:00",12.938539,77.5901,OZONE,NA,NA,NA
India,Karnataka,Bengaluru,"Peenya, Bengaluru - CPCB","24-08-2026 11:00:00",13.0270199,77.494094,NO2,11,43,17
India,Karnataka,Bengaluru,"Peenya, Bengaluru - CPCB","24-08-2026 11:00:00",13.0270199,77.494094,SO2,6,17,10
India,Karnataka,Bengaluru,"Shivapura_Peenya, Bengaluru - KSPCB","24-08-2026 11:00:00",13.0246342,77.5080115,PM2.5,36,40,37
India,Karnataka,Bengaluru,"Shivapura_Peenya, Bengaluru - KSPCB","24-08-2026 11:00:00",13.0246342,77.5080115,PM10,66,66,66
India,Karnataka,Bengaluru,"Shivapura_Peenya, Bengaluru - KSPCB","24-08-2026 11:00:00",13.0246342,77.5080115,NO2,28,30,29
India,Karnataka,Bengaluru,"Shivapura_Peenya, Bengaluru - KSPCB","24-08-2026 11:00:00",13.0246342,77.5080115,NH3,4,4,4
India,Karnataka,Bengaluru,"Silk Board, Bengaluru - KSPCB","24-08-2026 11:00:00",12.917348,77.622813,PM2.5,15,39,27
India,Haryana,Manesar,"Sector-2 IMT, Manesar - HSPCB","24-08-2026 11:00:00",28.360699,76.93609,NO2,27,120,50
India,Haryana,Manesar,"Sector-2 IMT, Manesar - HSPCB","24-08-2026 11:00:00",28.360699,76.93609,SO2,5,33,12
India,Haryana,Narnaul,"Shastri Nagar, Narnaul - HSPCB","24-08-2026 11:00:00",28.060249,76.113115,NH3,4,8,6
India,Haryana,Narnaul,"Shastri Nagar, Narnaul - HSPCB","24-08-2026 11:00:00",28.060249,76.113115,CO,10,13,11
India,Haryana,Palwal,"Shyam Nagar, Palwal - HSPCB","24-08-2026 11:00:00",28.1485564,77.3320667,PM2.5,39,185,79
India,Haryana,Palwal,"Shyam Nagar, Palwal - HSPCB","24-08-2026 11:00:00",28.1485564,77.3320667,NO2,23,24,24
India,Haryana,Panchgaon,"Amity University, Panchgaon - IITM","24-08-2026 11:00:00",28.3153,76.9143,CO,111,111,111
India,Haryana,Panipat,"Sector-18, Panipat - HSPCB","24-08-2026 11:00:00",29.432304,76.972765,NO2,5,9,8
India,Karnataka,Bengaluru,"Bapuji Nagar, Bengaluru - KSPCB","24-08-2026 11:00:00",12.951913,77.539784,PM10,21,47,32
India,Karnataka,Bengaluru,"Bapuji Nagar, Bengaluru - KSPCB","24-08-2026 11:00:00",12.951913,77.539784,NO2,20,24,21
India,Karnataka,Chamarajanagar,"Urban, Chamarajanagar - KSPCB","24-08-2026 11:00:00",11.55358,76.55521,PM2.5,16,30,22
India,Karnataka,Chamarajanagar,"Urban, Chamarajanagar - KSPCB","24-08-2026 11:00:00",11.55358,76.55521,CO,14,16,15
India,Karnataka,Chikkamagaluru,"Kalyana Nagara, Chikkamagaluru - KSPCB","24-08-2026 11:00:00",13.328028,75.797056,NO2,19,26,25
India,Karnataka,Chikkamagaluru,"Kalyana Nagara, Chikkamagaluru - KSPCB","24-08-2026 11:00:00",13.328028,75.797056,NH3,3,3,3
India,Karnataka,Gadag,"Panchal Nagar, Gadag - KSPCB","24-08-2026 11:00:00",15.411456,75.638133,NO2,17,20,18
India,Haryana,Panipat,"Sector-18, Panipat - HSPCB","24-08-2026 11:00:00",29.432304,76.972765,NH3,7,12,9
India,Haryana,Rohtak,"MD University, Rohtak - HSPCB","24-08-2026 11:00:00",28.52123,76.37138,NO2,8,11,9
India,Haryana,Rohtak,"MD University, Rohtak - HSPCB","24-08-2026 11:00:00",28.52123,76.37138,OZONE,14,23,20
India,Haryana,Sirsa,"F-Block, Sirsa - HSPCB","24-08-2026 11:00:00",29.5364,75.0158,NO2,18,21,20
India,Maharashtra,Dhule,"Deopur, Dhule - MPCB","24-08-2026 11:00:00",20.918946,74.776388,NH3,1,2,1
India,Maharashtra,Jalgaon,"Prabhat Colony, Jalgaon - MPCB","24-08-2026 11:00:00",21.001264,75.565602,PM2.5,15,51,32
India,Maharashtra,Jalgaon,"Prabhat Colony, Jalgaon - MPCB","24-08-2026 11:00:00",21.001264,75.565602,PM10,27,58,43
India,Maharashtra,Jalgaon,"Prabhat Colony, Jalgaon - MPCB","24-08-2026 11:00:00",21.001264,75.565602,CO,14,33,20
India,Maharashtra,Kalyan,"Khadakpada, Kalyan - MPCB","24-08-2026 11:00:00",19.25292,73.142019,PM2.5,33,218,114
India,Maharashtra,Kalyan,"Khadakpada, Kalyan - MPCB","24-08-2026 11:00:00",19.25292,73.142019,CO,NA,NA,NA
India,Maharashtra,Kalyan,"Pimpleshwar Mandir, Kalyan - MPCB","24-08-2026 11:00:00",19.192056,72.9585188,PM2.5,22,59,39
India,Maharashtra,Kalyan,"Pimpleshwar Mandir, Kalyan - MPCB","24-08-2026 11:00:00",19.192056,72.9585188,CO,40,40,40
India,Maharashtra,Kalyan,"Pimpleshwar Mandir, Kalyan - MPCB","24-08-2026 11:00:00",19.192056,72.9585188,OZONE,11,27,20
India,Maharashtra,Kolhapur,"Sinchan Bhavan, Kolhapur - MPCB","24-08-2026 11:00:00",16.7143745,74.2426398,PM10,15,23,19
India,Maharashtra,Kolhapur,"Sinchan Bhavan, Kolhapur - MPCB","24-08-2026 11:00:00",16.7143745,74.2426398,NO2,3,11,6
India,Maharashtra,Kolhapur,"Sinchan Bhavan, Kolhapur - MPCB","24-08-2026 11:00:00",16.7143745,74.2426398,CO,7,18,12
India,Maharashtra,Kolhapur,"Shivaji University, Kolhapur - MPCB","24-08-2026 11:00:00",16.6870449,74.2505872,PM10,26,59,42
India,Maharashtra,Latur,"Sawe Wadi, Latur - MPCB","24-08-2026 11:00:00",18.39963,76.57452,PM10,18,57,30
India,Maharashtra,Latur,"Sawe Wadi, Latur - MPCB","24-08-2026 11:00:00",18.39963,76.57452,OZONE,9,11,10
India,Maharashtra,Mahad,"Kamble Tarf Birwadi, Mahad - MPCB","24-08-2026 11:00:00",18.1023399,73.4783687,PM2.5,11,51,24
India,"Madhya Pradesh",Sagar,"Civil Lines, Sagar - MPPCB","24-08-2026 11:00:00",23.838586,78.759431,SO2,4,8,6
India,"Madhya Pradesh",Sagar,"Civil Lines, Sagar - MPPCB","24-08-2026 11:00:00",23.838586,78.759431,OZONE,32,40,34
India,"Madhya Pradesh",Singrauli,"Suryakiran Bhawan NCL, Singrauli - MPPCB","24-08-2026 11:00:00",24.10897,82.64558,PM10,21,61,39
India,"Madhya Pradesh",Singrauli,"Suryakiran Bhawan NCL, Singrauli - MPPCB","24-08-2026 11:00:00",24.10897,82.64558,CO,25,47,35
India,"Madhya Pradesh",Singrauli,"Suryakiran Bhawan NCL, Singrauli - MPPCB","24-08-2026 11:00:00",24.10897,82.64558,OZONE,20,20,20
India,"Madhya Pradesh",Ujjain,"Mahashweta Nagar, Ujjain - MPPCB","24-08-2026 11:00:00",23.1633321,75.800225,PM10,53,102,71
India,"Madhya Pradesh",Ujjain,"Mahashweta Nagar, Ujjain - MPPCB","24-08-2026 11:00:00",23.1633321,75.800225,SO2,0,4,2
India,Maharashtra,Ahmednagar,"Tarakpur, Ahmednagar - MPCB","24-08-2026 11:00:00",19.10122,74.73339,NO2,NA,NA,NA
India,Maharashtra,Ambernath,"Chinchpada, Ambernath - MPCB","24-08-2026 11:00:00",19.215784,73.199781,PM2.5,30,58,39
India,Maharashtra,Ambernath,"Chinchpada, Ambernath - MPCB","24-08-2026 11:00:00",19.215784,73.199781,OZONE,0,5,2
India,Maharashtra,Amravati,"Shri Shivaji Science College, Amravati - MPCB","24-08-2026 11:00:00",20.939198,77.765701,PM10,28,55,38
India,Maharashtra,Amravati,"Shri Shivaji Science College, Amravati - MPCB","24-08-2026 11:00:00",20.939198,77.765701,SO2,2,5,4
India,Maharashtra,Aurangabad,"MIDC Chilkalthana, Aurangabad - MPCB","24-08-2026 11:00:00",19.87562,75.38731,PM2.5,23,33,28
India,Maharashtra,Malegaon,"Mahesh Nagar, Malegaon - MPCB","24-08-2026 11:00:00",20.555712,74.529236,PM2.5,32,65,52
India,Maharashtra,Malegaon,"Mahesh Nagar, Malegaon - MPCB","24-08-2026 11:00:00",20.555712,74.529236,CO,1,9,6
India,Maharashtra,Mira-Bhayandar,"Bhayandar West, Mira-Bhayandar - MPCB","24-08-2026 11:00:00",19.296481,72.840923,SO2,2,4,3
India,Maharashtra,Mira-Bhayandar,"Bhayandar West, Mira-Bhayandar - MPCB","24-08-2026 11:00:00",19.296481,72.840923,CO,20,29,22
India,Maharashtra,Mumbai,"Shivaji Nagar, Mumbai - BMC","24-08-2026 11:00:00",19.060498,72.923356,SO2,1,6,4
India,Maharashtra,Mumbai,"Sion, Mumbai - MPCB","24-08-2026 11:00:00",19.047,72.8746,PM10,9,17,12
India,Maharashtra,Mumbai,"Sion, Mumbai - MPCB","24-08-2026 11:00:00",19.047,72.8746,SO2,5,6,5
India,Maharashtra,Mumbai,"Siddharth Nagar-Worli, Mumbai - IITM","24-08-2026 11:00:00",19.000083,72.813993,CO,15,18,17
India,Maharashtra,Mumbai,"Bandra Kurla Complex, Mumbai - MPCB","24-08-2026 11:00:00",19.065931,72.862131,SO2,3,4,3
India,Maharashtra,Mumbai,"Kherwadi_Bandra East, Mumbai - MPCB","24-08-2026 11:00:00",19.0632143,72.8456324,PM10,45,66,56
India,Maharashtra,Mumbai,"Kherwadi_Bandra East, Mumbai - MPCB","24-08-2026 11:00:00",19.0632143,72.8456324,NO2,3,7,5
India,Maharashtra,Mumbai,"Kherwadi_Bandra East, Mumbai - MPCB","24-08-2026 11:00:00",19.0632143,72.8456324,CO,30,38,33
India,Maharashtra,Mumbai,"Byculla, Mumbai - BMC","24-08-2026 11:00:00",18.9767,72.838,NH3,1,2,2
India,Maharashtra,Mumbai,"Byculla, Mumbai - BMC","24-08-2026 11:00:00",18.9767,72.838,SO2,4,8,6
India,"Madhya Pradesh",Indore,"Residency Area, Indore - IMC","24-08-2026 11:00:00",22.7084,75.8815,NH3,0,0,0
India,"Madhya Pradesh",Indore,"Residency Area, Indore - IMC","24-08-2026 11:00:00",22.7084,75.8815,CO,1,2,1
India,"Madhya Pradesh",Jabalpur,"Marhatal, Jabalpur - MPPCB","24-08-2026 11:00:00",23.168606,79.932247,CO,11,52,30
India,"Madhya Pradesh",Jabalpur,"Gupteshwar, Jabalpur - JMC","24-08-2026 11:00:00",23.142888,79.916147,PM2.5,30,81,58
India,"Madhya Pradesh",Jabalpur,"Govindh Bhavan Colony, Jabalpur - JMC","24-08-2026 11:00:00",23.163174,79.973061,NH3,9,10,10
India,"Madhya Pradesh",Jabalpur,"Suhagi, Jabalpur - JMC","24-08-2026 11:00:00",23.218135,79.95777,NH3,5,5,5
India,"Madhya Pradesh",Jabalpur,"Suhagi, Jabalpur - JMC","24-08-2026 11:00:00",23.218135,79.95777,CO,32,42,37
India,"Madhya Pradesh",Maihar,"Sahilara, Maihar - KJS Cements","24-08-2026 11:00:00",24.2613009,80.7231783,NH3,NA,NA,NA
India,"Madhya Pradesh",Mandideep,"Sector-D Industrial Area, Mandideep - MPPCB","24-08-2026 11:00:00",23.10844,77.511428,NH3,1,3,3
India,"Madhya Pradesh",Pithampur,"Sector-2 Industrial Area, Pithampur - MPPCB","24-08-2026 11:00:00",22.624758,75.675238,NO2,8,34,17
India,"Madhya Pradesh",Pithampur,"Sector-2 Industrial Area, Pithampur - MPPCB","24-08-2026 11:00:00",22.624758,75.675238,SO2,24,44,30
India,Maharashtra,Aurangabad,"Rachnakar Colony, Aurangabad - MPCB","24-08-2026 11:00:00",19.863756,75.321188,CO,19,31,25
India,Maharashtra,Aurangabad,"More Chowk Waluj, Aurangabad - MPCB","24-08-2026 11:00:00",19.8389439,75.244448,PM10,44,57,49
India,Maharashtra,Aurangabad,"More Chowk Waluj, Aurangabad - MPCB","24-08-2026 11:00:00",19.8389439,75.244448,CO,1,70,43
India,Maharashtra,Badlapur,"Katrap, Badlapur - MPCB","24-08-2026 11:00:00",19.16485,73.23409,NO2,15,18,16
India,Maharashtra,Beed,"Bir, Beed - MPCB","24-08-2026 11:00:00",18.988474,75.753873,NO2,4,31,12
India,Maharashtra,Beed,"Bir, Beed - MPCB","24-08-2026 11:00:00",18.988474,75.753873,NH3,2,3,3
India,Maharashtra,Belapur,"CBD Belapur, Belapur - MPCB","24-08-2026 11:00:00",19.0243902,73.0406721,PM2.5,23,59,37
India,Maharashtra,Belapur,"CBD Belapur, Belapur - MPCB","24-08-2026 11:00:00",19.0243902,73.0406721,NO2,11,29,22
India,Maharashtra,Boisar,"Khaira, Boisar - MPCB","24-08-2026 11:00:00",19.786089,72.757971,PM2.5,21,34,27
India,Maharashtra,Boisar,"Khaira, Boisar - MPCB","24-08-2026 11:00:00",19.786089,72.757971,OZONE,30,31,31
India,Maharashtra,Chandrapur,"MIDC Khutala, Chandrapur - MPCB","24-08-2026 11:00:00",19.9775302,79.2337086,OZONE,1,9,4
India,Maharashtra,Mumbai,"Chhatrapati Shivaji Intl. Airport (T2), Mumbai - MPCB","24-08-2026 11:00:00",19.10078,72.87462,NH3,1,1,1
India,Maharashtra,Nagpur,"Opp GPO Civil Lines, Nagpur - MPCB","24-08-2026 11:00:00",21.152875,79.0517531,NH3,5,5,5
India,Maharashtra,Nagpur,"Ambazari, Nagpur - MPCB","24-08-2026 11:00:00",21.121801,79.04952,SO2,10,10,10
India,Maharashtra,Nanded,"Sneh Nagar, Nanded - MPCB","24-08-2026 11:00:00",19.173852,77.296291,NO2,6,22,10
India,Maharashtra,Nanded,"Sneh Nagar, Nanded - MPCB","24-08-2026 11:00:00",19.173852,77.296291,CO,20,26,23
India,Maharashtra,Nashik,"Gangapur Road, Nashik - MPCB","24-08-2026 11:00:00",20.0073285,73.7762427,PM10,11,47,31
India,Maharashtra,Nashik,"Gangapur Road, Nashik - MPCB","24-08-2026 11:00:00",20.0073285,73.7762427,NO2,5,5,5
India,Maharashtra,Nashik,"Gangapur Road, Nashik - MPCB","24-08-2026 11:00:00",20.0073285,73.7762427,SO2,4,8,6
India,Maharashtra,Nashik,"Gangapur Road, Nashik - MPCB","24-08-2026 11:00:00",20.0073285,73.7762427,OZONE,19,20,20
India,Maharashtra,Mumbai,"Chembur, Mumbai - MPCB","24-08-2026 11:00:00",19.0364585,72.8954371,OZONE,NA,NA,NA
India,Maharashtra,Mumbai,"Kandivali West, Mumbai - BMC","24-08-2026 11:00:00",19.215859,72.831718,SO2,1,5,3
India,Maharashtra,Mumbai,"Kandivali West, Mumbai - BMC","24-08-2026 11:00:00",19.215859,72.831718,CO,5,24,10
India,Maharashtra,Mumbai,"Khindipada-Bhandup West, Mumbai - IITM","24-08-2026 11:00:00",19.1653323,72.922099,PM2.5,NA,NA,NA
India,Maharashtra,Mumbai,"Malad West, Mumbai - IITM","24-08-2026 11:00:00",19.19709,72.82204,NH3,2,4,3
India,Maharashtra,Mumbai,"Borivali East, Mumbai - IITM","24-08-2026 11:00:00",19.23241,72.86895,PM2.5,21,46,33
India,Maharashtra,Mumbai,"Borivali East, Mumbai - IITM","24-08-2026 11:00:00",19.23241,72.86895,SO2,NA,NA,NA
India,Maharashtra,Mumbai,"Borivali East, Mumbai - IITM","24-08-2026 11:00:00",19.23241,72.86895,CO,18,35,27
India,Maharashtra,Mumbai,"Mazgaon, Mumbai - IITM","24-08-2026 11:00:00",18.96702,72.84214,OZONE,12,17,15
India,Maharashtra,Mumbai,"Bandra Kurla Complex, Mumbai - IITM","24-08-2026 11:00:00",19.053536,72.84643,NH3,NA,NA,NA
India,Maharashtra,Mumbai,"Bandra Kurla Complex, Mumbai - IITM","24-08-2026 11:00:00",19.053536,72.84643,OZONE,7,14,11
India,Maharashtra,Mumbai,"Kurla, Mumbai - MPCB","24-08-2026 11:00:00",19.0863,72.8888,PM2.5,14,59,37
India,Maharashtra,Mumbai,"Kurla, Mumbai - MPCB","24-08-2026 11:00:00",19.0863,72.8888,NH3,2,2,2
India,Maharashtra,Mumbai,"Ghatkopar, Mumbai - BMC","24-08-2026 11:00:00",19.083694,72.920967,PM10,35,57,46
India,Maharashtra,Mumbai,"Ghatkopar, Mumbai - BMC","24-08-2026 11:00:00",19.083694,72.920967,SO2,1,2,2
India,Maharashtra,Mumbai,"Ghatkopar, Mumbai - BMC","24-08-2026 11:00:00",19.083694,72.920967,OZONE,3,7,4
India,Maharashtra,Mumbai,"Chhatrapati Shivaji Intl. Airport (T2), Mumbai - MPCB","24-08-2026 11:00:00",19.10078,72.87462,PM2.5,17,35,26
India,Maharashtra,Mumbai,"Byculla, Mumbai - BMC","24-08-2026 11:00:00",18.9767,72.838,OZONE,2,8,5
India,Maharashtra,Mumbai,"Mindspace-Malad West, Mumbai - MPCB","24-08-2026 11:00:00",19.1878657,72.8304069,PM10,26,30,27
India,Maharashtra,Mumbai,"Worli, Mumbai - MPCB","24-08-2026 11:00:00",18.9936162,72.8128113,PM2.5,5,82,25
India,Maharashtra,Mumbai,"Worli, Mumbai - MPCB","24-08-2026 11:00:00",18.9936162,72.8128113,NO2,1,11,6
India,Maharashtra,Mumbai,"Navy Nagar-Colaba, Mumbai - IITM","24-08-2026 11:00:00",18.897756,72.81332,PM10,26,82,57
India,Mizoram,Aizawl,"Sikulpuikawn, Aizawl - Mizoram PCB","24-08-2026 11:00:00",23.7176342,92.7192841,OZONE,1,4,3
India,Nagaland,Kohima,"PWD Junction, Kohima - NPCB","24-08-2026 11:00:00",25.6635413,94.0989878,NH3,0,1,1
India,Odisha,Angul,"Hakimapada, Angul - OSPCB","24-08-2026 11:00:00",20.832874,85.104082,SO2,6,32,14
India,Odisha,Angul,"Hakimapada, Angul - OSPCB","24-08-2026 11:00:00",20.832874,85.104082,CO,41,59,50
India,Odisha,Balasore,"Kalidaspur, Balasore - OSPCB","24-08-2026 11:00:00",21.51161,86.89088,NH3,3,4,3
India,Odisha,Balasore,"Kalidaspur, Balasore - OSPCB","24-08-2026 11:00:00",21.51161,86.89088,SO2,3,5,4
India,Odisha,Barbil,"Forest Office, Barbil - OSPCB","24-08-2026 11:00:00",22.1166054,85.3945546,NH3,1,2,1
India,Odisha,Baripada,"Meher Colony, Baripada - OSPCB","24-08-2026 11:00:00",21.941841,86.728318,NH3,1,4,2
India,Odisha,Baripada,"Meher Colony, Baripada - OSPCB","24-08-2026 11:00:00",21.941841,86.728318,CO,13,33,20
India,Odisha,Bhubaneswar,"Patia, Bhubaneswar - OSPCB","24-08-2026 11:00:00",20.34652,85.8163,NH3,3,8,5
India,Odisha,Bhubaneswar,"Patia, Bhubaneswar - OSPCB","24-08-2026 11:00:00",20.34652,85.8163,CO,33,38,36
India,Odisha,Bhubaneswar,"Lingraj Mandir, Bhubaneswar - OSPCB","24-08-2026 11:00:00",20.24079,85.836784,NO2,6,35,18
India,Odisha,Bhubaneswar,"Lingraj Mandir, Bhubaneswar - OSPCB","24-08-2026 11:00:00",20.24079,85.836784,NH3,1,8,3
India,Odisha,Bhubaneswar,"Lingraj Mandir, Bhubaneswar - OSPCB","24-08-2026 11:00:00",20.24079,85.836784,SO2,7,15,9
India,Maharashtra,Parbhani,"Masoom Colony, Parbhani - MPCB","24-08-2026 11:00:00",19.265594,76.761463,OZONE,24,37,26
India,Maharashtra,Pimpri-Chinchwad,"Gavalinagar, Pimpri Chinchwad - MPCB","24-08-2026 11:00:00",18.63673,73.82487,SO2,1,1,1
India,Maharashtra,Pimpri-Chinchwad,"Bhosari, Pune - IITM","24-08-2026 11:00:00",18.640051,73.848956,PM10,49,95,75
India,Maharashtra,Pimpri-Chinchwad,"Bhosari, Pune - IITM","24-08-2026 11:00:00",18.640051,73.848956,CO,21,55,36
India,Maharashtra,Pimpri-Chinchwad,"Thergaon, Pimpri Chinchwad - MPCB","24-08-2026 11:00:00",18.616318,73.765797,SO2,0,4,1
India,Maharashtra,Pimpri-Chinchwad,"Park Street Wakad, Pimpri Chinchwad - MPCB","24-08-2026 11:00:00",18.59051,73.77946,PM10,31,45,40
India,Maharashtra,Pimpri-Chinchwad,"Park Street Wakad, Pimpri Chinchwad - MPCB","24-08-2026 11:00:00",18.59051,73.77946,SO2,1,3,2
India,Maharashtra,Pimpri-Chinchwad,"Savta Mali Nagar, Pimpri-Chinchwad - IITM","24-08-2026 11:00:00",18.614767,73.799516,PM10,44,100,67
India,Maharashtra,Pimpri-Chinchwad,"Savta Mali Nagar, Pimpri-Chinchwad - IITM","24-08-2026 11:00:00",18.614767,73.799516,CO,28,41,34
India,Maharashtra,"Navi Mumbai","Kopripada-Vashi, Navi Mumbai - MPCB","24-08-2026 11:00:00",19.090337,73.014232,NO2,6,12,8
India,Maharashtra,"Navi Mumbai","Kopripada-Vashi, Navi Mumbai - MPCB","24-08-2026 11:00:00",19.090337,73.014232,CO,20,52,31
India,Maharashtra,"Navi Mumbai","Tondare-Taloja, Navi Mumbai - MPCB","24-08-2026 11:00:00",19.063,73.1209,PM2.5,20,36,28
India,Maharashtra,"Navi Mumbai","Tondare-Taloja, Navi Mumbai - MPCB","24-08-2026 11:00:00",19.063,73.1209,CO,35,45,40
India,Maharashtra,"Navi Mumbai","Sanpada, Navi Mumbai - MPCB","24-08-2026 11:00:00",19.0575752,73.0151367,NH3,4,4,4
India,Maharashtra,"Navi Mumbai","Mahape, Navi Mumbai - MPCB","24-08-2026 11:00:00",19.1135051,73.008978,PM2.5,3,33,19
India,Maharashtra,"Navi Mumbai","Nerul, Navi Mumbai - MPCB","24-08-2026 11:00:00",19.008751,73.01662,NO2,5,5,5
India,Maharashtra,"Navi Mumbai","Nerul, Navi Mumbai - MPCB","24-08-2026 11:00:00",19.008751,73.01662,SO2,NA,NA,NA
India,Maharashtra,Parbhani,"Masoom Colony, Parbhani - MPCB","24-08-2026 11:00:00",19.265594,76.761463,NO2,5,6,6
India,Maharashtra,Pune,"Panchawati_Pashan, Pune - IITM","24-08-2026 11:00:00",18.536457,73.805454,PM2.5,22,43,31
India,Maharashtra,Pune,"Panchawati_Pashan, Pune - IITM","24-08-2026 11:00:00",18.536457,73.805454,CO,13,46,29
India,Maharashtra,Sangli,"Vijay Nagar, Sangli - MPCB","24-08-2026 11:00:00",16.5038,74.3623,NH3,0,4,1
India,Maharashtra,Sangli,"Vijay Nagar, Sangli - MPCB","24-08-2026 11:00:00",16.5038,74.3623,CO,17,32,24
India,Maharashtra,Sangli,"Vijay Nagar, Sangli - MPCB","24-08-2026 11:00:00",16.5038,74.3623,OZONE,7,13,10
India,Maharashtra,Satara,"Koyana Nagar, Satara - MPCB","24-08-2026 11:00:00",17.696651,74.003387,PM2.5,4,98,34
India,Maharashtra,Solapur,"Ratandeep Housing Society, Solapur - MPCB","24-08-2026 11:00:00",17.65439,75.90649,SO2,0,1,0
India,Maharashtra,Solapur,"Ratandeep Housing Society, Solapur - MPCB","24-08-2026 11:00:00",17.65439,75.90649,CO,8,28,18
India,Maharashtra,Thane,"Upvan Fort, Thane - MPCB","24-08-2026 11:00:00",19.222279,72.957979,PM10,13,36,27
India,Maharashtra,Thane,"Upvan Fort, Thane - MPCB","24-08-2026 11:00:00",19.222279,72.957979,NO2,3,14,7
India,Maharashtra,Thane,"Upvan Fort, Thane - MPCB","24-08-2026 11:00:00",19.222279,72.957979,OZONE,5,12,8
India,Maharashtra,Virar,"Bolinj, Virar - MPCB","24-08-2026 11:00:00",19.445821,72.7988231,NH3,NA,NA,NA
India,Meghalaya,Byrnihat,"15th Mile-Nongthymmai, Byrnihat -Meghalaya PCB","24-08-2026 11:00:00",26.079047,91.875185,PM2.5,NA,NA,NA
India,Meghalaya,Byrnihat,"15th Mile-Nongthymmai, Byrnihat -Meghalaya PCB","24-08-2026 11:00:00",26.079047,91.875185,NO2,2,2,2
India,Meghalaya,Shillong,"Lumpyngngad, Shillong - Meghalaya PCB","24-08-2026 11:00:00",25.5586,91.8985,NO2,0,2,0
India,Maharashtra,Thane,"Kasarvadavali, Thane - MPCB","24-08-2026 11:00:00",19.26777,72.97182,NH3,0,1,0
India,Maharashtra,Thane,"Kasarvadavali, Thane - MPCB","24-08-2026 11:00:00",19.26777,72.97182,OZONE,3,10,7
India,Maharashtra,Ulhasnagar,"Sidhi Vinayak Nagar, Ulhasnagar - MPCB","24-08-2026 11:00:00",19.235581,73.159121,PM2.5,35,66,53
India,Maharashtra,Ulhasnagar,"Sidhi Vinayak Nagar, Ulhasnagar - MPCB","24-08-2026 11:00:00",19.235581,73.159121,NH3,0,4,2
India,Maharashtra,Ulhasnagar,"Sidhi Vinayak Nagar, Ulhasnagar - MPCB","24-08-2026 11:00:00",19.235581,73.159121,OZONE,0,21,3
India,Maharashtra,Pune,"Katraj Dairy, Pune - MPCB","24-08-2026 11:00:00",18.45445,73.854155,NO2,9,11,10
India,Maharashtra,Pune,"Mhada Colony, Pune - IITM","24-08-2026 11:00:00",18.57304,73.927715,NO2,17,35,24
India,Maharashtra,Solapur,"Dnyaneshwar Nagar, Solapur - MPCB","24-08-2026 11:00:00",17.6336264,75.9132495,NH3,5,18,8
India,Maharashtra,Solapur,"Dnyaneshwar Nagar, Solapur - MPCB","24-08-2026 11:00:00",17.6336264,75.9132495,OZONE,5,11,7
India,Rajasthan,Jaipur,"Adarsh Nagar, Jaipur - RSPCB","24-08-2026 11:00:00",26.902909,75.836858,PM10,NA,NA,NA
India,Rajasthan,Jaipur,"Adarsh Nagar, Jaipur - RSPCB","24-08-2026 11:00:00",26.902909,75.836858,SO2,NA,NA,NA
India,Rajasthan,Jaisalmer,"Sadar Bazar, Jaisalmer - RSPCB","24-08-2026 11:00:00",26.912329,70.909168,PM2.5,13,35,24
India,Rajasthan,Jalore,"Mudtra Sili, Jalore - RSPCB","24-08-2026 11:00:00",25.344694,72.626208,PM10,56,123,89
India,Rajasthan,Jalore,"Mudtra Sili, Jalore - RSPCB","24-08-2026 11:00:00",25.344694,72.626208,CO,12,28,19
India,Rajasthan,Jhalawar,"Rajlaxmi Nagar, Jhalawar - RSPCB","24-08-2026 11:00:00",24.588397,76.172782,PM10,36,82,57
India,Rajasthan,Jhalawar,"Rajlaxmi Nagar, Jhalawar - RSPCB","24-08-2026 11:00:00",24.588397,76.172782,NH3,3,4,3
India,Rajasthan,Jhunjhunu,"Indra Nagar, Jhunjhunu - RSPCB","24-08-2026 11:00:00",28.108988,75.386577,NO2,3,11,6
India,Rajasthan,Jodhpur,"Digari Kalan, Jodhpur - RSPCB","24-08-2026 11:00:00",26.29581,73.082283,PM2.5,18,42,28
India,Rajasthan,Jodhpur,"Jhalamand, Jodhpur - RSPCB","24-08-2026 11:00:00",26.215415,73.070156,PM10,77,109,95
India,Rajasthan,Jodhpur,"Mandor, Jodhpur - RSPCB","24-08-2026 11:00:00",26.358805,73.047444,NO2,3,11,5
India,Rajasthan,Jodhpur,"Collectorate, Jodhpur - RSPCB","24-08-2026 11:00:00",26.268249,73.0193853,PM2.5,NA,NA,NA
India,Odisha,Brajrajnagar,"GM Office, Brajrajnagar - OSPCB","24-08-2026 11:00:00",21.8004996,83.8396977,PM10,2,117,40
India,Odisha,Brajrajnagar,"GM Office, Brajrajnagar - OSPCB","24-08-2026 11:00:00",21.8004996,83.8396977,CO,44,55,49
India,Odisha,Byasanagar,"Ferro Chrome Colony, Byasanagar - OSPCB","24-08-2026 11:00:00",20.94185,86.1151,PM2.5,NA,NA,NA
India,Odisha,Byasanagar,"Ferro Chrome Colony, Byasanagar - OSPCB","24-08-2026 11:00:00",20.94185,86.1151,NO2,5,30,15
India,Odisha,Byasanagar,"Ferro Chrome Colony, Byasanagar - OSPCB","24-08-2026 11:00:00",20.94185,86.1151,SO2,7,31,17
India,Odisha,Cuttack,"CDA Area, Cuttack - OSPCB","24-08-2026 11:00:00",20.48891,85.84768,SO2,0,41,13
India,Odisha,Keonjhar,"Jagamohanpur, Keonjhar - OSPCB","24-08-2026 11:00:00",21.6439,85.599355,PM10,NA,NA,NA
India,Odisha,Keonjhar,"Jagamohanpur, Keonjhar - OSPCB","24-08-2026 11:00:00",21.6439,85.599355,NO2,15,17,16
India,Odisha,Rourkela,"Sector-2, Rourkela - OSPCB","24-08-2026 11:00:00",22.245,84.88111111,PM2.5,11,11,11
India,Odisha,Rourkela,"Sector-2, Rourkela - OSPCB","24-08-2026 11:00:00",22.245,84.88111111,PM10,32,32,32
India,Odisha,Rourkela,"Raghunathpali, Rourkela - OSPCB","24-08-2026 11:00:00",22.220833,84.809444,PM2.5,3,57,27
India,Rajasthan,Bikaner,"MM Ground, Bikaner - RSPCB","24-08-2026 11:00:00",28.018792,73.292658,OZONE,10,32,19
India,Rajasthan,Bundi,"New Colony, Bundi - RSPCB","24-08-2026 11:00:00",25.435774,75.644272,OZONE,26,39,31
India,Rajasthan,Chittorgarh,"Shastri Nagar, Chittorgarh - RSPCB","24-08-2026 11:00:00",24.892047,74.623527,NO2,7,25,13
India,Rajasthan,Chittorgarh,"Shastri Nagar, Chittorgarh - RSPCB","24-08-2026 11:00:00",24.892047,74.623527,SO2,3,8,6
India,Rajasthan,Churu,"Subash Chowk, Churu - RSPCB","24-08-2026 11:00:00",28.296139,74.961696,CO,20,22,21
India,Rajasthan,Dausa,"Khatikan Mohalla, Dausa - RSPCB","24-08-2026 11:00:00",26.895552,76.334753,PM2.5,20,65,34
India,Rajasthan,Dausa,"Khatikan Mohalla, Dausa - RSPCB","24-08-2026 11:00:00",26.895552,76.334753,SO2,1,8,3
India,Rajasthan,Dausa,"Khatikan Mohalla, Dausa - RSPCB","24-08-2026 11:00:00",26.895552,76.334753,CO,18,38,27
India,Rajasthan,Dholpur,"Raja Ganj, Dholpur - RSPCB","24-08-2026 11:00:00",26.699557,77.898881,SO2,NA,NA,NA
India,Rajasthan,Jodhpur,"Samrat Ashok Udhyan, Jodhpur - RSPCB","24-08-2026 11:00:00",26.253384,72.976571,OZONE,11,23,16
India,Rajasthan,Khairthal,"New Anaj Mandi, Khairthal - RSPCB","24-08-2026 11:00:00",27.8015617,76.6365217,NH3,2,11,3
India,Rajasthan,Khairthal,"New Anaj Mandi, Khairthal - RSPCB","24-08-2026 11:00:00",27.8015617,76.6365217,SO2,1,1,1
India,Rajasthan,Kota,"Dhanmandi, Kota - RSPCB","24-08-2026 11:00:00",25.16409,75.858137,NH3,1,3,2
India,Rajasthan,Kota,"Shrinath Puram, Kota - RSPCB","24-08-2026 11:00:00",25.14389,75.821256,NH3,0,10,4
India,Rajasthan,Kota,"Shrinath Puram, Kota - RSPCB","24-08-2026 11:00:00",25.14389,75.821256,OZONE,18,26,23
India,Rajasthan,Nagaur,"Karni Colony, Nagaur - RSPCB","24-08-2026 11:00:00",27.213494,73.734444,CO,12,13,12
India,Rajasthan,Pali,"Indira Colony Vistar, Pali - RSPCB","24-08-2026 11:00:00",25.771061,73.340227,NH3,NA,NA,NA
India,Rajasthan,Pali,"Indira Colony Vistar, Pali - RSPCB","24-08-2026 11:00:00",25.771061,73.340227,SO2,NA,NA,NA
India,Odisha,Rourkela,"Fertilizer Township, Rourkela - OSPCB","24-08-2026 11:00:00",22.18972222,84.86277778,OZONE,NA,NA,NA
India,Odisha,Talcher,"Talcher Coalfields,Talcher - OSPCB","24-08-2026 11:00:00",20.9360711,85.1707021,PM2.5,5,83,42
India,Odisha,Talcher,"Talcher Coalfields,Talcher - OSPCB","24-08-2026 11:00:00",20.9360711,85.1707021,SO2,26,48,45
India,Puducherry,Puducherry,"Jawahar Nagar, Puducherry - PPCC","24-08-2026 11:00:00",11.9309,79.8027,OZONE,4,24,11
India,Punjab,Amritsar,"Golden Temple, Amritsar - PPCB","24-08-2026 11:00:00",31.62,74.876512,SO2,15,22,17
India,Punjab,Bathinda,"Hardev Nagar, Bathinda - PPCB","24-08-2026 11:00:00",30.233011,74.907758,SO2,9,24,15
India,Punjab,Jalandhar,"Civil Line, Jalandhar - PPCB","24-08-2026 11:00:00",31.321907,75.578914,SO2,11,13,12
India,Rajasthan,Jaipur,"Police Commissionerate, Jaipur - RSPCB","24-08-2026 11:00:00",26.9164092,75.7994901,PM10,64,104,84
India,Rajasthan,Jaipur,"Police Commissionerate, Jaipur - RSPCB","24-08-2026 11:00:00",26.9164092,75.7994901,NO2,31,67,50
India,Rajasthan,Jaipur,"Police Commissionerate, Jaipur - RSPCB","24-08-2026 11:00:00",26.9164092,75.7994901,NH3,17,23,20
India,Rajasthan,Jaipur,"Police Commissionerate, Jaipur - RSPCB","24-08-2026 11:00:00",26.9164092,75.7994901,CO,21,61,38
India,Rajasthan,Jaipur,"RIICO Sitapura, Jaipur - RSPCB","24-08-2026 11:00:00",26.786682,75.827928,PM10,77,137,100
India,Rajasthan,Jaipur,"RIICO Sitapura, Jaipur - RSPCB","24-08-2026 11:00:00",26.786682,75.827928,NO2,9,60,26
India,Rajasthan,Jaipur,"RIICO Sitapura, Jaipur - RSPCB","24-08-2026 11:00:00",26.786682,75.827928,CO,13,30,20
India,Rajasthan,Jaipur,"Shastri Nagar, Jaipur - RSPCB","24-08-2026 11:00:00",26.9502929,75.730943,PM2.5,55,101,71
India,Rajasthan,Jaipur,"Shastri Nagar, Jaipur - RSPCB","24-08-2026 11:00:00",26.9502929,75.730943,PM10,73,106,92
India,Rajasthan,Jaipur,"Shastri Nagar, Jaipur - RSPCB","24-08-2026 11:00:00",26.9502929,75.730943,NH3,5,11,9
India,Punjab,"Mandi Gobindgarh","RIMT University, Mandi Gobindgarh - PPCB","24-08-2026 11:00:00",30.649961,76.331442,SO2,NA,NA,NA
India,Punjab,Patiala,"Model Town, Patiala - PPCB","24-08-2026 11:00:00",30.349388,76.366642,OZONE,16,17,16
India,Rajasthan,Alwar,"Moti Doongri, Alwar - RSPCB","24-08-2026 11:00:00",27.554793,76.611536,PM2.5,47,112,73
India,Rajasthan,Alwar,"Moti Doongri, Alwar - RSPCB","24-08-2026 11:00:00",27.554793,76.611536,NH3,7,10,8
India,Rajasthan,Alwar,"Moti Doongri, Alwar - RSPCB","24-08-2026 11:00:00",27.554793,76.611536,SO2,18,55,37
India,Rajasthan,Alwar,"Vigyan Nagar, Alwar - RSPCB","24-08-2026 11:00:00",27.598796,76.63861,PM2.5,8,149,37
India,Rajasthan,Alwar,"Vigyan Nagar, Alwar - RSPCB","24-08-2026 11:00:00",27.598796,76.63861,PM10,73,138,108
India,Rajasthan,Bhilwara,"Pratap Nagar, Bhilwara - RSPCB","24-08-2026 11:00:00",25.339605,74.618883,PM10,NA,NA,NA
India,Rajasthan,Bhilwara,"Pratap Nagar, Bhilwara - RSPCB","24-08-2026 11:00:00",25.339605,74.618883,NH3,NA,NA,NA
India,Rajasthan,Bhilwara,"Pratap Nagar, Bhilwara - RSPCB","24-08-2026 11:00:00",25.339605,74.618883,SO2,NA,NA,NA
India,Rajasthan,Bhilwara,"Pratap Nagar, Bhilwara - RSPCB","24-08-2026 11:00:00",25.339605,74.618883,OZONE,22,22,22
India,Rajasthan,Bhiwadi,"RIICO Ind. Area III, Bhiwadi - RSPCB","24-08-2026 11:00:00",28.194909,76.862296,PM2.5,57,155,84
India,Rajasthan,Bhiwadi,"RIICO Ind. Area III, Bhiwadi - RSPCB","24-08-2026 11:00:00",28.194909,76.862296,PM10,61,160,104
India,Rajasthan,Bikaner,"MM Ground, Bikaner - RSPCB","24-08-2026 11:00:00",28.018792,73.292658,PM2.5,11,51,29
India,Rajasthan,Baran,"Bamboliya, Baran - RSPCB","24-08-2026 11:00:00",25.106006,76.469948,NO2,23,30,27
India,Rajasthan,Baran,"Bamboliya, Baran - RSPCB","24-08-2026 11:00:00",25.106006,76.469948,NH3,4,6,5
India,Rajasthan,Baran,"Bamboliya, Baran - RSPCB","24-08-2026 11:00:00",25.106006,76.469948,SO2,6,9,7
India,Rajasthan,Baran,"Bamboliya, Baran - RSPCB","24-08-2026 11:00:00",25.106006,76.469948,OZONE,28,40,37
India,Rajasthan,Bharatpur,"Krishna Nagar, Bharatpur - RSPCB","24-08-2026 11:00:00",27.215415,77.50873,NO2,2,20,6
India,Rajasthan,Bharatpur,"Krishna Nagar, Bharatpur - RSPCB","24-08-2026 11:00:00",27.215415,77.50873,NH3,4,6,5
India,Rajasthan,Bharatpur,"Krishna Nagar, Bharatpur - RSPCB","24-08-2026 11:00:00",27.215415,77.50873,SO2,3,4,3
India,Rajasthan,Pratapgarh,"Pragati Nagar, Pratapgarh - RSPCB","24-08-2026 11:00:00",24.041198,74.780702,PM2.5,38,93,56
India,Rajasthan,Pratapgarh,"Pragati Nagar, Pratapgarh - RSPCB","24-08-2026 11:00:00",24.041198,74.780702,NO2,5,15,9
India,Rajasthan,Rajsamand,"Dhoinda, Rajsamand - RSPCB","24-08-2026 11:00:00",25.03636,73.883502,NO2,6,17,11
India,Rajasthan,"Sawai Madhopur","Sahu Nagar, Sawai Madhopur - RSPCB","24-08-2026 11:00:00",26.031443,76.359327,PM10,42,92,71
India,Rajasthan,"Sawai Madhopur","Sahu Nagar, Sawai Madhopur - RSPCB","24-08-2026 11:00:00",26.031443,76.359327,CO,9,14,11
India,Rajasthan,Sirohi,"Vedhaynath Colony, Sirohi - RSPCB","24-08-2026 11:00:00",24.885261,72.857549,SO2,4,7,5
India,Rajasthan,"Sri Ganganagar","Old City, Sri Ganganagar - RSPCB","24-08-2026 11:00:00",29.931624,73.864511,PM2.5,12,58,22
India,Rajasthan,Tonk,"Shastri Nagar, Tonk - RSPCB","24-08-2026 11:00:00",26.159933,75.780517,PM2.5,30,67,52
India,Rajasthan,Tonk,"Shastri Nagar, Tonk - RSPCB","24-08-2026 11:00:00",26.159933,75.780517,NO2,6,24,10
India,Rajasthan,Udaipur,"Ashok Nagar, Udaipur - RSPCB","24-08-2026 11:00:00",24.5886166,73.6321397,PM10,67,106,92
India,Rajasthan,Udaipur,"Ashok Nagar, Udaipur - RSPCB","24-08-2026 11:00:00",24.5886166,73.6321397,OZONE,3,7,4
India,Sikkim,Gangtok,"Zero Point GICI, Gangtok - SSPCB","24-08-2026 11:00:00",27.33853,88.614099,PM2.5,13,34,22
India,"Tamil Nadu",Chennai,"Kodungaiyur, Chennai - TNPCB","24-08-2026 11:00:00",13.1278,80.2642,NO2,12,17,14
India,"Tamil Nadu",Chennai,"Arumbakkam, Chennai - TNPCB","24-08-2026 11:00:00",13.0664,80.2112,NH3,2,3,2
India,"Tamil Nadu",Chennai,"Velachery Res. Area, Chennai - CPCB","24-08-2026 11:00:00",13.0052189,80.2398125,PM10,68,106,90
India,"Tamil Nadu",Chennai,"Perungudi, Chennai - TNPCB","24-08-2026 11:00:00",12.9533,80.2357,PM2.5,1,28,12
India,"Tamil Nadu",Chennai,"Manali, Chennai - CPCB","24-08-2026 11:00:00",13.164544,80.26285,OZONE,8,9,9
India,"Tamil Nadu",Chennai,"Royapuram, Chennai - TNPCB","24-08-2026 11:00:00",13.1036,80.2909,PM2.5,27,68,46
India,"Tamil Nadu",Chennai,"Royapuram, Chennai - TNPCB","24-08-2026 11:00:00",13.1036,80.2909,PM10,32,363,74
India,Telangana,Hyderabad,"Zoo Park, Hyderabad - TSPCB","24-08-2026 11:00:00",17.349694,78.451437,PM2.5,5,17,10
India,Telangana,Hyderabad,"Zoo Park, Hyderabad - TSPCB","24-08-2026 11:00:00",17.349694,78.451437,PM10,5,19,11
India,Telangana,Hyderabad,"Central University, Hyderabad - TSPCB","24-08-2026 11:00:00",17.460103,78.334361,NO2,2,33,18
India,Telangana,Hyderabad,"IITH Kandi, Hyderabad - TSPCB","24-08-2026 11:00:00",17.585705,78.126199,PM10,41,60,47
India,Telangana,Hyderabad,"IITH Kandi, Hyderabad - TSPCB","24-08-2026 11:00:00",17.585705,78.126199,SO2,6,11,7
India,Telangana,Hyderabad,"Nacharam_TSIIC IALA, Hyderabad - TSPCB","24-08-2026 11:00:00",17.429398,78.569354,PM10,51,54,52
India,Telangana,Hyderabad,"Nacharam_TSIIC IALA, Hyderabad - TSPCB","24-08-2026 11:00:00",17.429398,78.569354,OZONE,19,20,20
India,Telangana,Hyderabad,"New Malakpet, Hyderabad - TSPCB","24-08-2026 11:00:00",17.37206,78.50864,PM2.5,30,35,33
India,Telangana,Hyderabad,"New Malakpet, Hyderabad - TSPCB","24-08-2026 11:00:00",17.37206,78.50864,PM10,51,52,52
India,Telangana,Hyderabad,"New Malakpet, Hyderabad - TSPCB","24-08-2026 11:00:00",17.37206,78.50864,SO2,6,11,8
India,Telangana,Hyderabad,"Kokapet, Hyderabad - TSPCB","24-08-2026 11:00:00",17.393559,78.339194,PM10,38,53,43
India,Telangana,Hyderabad,"Ramachandrapuram, Hyderabad - TSPCB","24-08-2026 11:00:00",17.528544,78.286195,CO,25,33,27
India,Telangana,Hyderabad,"Kompally Municipal Office, Hyderabad - TSPCB","24-08-2026 11:00:00",17.544899,78.486949,SO2,3,8,5
India,Telangana,Hyderabad,"Somajiguda, Hyderabad - TSPCB","24-08-2026 11:00:00",17.417094,78.457437,PM2.5,40,51,46
India,Telangana,Hyderabad,"Somajiguda, Hyderabad - TSPCB","24-08-2026 11:00:00",17.417094,78.457437,PM10,46,62,54
India,Telangana,Hyderabad,"Somajiguda, Hyderabad - TSPCB","24-08-2026 11:00:00",17.417094,78.457437,CO,10,18,12
India,Telangana,Hyderabad,"Sanathnagar, Hyderabad - TSPCB","24-08-2026 11:00:00",17.4559458,78.4332152,SO2,0,16,9
India,Telangana,Hyderabad,"ICRISAT Patancheru, Hyderabad - TSPCB","24-08-2026 11:00:00",17.5184,78.278777,PM10,3,29,18
India,Tripura,Agartala,"Bardowali, Agartala - Tripura SPCB","24-08-2026 11:00:00",23.8175497,91.2726974,CO,20,23,21
India,"Uttar Pradesh",Bareilly,"Rajendra Nagar, Bareilly - UPPCB","24-08-2026 11:00:00",28.38910936,79.42963708,NH3,1,1,1
India,"Uttar Pradesh",Bareilly,"Rajendra Nagar, Bareilly - UPPCB","24-08-2026 11:00:00",28.38910936,79.42963708,SO2,2,4,3
India,"Uttar Pradesh",Bareilly,"Civil Lines, Bareilly - UPPCB","24-08-2026 11:00:00",28.359581,79.414455,NO2,7,9,8
India,"Uttar Pradesh",Bulandshahr,"Yamunapuram, Bulandshahr - UPPCB","24-08-2026 11:00:00",28.406963,77.849831,SO2,5,24,11
India,"Uttar Pradesh","Fatehpur Sikri","Dadupura, Fatehpur Sikri - UPPCB","24-08-2026 11:00:00",27.097694,77.671335,SO2,10,11,11
India,"Uttar Pradesh","Fatehpur Sikri","Dadupura, Fatehpur Sikri - UPPCB","24-08-2026 11:00:00",27.097694,77.671335,CO,14,14,14
India,"Tamil Nadu",Chennai,"Royapuram, Chennai - TNPCB","24-08-2026 11:00:00",13.1036,80.2909,CO,49,63,53
India,"Tamil Nadu",Coimbatore,"SIDCO Kurichi, Coimbatore - TNPCB","24-08-2026 11:00:00",10.942451,76.978996,NH3,1,1,1
India,"Tamil Nadu",Cuddalore,"Kudikadu, Cuddalore - TNPCB","24-08-2026 11:00:00",11.6829898,79.7532099,NH3,NA,NA,NA
India,"Tamil Nadu",Thoothukudi,"Meelavittan, Thoothukudi - TNPCB","24-08-2026 11:00:00",8.816428,78.099039,PM10,58,73,66
India,"Tamil Nadu",Thoothukudi,"Meelavittan, Thoothukudi - TNPCB","24-08-2026 11:00:00",8.816428,78.099039,NO2,11,20,15
India,"Uttar Pradesh",Agra,"Rohta, Agra - UPPCB","24-08-2026 11:00:00",27.106972,78.000111,NO2,16,16,16
India,"Uttar Pradesh",Agra,"Rohta, Agra - UPPCB","24-08-2026 11:00:00",27.106972,78.000111,NH3,6,6,6
India,"Uttar Pradesh",Agra,"Sector-3B Avas Vikas Colony, Agra - UPPCB","24-08-2026 11:00:00",27.19412,77.96237,NO2,35,35,35
India,"Uttar Pradesh",Agra,"Shahjahan Garden, Agra - UPPCB","24-08-2026 11:00:00",27.169338,78.03582,NO2,23,29,26
India,"Uttar Pradesh",Agra,"Shahjahan Garden, Agra - UPPCB","24-08-2026 11:00:00",27.169338,78.03582,CO,22,22,22
India,"Uttar Pradesh",Agra,"Manoharpur, Agra - UPPCB","24-08-2026 11:00:00",27.23711,78.01936,NH3,2,2,2
India,"Uttar Pradesh",Agra,"Shastripuram, Agra - UPPCB","24-08-2026 11:00:00",27.19862,77.92066,PM2.5,20,53,36
India,"Uttar Pradesh",Agra,"Shastripuram, Agra - UPPCB","24-08-2026 11:00:00",27.19862,77.92066,NO2,53,54,53
India,"Uttar Pradesh",Baghpat,"Sardar Patel Inter College, Baghpat - UPPCB","24-08-2026 11:00:00",28.964949,77.278761,PM10,25,147,84
India,"Uttar Pradesh",Ghaziabad,"Sanjay Nagar, Ghaziabad - UPPCB","24-08-2026 11:00:00",28.685382,77.453839,OZONE,22,27,24
India,"Uttar Pradesh",Ghaziabad,"Indirapuram, Ghaziabad - UPPCB","24-08-2026 11:00:00",28.646233,77.358075,PM2.5,25,263,94
India,"Uttar Pradesh",Ghaziabad,"Indirapuram, Ghaziabad - UPPCB","24-08-2026 11:00:00",28.646233,77.358075,OZONE,16,32,22
India,"Uttar Pradesh",Ghaziabad,"Wave City, Ghaziabad - UPPCB","24-08-2026 11:00:00",28.646675,77.489049,NH3,NA,NA,NA
India,"Uttar Pradesh",Ghaziabad,"Loni, Ghaziabad - UPPCB","24-08-2026 11:00:00",28.757294,77.278792,CO,24,60,42
India,"Uttar Pradesh","Greater Noida","Knowledge Park - V, Greater Noida - UPPCB","24-08-2026 11:00:00",28.557054,77.453663,NO2,17,35,24
India,"Uttar Pradesh","Greater Noida","Knowledge Park - V, Greater Noida - UPPCB","24-08-2026 11:00:00",28.557054,77.453663,SO2,1,13,7
India,"Uttar Pradesh","Greater Noida","Knowledge Park - V, Greater Noida - UPPCB","24-08-2026 11:00:00",28.557054,77.453663,CO,11,19,14
India,"Uttar Pradesh","Greater Noida","Knowledge Park - III, Greater Noida - UPPCB","24-08-2026 11:00:00",28.47272,77.482,PM2.5,31,132,58
India,"Uttar Pradesh","Greater Noida","Knowledge Park - III, Greater Noida - UPPCB","24-08-2026 11:00:00",28.47272,77.482,PM10,20,125,65
India,"Uttar Pradesh","Greater Noida","Knowledge Park - III, Greater Noida - UPPCB","24-08-2026 11:00:00",28.47272,77.482,NO2,16,66,35
India,"Uttar Pradesh",Jhansi,"Shivaji Nagar, Jhansi - UPPCB","24-08-2026 11:00:00",25.4547,78.6039,SO2,22,30,25
India,"Uttar Pradesh",Kanpur,"FTI Kidwai Nagar, Kanpur - UPPCB","24-08-2026 11:00:00",26.428282,80.327067,CO,32,34,33
India,"Uttar Pradesh",Lucknow,"B R Ambedkar University, Lucknow - UPPCB","24-08-2026 11:00:00",26.766433,80.927299,SO2,34,42,37
India,"Uttar Pradesh",Lucknow,"B R Ambedkar University, Lucknow - UPPCB","24-08-2026 11:00:00",26.766433,80.927299,CO,22,26,24
India,"Uttar Pradesh",Lucknow,"Lalbagh, Lucknow - CPCB","24-08-2026 11:00:00",26.8458805,80.9365541,PM2.5,25,60,38
India,"Uttar Pradesh",Lucknow,"Lalbagh, Lucknow - CPCB","24-08-2026 11:00:00",26.8458805,80.9365541,CO,21,49,32
India,"Uttar Pradesh",Meerut,"Jai Bhim Nagar, Meerut - UPPCB","24-08-2026 11:00:00",28.9535882,77.7622941,NO2,9,51,24
India,"Uttar Pradesh",Meerut,"MIET College, Meerut - UPPCB","24-08-2026 11:00:00",28.972677,77.641018,PM2.5,NA,NA,NA
India,"Uttar Pradesh",Meerut,"MIET College, Meerut - UPPCB","24-08-2026 11:00:00",28.972677,77.641018,NO2,20,47,27
India,"Uttar Pradesh",Meerut,"MIET College, Meerut - UPPCB","24-08-2026 11:00:00",28.972677,77.641018,NH3,2,6,4
India,"Uttar Pradesh",Meerut,"Pallavpuram Phase 2, Meerut - UPPCB","24-08-2026 11:00:00",29.06351,77.709723,PM2.5,NA,NA,NA
India,"Uttar Pradesh",Meerut,"Pallavpuram Phase 2, Meerut - UPPCB","24-08-2026 11:00:00",29.06351,77.709723,SO2,14,22,17
India,"Uttar Pradesh",Modinagar,"SRM University, Modinagar - UPPCB","24-08-2026 11:00:00",28.798171,77.540243,SO2,NA,NA,NA
India,"Uttar Pradesh",Prayagraj,"Jhunsi, Prayagraj - UPPCB","24-08-2026 11:00:00",25.425602,81.917152,PM2.5,6,32,16
India,"Uttar Pradesh",Prayagraj,"Jhunsi, Prayagraj - UPPCB","24-08-2026 11:00:00",25.425602,81.917152,CO,13,42,23
India,"Uttar Pradesh",Raebareli," Indira Nagar, Raebareli - NTPC Unchahar","24-08-2026 11:00:00",26.207781,81.245571,PM10,39,97,65
India,"Uttar Pradesh",Raebareli," Indira Nagar, Raebareli - NTPC Unchahar","24-08-2026 11:00:00",26.207781,81.245571,OZONE,3,6,4
India,"Uttar Pradesh",Varanasi,"Bhelupur, Varanasi - UPPCB","24-08-2026 11:00:00",25.301778,82.996789,CO,11,12,11
India,"Uttar Pradesh",Varanasi,"Maldahiya, Varanasi - UPPCB","24-08-2026 11:00:00",25.32393,82.99687,PM2.5,17,86,36
India,"Uttar Pradesh",Varanasi,"Maldahiya, Varanasi - UPPCB","24-08-2026 11:00:00",25.32393,82.99687,PM10,32,103,69
India,"Uttar Pradesh",Varanasi,"Maldahiya, Varanasi - UPPCB","24-08-2026 11:00:00",25.32393,82.99687,NO2,2,5,3
India,"Uttar Pradesh",Varanasi,"Maldahiya, Varanasi - UPPCB","24-08-2026 11:00:00",25.32393,82.99687,SO2,30,30,30
India,"Uttar Pradesh",Varanasi,"Ardhali Bazar, Varanasi - UPPCB","24-08-2026 11:00:00",25.3505986,82.9083074,PM2.5,23,70,41
India,"Uttar Pradesh",Kanpur,"Nehru Nagar, Kanpur - UPPCB","24-08-2026 11:00:00",26.4703136,80.3229863,PM2.5,18,476,67
India,"Uttar Pradesh",Kanpur,"Nehru Nagar, Kanpur - UPPCB","24-08-2026 11:00:00",26.4703136,80.3229863,NH3,NA,NA,NA
India,"Uttar Pradesh",Kanpur,"Nehru Nagar, Kanpur - UPPCB","24-08-2026 11:00:00",26.4703136,80.3229863,CO,51,53,52
India,"Uttar Pradesh",Khora,"Prashant Garden, Khora - UPPCB","24-08-2026 11:00:00",28.61119,77.34206,NH3,5,6,6
India,"Uttar Pradesh",Khora,"Prashant Garden, Khora - UPPCB","24-08-2026 11:00:00",28.61119,77.34206,CO,27,32,30
India,"Uttar Pradesh",Khurja,"Kalindi Kunj, Khurja - UPPCB","24-08-2026 11:00:00",28.2348927,77.8683002,PM2.5,18,57,37
India,"Uttar Pradesh",Lucknow,"Talkatora District Industries Center, Lucknow - CPCB","24-08-2026 11:00:00",26.83399722,80.8917361,NH3,10,15,13
India,"Uttar Pradesh",Lucknow,"Talkatora District Industries Center, Lucknow - CPCB","24-08-2026 11:00:00",26.83399722,80.8917361,OZONE,12,42,22
India,"Uttar Pradesh",Noida,"Sector - 62, Noida - IITM","24-08-2026 11:00:00",28.6245479,77.3577104,PM10,42,145,100
India,"Uttar Pradesh",Noida,"Sector-1, Noida - UPPCB","24-08-2026 11:00:00",28.5898,77.3101,NO2,13,105,55
India,"Uttar Pradesh",Noida,"Sector-116, Noida - UPPCB","24-08-2026 11:00:00",28.56923,77.393848,NH3,11,15,13
India,"Uttar Pradesh",Noida,"Sector-116, Noida - UPPCB","24-08-2026 11:00:00",28.56923,77.393848,CO,21,66,46
India,"Uttar Pradesh",Noida,"Sector-116, Noida - UPPCB","24-08-2026 11:00:00",28.56923,77.393848,OZONE,9,71,22
India,"Uttar Pradesh",Prayagraj,"Motilal Nehru NIT, Prayagraj - UPPCB","24-08-2026 11:00:00",25.494,81.863,NO2,12,12,12
India,"Uttar Pradesh",Prayagraj,"Motilal Nehru NIT, Prayagraj - UPPCB","24-08-2026 11:00:00",25.494,81.863,CO,4,6,5
India,"Uttar Pradesh",Prayagraj,"Nagar Nigam, Prayagraj - UPPCB","24-08-2026 11:00:00",25.44919916,81.82735986,NH3,6,8,7
India,"Uttar Pradesh",Moradabad,"Eco Herbal Park, Moradabad - UPPCB","24-08-2026 11:00:00",28.840739,78.697531,OZONE,22,34,26
India,"Uttar Pradesh",Moradabad,"Buddhi Vihar, Moradabad - UPPCB","24-08-2026 11:00:00",28.83526,78.7446,PM2.5,2,61,31
India,"Uttar Pradesh",Moradabad,"Buddhi Vihar, Moradabad - UPPCB","24-08-2026 11:00:00",28.83526,78.7446,SO2,32,34,33
India,"Uttar Pradesh",Moradabad,"Jigar Colony, Moradabad - UPPCB","24-08-2026 11:00:00",28.856664,78.772638,CO,39,40,40
India,"Uttar Pradesh",Moradabad,"Kashiram Nagar, Moradabad - UPPCB","24-08-2026 11:00:00",28.849399,78.742362,NO2,25,25,25
India,"Uttar Pradesh",Muzaffarnagar,"New Mandi, Muzaffarnagar - UPPCB","24-08-2026 11:00:00",29.4723508,77.7194031,PM10,23,153,82
India,"Uttar Pradesh",Muzaffarnagar,"New Mandi, Muzaffarnagar - UPPCB","24-08-2026 11:00:00",29.4723508,77.7194031,CO,54,70,60
India,"Uttar Pradesh",Vrindavan,"Omex Eternity, Vrindavan - UPPCB","24-08-2026 11:00:00",27.571409,77.655757,PM10,8,111,48
India,Uttarakhand,Rishikesh,"Shivaji Nagar, Rishikesh - UKPCB","24-08-2026 11:00:00",30.075911,78.2859547,PM10,9,9,9
India,Uttarakhand,Rishikesh,"Shivaji Nagar, Rishikesh - UKPCB","24-08-2026 11:00:00",30.075911,78.2859547,SO2,1,1,1
India,"West Bengal",Asansol,"Asansol Court Area, Asansol - WBPCB","24-08-2026 11:00:00",23.685297,86.945968,PM10,18,56,30
India,"West Bengal",Asansol,"Asansol Court Area, Asansol - WBPCB","24-08-2026 11:00:00",23.685297,86.945968,NH3,3,7,5
India,"West Bengal",Asansol,"Mahabir Colliery, Asansol - WBPCB","24-08-2026 11:00:00",23.618183,87.105718,NO2,2,2,2
India,"Uttar Pradesh",Firozabad,"Nagla Bhau, Firozabad - UPPCB","24-08-2026 11:00:00",27.168897,78.37696,PM10,NA,NA,NA
India,"Uttar Pradesh",Firozabad,"Vibhab Nagar, Firozabad - UPPCB","24-08-2026 11:00:00",27.1594,78.3953,PM2.5,NA,NA,NA
India,"Uttar Pradesh",Gajraula,"Rajanpur, Gajraula - UPPCB","24-08-2026 11:00:00",28.829109,78.248796,NH3,1,2,2
India,"Uttar Pradesh",Ghaziabad,"Ved Vihar-Loni, Ghaziabad - UPPCB","24-08-2026 11:00:00",28.739153,77.273668,PM10,31,121,84
India,"Uttar Pradesh",Lucknow,"Kendriya Vidyalaya, Lucknow - CPCB","24-08-2026 11:00:00",26.906111,80.948222,NH3,10,17,14
India,"Uttar Pradesh",Lucknow,"Gomti Nagar, Lucknow - UPPCB","24-08-2026 11:00:00",26.86812,81.005119,PM2.5,5,46,23
India,"Uttar Pradesh",Lucknow,"Gomti Nagar, Lucknow - UPPCB","24-08-2026 11:00:00",26.86812,81.005119,NO2,9,10,9
India,"West Bengal",Asansol,"Mahabir Colliery, Asansol - WBPCB","24-08-2026 11:00:00",23.618183,87.105718,OZONE,8,12,9
India,"West Bengal",Asansol,"Trivenidevi Bhalotia College, Asansol - WBPCB","24-08-2026 11:00:00",23.616515,87.119133,NO2,4,12,7
India,"West Bengal",Asansol,"Trivenidevi Bhalotia College, Asansol - WBPCB","24-08-2026 11:00:00",23.616515,87.119133,OZONE,5,6,6
India,"West Bengal",Barrackpore,"SVSPA Campus, Barrackpore - WBPCB","24-08-2026 11:00:00",22.7605581,88.3617589,PM10,24,38,31
India,"West Bengal",Barrackpore,"SVSPA Campus, Barrackpore - WBPCB","24-08-2026 11:00:00",22.7605581,88.3617589,NH3,5,10,6
India,"West Bengal",Durgapur,"PCBL Residential Complex, Durgapur - WBPCB","24-08-2026 11:00:00",23.508764,87.35444,PM10,7,25,14
India,"West Bengal",Durgapur,"Womens College_City Center, Durgapur - WBPCB","24-08-2026 11:00:00",23.549395,87.300496,CO,12,17,15
India,"West Bengal",Haldia,"Priyambada Housing Estate, Haldia - WBPCB","24-08-2026 11:00:00",22.06047,88.109737,NH3,7,14,12
India,"West Bengal",Haldia,"Priyambada Housing Estate, Haldia - WBPCB","24-08-2026 11:00:00",22.06047,88.109737,CO,21,76,38
India,"West Bengal",Howrah,"Belur Math, Howrah - WBPCB","24-08-2026 11:00:00",22.629801,88.352017,PM10,19,39,29
India,"West Bengal",Howrah,"Belur Math, Howrah - WBPCB","24-08-2026 11:00:00",22.629801,88.352017,CO,9,14,11
India,"West Bengal",Howrah,"Dasnagar, Howrah - WBPCB","24-08-2026 11:00:00",22.6025571,88.3105664,NH3,1,2,1
India,"West Bengal",Howrah,"Botanical Garden, Howrah - WBPCB","24-08-2026 11:00:00",22.554954,88.292568,PM2.5,13,53,34
India,"West Bengal",Howrah,"Botanical Garden, Howrah - WBPCB","24-08-2026 11:00:00",22.554954,88.292568,NO2,5,55,25
India,"West Bengal",Howrah,"Ghusuri, Howrah - WBPCB","24-08-2026 11:00:00",22.611968,88.347422,NO2,41,60,48
India,"West Bengal",Howrah,"Ghusuri, Howrah - WBPCB","24-08-2026 11:00:00",22.611968,88.347422,CO,20,27,22
India,"West Bengal",Howrah,"Padmapukur, Howrah - WBPCB","24-08-2026 11:00:00",22.5687319,88.2797276,OZONE,13,20,16
India,"West Bengal",Kolkata,"Rabindra Bharati University, Kolkata - WBPCB","24-08-2026 11:00:00",22.627847,88.380669,SO2,7,10,9
India,"West Bengal",Kolkata,"Fort William, Kolkata - WBPCB","24-08-2026 11:00:00",22.55664,88.342674,PM2.5,16,31,24
India,"West Bengal",Kolkata,"Fort William, Kolkata - WBPCB","24-08-2026 11:00:00",22.55664,88.342674,NH3,7,8,7
India,"West Bengal",Kolkata,"Rabindra Sarobar, Kolkata - WBPCB","24-08-2026 11:00:00",22.51106,88.35142,CO,21,25,23
India,"West Bengal",Kolkata,"Ballygunge, Kolkata - WBPCB","24-08-2026 11:00:00",22.5367507,88.3638022,PM10,15,36,25
India,"West Bengal",Kolkata,"Ballygunge, Kolkata - WBPCB","24-08-2026 11:00:00",22.5367507,88.3638022,OZONE,13,17,15
India,"Andhra Pradesh",Vijayawada,"HB Colony, Vijayawada - APPCB","24-08-2026 11:00:00",16.536107,80.594233,NO2,13,24,17
India,"Andhra Pradesh",Vijayawada,"HB Colony, Vijayawada - APPCB","24-08-2026 11:00:00",16.536107,80.594233,NH3,3,5,4
India,"Andhra Pradesh",Vijayawada,"HB Colony, Vijayawada - APPCB","24-08-2026 11:00:00",16.536107,80.594233,CO,29,33,30
India,"Andhra Pradesh",Vijayawada,"HB Colony, Vijayawada - APPCB","24-08-2026 11:00:00",16.536107,80.594233,OZONE,24,30,26
India,"Andhra Pradesh",Vijayawada,"Rajiv Gandhi Park, Vijayawada - APPCB","24-08-2026 11:00:00",16.509717,80.612222,OZONE,29,34,31
India,"Andhra Pradesh",Visakhapatnam,"GVM Corporation, Visakhapatnam - APPCB","24-08-2026 11:00:00",17.72,83.3,PM2.5,2,60,30
India,"Andhra Pradesh",Visakhapatnam,"GVM Corporation, Visakhapatnam - APPCB","24-08-2026 11:00:00",17.72,83.3,PM10,36,154,73
India,"Andhra Pradesh",Visakhapatnam,"GVM Corporation, Visakhapatnam - APPCB","24-08-2026 11:00:00",17.72,83.3,OZONE,9,33,21
India,"Arunachal Pradesh",Naharlagun,"Naharlagun, Naharlagun - APSPCB","24-08-2026 11:00:00",27.103358,93.679645,NH3,1,1,1
India,"Arunachal Pradesh",Naharlagun,"Naharlagun, Naharlagun - APSPCB","24-08-2026 11:00:00",27.103358,93.679645,SO2,11,12,12
India,Assam,Byrnihat,"Central Academy for SFS, Byrnihat - PCBA","24-08-2026 11:00:00",26.071318,91.87488,NO2,7,9,8
India,Assam,Byrnihat,"Central Academy for SFS, Byrnihat - PCBA","24-08-2026 11:00:00",26.071318,91.87488,NH3,4,4,4
India,Assam,Byrnihat,"Central Academy for SFS, Byrnihat - PCBA","24-08-2026 11:00:00",26.071318,91.87488,SO2,23,32,32
India,Assam,Guwahati,"IITG, Guwahati - PCBA","24-08-2026 11:00:00",26.2028636,91.70046436,CO,73,78,75
India,Chandigarh,Chandigarh,"Sector 22, Chandigarh - CPCC","24-08-2026 11:00:00",30.735567,76.775714,PM2.5,2,43,22
India,Chandigarh,Chandigarh,"Sector 22, Chandigarh - CPCC","24-08-2026 11:00:00",30.735567,76.775714,NH3,8,22,14
India,Chandigarh,Chandigarh,"Sector 22, Chandigarh - CPCC","24-08-2026 11:00:00",30.735567,76.775714,CO,35,45,38
India,Chandigarh,Chandigarh,"Sector-25, Chandigarh - CPCC","24-08-2026 11:00:00",30.751462,76.762879,CO,16,27,20
India,Chandigarh,Chandigarh,"Sector-53, Chandigarh - CPCC","24-08-2026 11:00:00",30.719859,76.738637,PM2.5,2,17,8
India,Chandigarh,Chandigarh,"Sector-53, Chandigarh - CPCC","24-08-2026 11:00:00",30.719859,76.738637,CO,28,40,36
India,Chhattisgarh,Bhilai,"32Bungalows, Bhilai - CECB","24-08-2026 11:00:00",21.194815,81.31477,PM10,9,34,20
India,Chhattisgarh,Bhilai,"32Bungalows, Bhilai - CECB","24-08-2026 11:00:00",21.194815,81.31477,SO2,8,10,9
India,Chhattisgarh,Bhilai,"32Bungalows, Bhilai - CECB","24-08-2026 11:00:00",21.194815,81.31477,OZONE,5,10,8
India,Chhattisgarh,Bhilai,"Hathkhoj, Bhilai - CECB","24-08-2026 11:00:00",21.224231,81.40835,NH3,5,12,8
India,Chhattisgarh,Bhilai,"Hathkhoj, Bhilai - CECB","24-08-2026 11:00:00",21.224231,81.40835,CO,15,38,24
India,Chhattisgarh,Bilaspur,"Mangala, Bilaspur - NTPC","24-08-2026 11:00:00",22.08815,82.13737,CO,14,29,23
India,Chhattisgarh,Chhal,"Nawapara SECL Colony, Chhal - CECB","24-08-2026 11:00:00",22.118125,83.140608,PM2.5,NA,NA,NA
India,Chhattisgarh,Chhal,"Nawapara SECL Colony, Chhal - CECB","24-08-2026 11:00:00",22.118125,83.140608,SO2,NA,NA,NA
India,Bihar,Arrah,"New DM Office, Arrah - BSPCB","24-08-2026 11:00:00",25.5626095,84.663264,PM10,40,45,42
India,Bihar,Arrah,"New DM Office, Arrah - BSPCB","24-08-2026 11:00:00",25.5626095,84.663264,SO2,5,6,5
India,Bihar,Aurangabad,"Gurdeo Nagar, Aurangabad - BSPCB","24-08-2026 11:00:00",24.75746,84.366208,SO2,21,36,24
India,Bihar,Begusarai,"Lohiyanagar, Begusarai - BSPCB","24-08-2026 11:00:00",25.42742023,86.13886079,NO2,8,11,9
India,Bihar,Begusarai,"Lohiyanagar, Begusarai - BSPCB","24-08-2026 11:00:00",25.42742023,86.13886079,SO2,18,24,22
India,Bihar,Bettiah,"Kamalnath Nagar, Bettiah - BSPCB","24-08-2026 11:00:00",26.80365,84.51954,NH3,NA,NA,NA
India,Bihar,Bettiah,"Kamalnath Nagar, Bettiah - BSPCB","24-08-2026 11:00:00",26.80365,84.51954,OZONE,22,22,22
India,Bihar,Bhagalpur,"Mayaganj, Bhagalpur - BSPCB","24-08-2026 11:00:00",25.265194,87.012947,NH3,4,4,4
India,Bihar,Bhagalpur,"Mayaganj, Bhagalpur - BSPCB","24-08-2026 11:00:00",25.265194,87.012947,CO,18,106,70
India,Bihar,Bhagalpur,"DM Office_Kachari Chowk, Bhagalpur - BSPCB","24-08-2026 11:00:00",25.251013,86.989001,CO,27,30,28
India,Bihar,Gaya,"SFTI Kusdihra, Gaya - BSPCB","24-08-2026 11:00:00",24.762518,84.982348,NO2,23,35,29
India,Bihar,Gaya,"SFTI Kusdihra, Gaya - BSPCB","24-08-2026 11:00:00",24.762518,84.982348,NH3,6,8,7
India,Bihar,Gaya,"Kareemganj, Gaya - BSPCB","24-08-2026 11:00:00",24.792403,84.992416,CO,9,30,20
India,Bihar,Hajipur,"Industrial Area, Hajipur - BSPCB","24-08-2026 11:00:00",25.697189,85.2459,PM10,36,54,45
India,Bihar,Hajipur,"Industrial Area, Hajipur - BSPCB","24-08-2026 11:00:00",25.697189,85.2459,NH3,7,11,9
India,Bihar,Katihar,"Mirchaibari, Katihar - BSPCB","24-08-2026 11:00:00",25.560083,87.553265,PM2.5,NA,NA,NA
India,Bihar,Kishanganj,"SDM Office_Khagra, Kishanganj - BSPCB","24-08-2026 11:00:00",26.0881305,87.93840336,PM2.5,33,53,43
India,Bihar,Kishanganj,"SDM Office_Khagra, Kishanganj - BSPCB","24-08-2026 11:00:00",26.0881305,87.93840336,OZONE,32,34,33
India,Bihar,Manguraha,"Forest Rest House, Manguraha - BSPCB","24-08-2026 11:00:00",27.308328,84.531742,PM10,57,171,86
India,Bihar,Manguraha,"Forest Rest House, Manguraha - BSPCB","24-08-2026 11:00:00",27.308328,84.531742,NO2,11,40,18
India,Bihar,Manguraha,"Forest Rest House, Manguraha - BSPCB","24-08-2026 11:00:00",27.308328,84.531742,SO2,13,47,21
India,Bihar,Manguraha,"Forest Rest House, Manguraha - BSPCB","24-08-2026 11:00:00",27.308328,84.531742,CO,27,92,48
India,Bihar,Patna,"Govt. High School Shikarpur, Patna - BSPCB","24-08-2026 11:00:00",25.592539,85.227158,OZONE,20,63,36
India,Bihar,Patna,"DRM Office Danapur, Patna - BSPCB","24-08-2026 11:00:00",25.586562,85.043586,PM2.5,27,82,52
India,Bihar,Patna,"Samanpura, Patna - BSPCB","24-08-2026 11:00:00",25.596727,85.085624,NO2,24,24,24
India,Bihar,Patna,"Samanpura, Patna - BSPCB","24-08-2026 11:00:00",25.596727,85.085624,OZONE,23,24,24
India,Bihar,Purnia,"Mariam Nagar, Purnia - BSPCB","24-08-2026 11:00:00",25.366336,87.117468,NH3,4,4,4
India,Bihar,Saharsa,"Police Line, Saharsa - BSPCB","24-08-2026 11:00:00",25.892357,86.590325,NH3,4,4,4
India,Bihar,Samastipur,"DM Office_Kasipur, Samastipur - BSPCB","24-08-2026 11:00:00",25.859655,85.77944,OZONE,5,6,6
India,Bihar,Sasaram,"Dada Peer, Sasaram - BSPCB","24-08-2026 11:00:00",24.952822,84.002396,NO2,2,10,3
India,Assam,Guwahati,"Pan Bazaar, Guwahati - PCBA","24-08-2026 11:00:00",26.1875,91.744194,CO,11,17,15
India,Assam,Guwahati,"Pan Bazaar, Guwahati - PCBA","24-08-2026 11:00:00",26.1875,91.744194,OZONE,10,18,13
India,Assam,Guwahati,"LGBI Airport, Guwahati - PCBA","24-08-2026 11:00:00",26.10887,91.589544,PM2.5,18,73,45
India,Assam,Guwahati,"LGBI Airport, Guwahati - PCBA","24-08-2026 11:00:00",26.10887,91.589544,NH3,4,53,6
India,Assam,Guwahati,"LGBI Airport, Guwahati - PCBA","24-08-2026 11:00:00",26.10887,91.589544,SO2,9,21,14
India,Assam,Nagaon,"Christianpatty, Nagaon - PCBA","24-08-2026 11:00:00",26.349082,92.68449,PM2.5,50,84,61
India,Assam,Silchar,"Tarapur, Silchar - PCBA","24-08-2026 11:00:00",24.82827,92.79525,PM2.5,35,41,36
India,Assam,Sivasagar,"Girls College, Sivasagar - PCBA","24-08-2026 11:00:00",26.987634,94.636574,PM2.5,16,22,19
India,"Andhra Pradesh",Tirumala,"Toll Gate, Tirumala - APPCB","24-08-2026 11:00:00",13.67,79.35,CO,11,24,16
India,"Andhra Pradesh",Tirupati,"Vaikuntapuram, Tirupati - APPCB","24-08-2026 11:00:00",13.615387,79.40923,PM2.5,47,49,48
India,"Andhra Pradesh",Tirupati,"Vaikuntapuram, Tirupati - APPCB","24-08-2026 11:00:00",13.615387,79.40923,PM10,78,84,81
India,"Andhra Pradesh",Tirupati,"Vaikuntapuram, Tirupati - APPCB","24-08-2026 11:00:00",13.615387,79.40923,NH3,5,6,5
India,"Andhra Pradesh",Tirupati,"Vaikuntapuram, Tirupati - APPCB","24-08-2026 11:00:00",13.615387,79.40923,SO2,11,12,11
India,"Andhra Pradesh",Tirupati,"Vaikuntapuram, Tirupati - APPCB","24-08-2026 11:00:00",13.615387,79.40923,OZONE,32,33,32
India,"Andhra Pradesh",Guntur,"Rajendra Nagar North, Guntur - APPCB","24-08-2026 11:00:00",16.316553,80.413302,NH3,4,10,6
India,"Andhra Pradesh",Kadapa,"Yerramukkapalli, Kadapa - APPCB","24-08-2026 11:00:00",14.465052,78.824187,PM10,43,45,44
India,"Andhra Pradesh",Kadapa,"Yerramukkapalli, Kadapa - APPCB","24-08-2026 11:00:00",14.465052,78.824187,CO,33,40,36
India,"Andhra Pradesh",Nellore,"Ambedkar Nagar, Nellore - APPCB ","24-08-2026 11:00:00",14.438164,79.966814,NO2,25,33,26
India,"Andhra Pradesh",Srikakulam,"Chinna Bharatham Colony, Srikakulam - APPCB","24-08-2026 11:00:00",18.292191,83.897173,PM2.5,10,37,26
India,"Andhra Pradesh",Srikakulam,"Chinna Bharatham Colony, Srikakulam - APPCB","24-08-2026 11:00:00",18.292191,83.897173,OZONE,6,27,14
India,"Andhra Pradesh",Tirumala,"Toll Gate, Tirumala - APPCB","24-08-2026 11:00:00",13.67,79.35,PM10,14,34,23
India,"Andhra Pradesh",Tirumala,"Toll Gate, Tirumala - APPCB","24-08-2026 11:00:00",13.67,79.35,NO2,25,66,44
India,Bihar,Munger,"Town Hall, Munger - BSPCB","24-08-2026 11:00:00",25.376776,86.471523,PM10,NA,NA,NA
India,Bihar,Munger,"Town Hall, Munger - BSPCB","24-08-2026 11:00:00",25.376776,86.471523,SO2,67,77,73
India,Bihar,Munger,"Town Hall, Munger - BSPCB","24-08-2026 11:00:00",25.376776,86.471523,CO,33,37,36
India,Bihar,Muzaffarpur,"MIT-Daudpur Kothi, Muzaffarpur - BSPCB","24-08-2026 11:00:00",26.1403345,85.3650192,PM2.5,20,35,27
India,Delhi,Delhi,"Jahangirpuri, Delhi - DPCC","24-08-2026 11:00:00",28.73282,77.170633,SO2,3,8,6
India,Delhi,Delhi,"IHBAS, Dilshad Garden, Delhi - CPCB","24-08-2026 11:00:00",28.6811736,77.3025234,PM2.5,35,92,65
India,Delhi,Delhi,"IHBAS, Dilshad Garden, Delhi - CPCB","24-08-2026 11:00:00",28.6811736,77.3025234,PM10,35,106,72
India,Delhi,Delhi,"Nehru Nagar, Delhi - DPCC","24-08-2026 11:00:00",28.56789,77.250515,NO2,13,67,38
India,Delhi,Delhi,"Nehru Nagar, Delhi - DPCC","24-08-2026 11:00:00",28.56789,77.250515,SO2,1,107,13
India,Delhi,Delhi,"Nehru Nagar, Delhi - DPCC","24-08-2026 11:00:00",28.56789,77.250515,CO,20,56,41
India,Delhi,Delhi,"Patparganj, Delhi - DPCC","24-08-2026 11:00:00",28.623763,77.287209,OZONE,43,43,43
India,Delhi,Delhi,"Jawaharlal Nehru Stadium, Delhi - DPCC","24-08-2026 11:00:00",28.58028,77.233829,NO2,3,29,14
India,Delhi,Delhi,"Jawaharlal Nehru Stadium, Delhi - DPCC","24-08-2026 11:00:00",28.58028,77.233829,OZONE,27,37,30
India,Delhi,Delhi,"Najafgarh, Delhi - DPCC","24-08-2026 11:00:00",28.570173,76.933762,PM10,56,107,90
India,Delhi,Delhi,"Najafgarh, Delhi - DPCC","24-08-2026 11:00:00",28.570173,76.933762,SO2,18,22,20
India,Delhi,Delhi,"Najafgarh, Delhi - DPCC","24-08-2026 11:00:00",28.570173,76.933762,OZONE,12,20,14
India,Delhi,Delhi,"Wazirpur, Delhi - DPCC","24-08-2026 11:00:00",28.699793,77.165453,PM10,113,425,210
India,Delhi,Delhi,"Wazirpur, Delhi - DPCC","24-08-2026 11:00:00",28.699793,77.165453,NO2,33,66,45
India,Delhi,Delhi,"DTU, Delhi - CPCB","24-08-2026 11:00:00",28.7500499,77.1112615,SO2,32,34,33
India,Delhi,Delhi,"DTU, Delhi - CPCB","24-08-2026 11:00:00",28.7500499,77.1112615,CO,13,23,18
India,Delhi,Delhi,"Dwarka-Sector 8, Delhi - DPCC ","24-08-2026 11:00:00",28.5710274,77.0719006,NH3,6,16,9
India,Delhi,Delhi,"Dr. Karni Singh Shooting Range, Delhi - DPCC","24-08-2026 11:00:00",28.498571,77.26484,PM2.5,23,305,75
India,Delhi,Delhi,"Dr. Karni Singh Shooting Range, Delhi - DPCC","24-08-2026 11:00:00",28.498571,77.26484,NH3,5,6,6
India,Delhi,Delhi,"IIT Delhi, Delhi - IITM","24-08-2026 11:00:00",28.54246,77.191651,CO,24,37,30
India,Delhi,Delhi,"IIT Delhi, Delhi - IITM","24-08-2026 11:00:00",28.54246,77.191651,OZONE,1,8,3
India,Delhi,Delhi,"IGNOU_Maidan Garhi, Delhi - DPCC","24-08-2026 11:00:00",28.493624,77.201159,NH3,1,8,3
India,Delhi,Delhi,"IGNOU_Maidan Garhi, Delhi - DPCC","24-08-2026 11:00:00",28.493624,77.201159,CO,54,61,57
India,Delhi,Delhi,"Commonwealth Sports Complex, Delhi - DPCC","24-08-2026 11:00:00",28.615828,77.271992,NH3,0,2,1
India,Delhi,Delhi,"Talkatora Garden, Delhi - DPCC","24-08-2026 11:00:00",28.62181,77.1944633,SO2,0,2,1
India,Delhi,Delhi,"NSIT Dwarka, Delhi - CPCB","24-08-2026 11:00:00",28.60909,77.0325413,NO2,12,64,29
India,Delhi,Delhi,"Cantonment Area, Delhi - DPCC","24-08-2026 11:00:00",28.594169,77.1251,CO,98,106,104
India,Delhi,Delhi,"Major Dhyan Chand National Stadium, Delhi - DPCC","24-08-2026 11:00:00",28.611281,77.237738,PM10,23,161,97
India,Delhi,Delhi,"Major Dhyan Chand National Stadium, Delhi - DPCC","24-08-2026 11:00:00",28.611281,77.237738,NH3,9,11,10
India,Delhi,Delhi,"Bawana, Delhi - DPCC","24-08-2026 11:00:00",28.7762,77.051074,NO2,6,9,7
India,Delhi,Delhi,"Okhla Phase-2, Delhi - DPCC","24-08-2026 11:00:00",28.530785,77.271255,NH3,3,13,7
India,Delhi,Delhi,"Rohini, Delhi - DPCC","24-08-2026 11:00:00",28.732528,77.11992,NO2,0,17,6
India,Delhi,Delhi,"Rohini, Delhi - DPCC","24-08-2026 11:00:00",28.732528,77.11992,SO2,9,12,10
India,Delhi,Delhi,"Vivek Vihar, Delhi - DPCC","24-08-2026 11:00:00",28.672342,77.31526,PM10,44,184,115
India,Delhi,Delhi,"Ashok Vihar, Delhi - DPCC","24-08-2026 11:00:00",28.695381,77.181665,CO,85,102,95
India,Delhi,Delhi,"Ashok Vihar, Delhi - DPCC","24-08-2026 11:00:00",28.695381,77.181665,OZONE,7,7,7
India,Delhi,Delhi,"Anand Vihar, Delhi - DPCC","24-08-2026 11:00:00",28.647622,77.315809,PM2.5,95,366,263
India,Delhi,Delhi,"Anand Vihar, Delhi - DPCC","24-08-2026 11:00:00",28.647622,77.315809,NO2,23,55,33
India,Delhi,Delhi,"Shadipur, Delhi - CPCB","24-08-2026 11:00:00",28.6514781,77.1473105,PM2.5,24,52,38
India,Delhi,Delhi,"Mandir Marg, Delhi - DPCC","24-08-2026 11:00:00",28.636429,77.201067,PM2.5,33,207,90
India,Chhattisgarh,Korba,"Rampur, Korba - CECB","24-08-2026 11:00:00",22.368195,82.746431,NH3,1,1,1
India,Chhattisgarh,Kunjemura,"OP Jindal School, Kunjemura - CECB","24-08-2026 11:00:00",22.12665,83.483212,NO2,6,72,32
India,Chhattisgarh,Kunjemura,"OP Jindal School, Kunjemura - CECB","24-08-2026 11:00:00",22.12665,83.483212,NH3,2,2,2
India,Chhattisgarh,Raipur,"Krishak Nagar, Raipur - CECB","24-08-2026 11:00:00",21.237755,81.705301,PM2.5,20,59,34
India,Chhattisgarh,Raipur,"Krishak Nagar, Raipur - CECB","24-08-2026 11:00:00",21.237755,81.705301,PM10,14,75,33
India,Delhi,Delhi,"Sirifort, Delhi - CPCB","24-08-2026 11:00:00",28.5504249,77.2159377,PM2.5,37,153,83
India,Delhi,Delhi,"Sirifort, Delhi - CPCB","24-08-2026 11:00:00",28.5504249,77.2159377,PM10,30,148,108
India,Delhi,Delhi,"Sirifort, Delhi - CPCB","24-08-2026 11:00:00",28.5504249,77.2159377,OZONE,16,25,20
India,Delhi,Delhi,"Chandni Chowk, Delhi - IITM","24-08-2026 11:00:00",28.656756,77.227234,CO,78,105,97
India,Chhattisgarh,Raipur,"Bhatagaon New ISBT, Raipur - CECB","24-08-2026 11:00:00",21.219665,81.630094,CO,13,34,22
India,Chhattisgarh,Raipur,"Siltara Phase-II, Raipur - CECB","24-08-2026 11:00:00",21.371751,81.664929,NO2,12,30,19
India,Chhattisgarh,Raipur,"AIIMS, Raipur - CECB","24-08-2026 11:00:00",21.258815,81.578979,SO2,3,6,5
India,Delhi,Delhi,"ITO, Delhi - CPCB","24-08-2026 11:00:00",28.628624,77.24106,PM2.5,33,86,62
India,Delhi,Delhi,"ITO, Delhi - CPCB","24-08-2026 11:00:00",28.628624,77.24106,SO2,11,34,22
India,Delhi,Delhi,"Narela, Delhi - DPCC","24-08-2026 11:00:00",28.822836,77.101981,PM10,29,163,94
India,Delhi,Delhi,"Narela, Delhi - DPCC","24-08-2026 11:00:00",28.822836,77.101981,SO2,10,10,10
India,Delhi,Delhi,"Mundka, Delhi - DPCC","24-08-2026 11:00:00",28.684678,77.076574,OZONE,3,6,5
India,Delhi,Delhi,"Punjabi Bagh, Delhi - DPCC","24-08-2026 11:00:00",28.674045,77.131023,PM2.5,30,130,70
India,Gujarat,Ahmedabad,"SVPI Airport Hansol, Ahmedabad - IITM","24-08-2026 11:00:00",23.076793,72.627874,PM10,87,114,103
India,Gujarat,Ahmedabad,"SVPI Airport Hansol, Ahmedabad - IITM","24-08-2026 11:00:00",23.076793,72.627874,SO2,4,26,9
India,Gujarat,Ahmedabad,"Rakhial, Ahmedabad - IITM","24-08-2026 11:00:00",23.016834,72.625775,PM2.5,39,74,54
India,Gujarat,Ahmedabad,"Rakhial, Ahmedabad - IITM","24-08-2026 11:00:00",23.016834,72.625775,CO,50,73,64
India,Gujarat,Ahmedabad,"Maninagar, Ahmedabad - GPCB","24-08-2026 11:00:00",23.002657,72.591912,PM2.5,27,128,78
India,Gujarat,Ahmedabad,"Maninagar, Ahmedabad - GPCB","24-08-2026 11:00:00",23.002657,72.591912,NH3,NA,NA,NA
India,Gujarat,Ahmedabad,"Maninagar, Ahmedabad - GPCB","24-08-2026 11:00:00",23.002657,72.591912,SO2,19,28,24
India,Gujarat,Ahmedabad,"Chandkheda, Ahmedabad - IITM","24-08-2026 11:00:00",23.107969,72.574648,NO2,7,22,10
India,Gujarat,Ahmedabad,"Chandkheda, Ahmedabad - IITM","24-08-2026 11:00:00",23.107969,72.574648,NH3,6,8,7
India,Gujarat,Ahmedabad,"Chandkheda, Ahmedabad - IITM","24-08-2026 11:00:00",23.107969,72.574648,CO,2,11,7
India,Gujarat,Ahmedabad,"Chandkheda, Ahmedabad - IITM","24-08-2026 11:00:00",23.107969,72.574648,OZONE,2,3,2
India,Gujarat,Ahmedabad,"SAC ISRO Bopal, Ahmedabad - IITM","24-08-2026 11:00:00",23.041137,72.456691,PM2.5,36,67,49
India,Gujarat,Ahmedabad,"SAC ISRO Bopal, Ahmedabad - IITM","24-08-2026 11:00:00",23.041137,72.456691,NO2,20,24,22
India,Gujarat,Ahmedabad,"SAC ISRO Bopal, Ahmedabad - IITM","24-08-2026 11:00:00",23.041137,72.456691,SO2,2,3,3
India,Gujarat,Ahmedabad,"SAC ISRO Satellite, Ahmedabad - IITM","24-08-2026 11:00:00",23.023389,72.515201,PM10,35,107,76
India,Gujarat,Ahmedabad,"Gyaspur, Ahmedabad - IITM","24-08-2026 11:00:00",22.977134,72.553024,NO2,31,47,41
India,Gujarat,Ahmedabad,"Gyaspur, Ahmedabad - IITM","24-08-2026 11:00:00",22.977134,72.553024,NH3,2,5,4
India,Gujarat,Ahmedabad,"Gyaspur, Ahmedabad - IITM","24-08-2026 11:00:00",22.977134,72.553024,CO,49,56,52
India,Delhi,Delhi,"Aya Nagar, Delhi - IITM","24-08-2026 11:00:00",28.4706914,77.1099364,SO2,NA,NA,NA
India,Delhi,Delhi,"CRRI Mathura Road, Delhi - IITM","24-08-2026 11:00:00",28.5512005,77.2735737,CO,11,83,48
India,Delhi,Delhi,"CRRI Mathura Road, Delhi - IITM","24-08-2026 11:00:00",28.5512005,77.2735737,OZONE,16,18,16
India,Delhi,Delhi,"Burari Crossing, Delhi - IITM","24-08-2026 11:00:00",28.7256504,77.2011573,PM2.5,26,98,58
India,Delhi,Delhi,"Burari Crossing, Delhi - IITM","24-08-2026 11:00:00",28.7256504,77.2011573,OZONE,3,21,14
India,Delhi,Delhi,"IMD Lodhi Road, Delhi - IITM","24-08-2026 11:00:00",28.5918245,77.2273074,PM2.5,39,134,80
India,Delhi,Delhi,"IMD Lodhi Road, Delhi - IITM","24-08-2026 11:00:00",28.5918245,77.2273074,SO2,NA,NA,NA
India,Delhi,Delhi,"Alipur, Delhi - DPCC","24-08-2026 11:00:00",28.815329,77.15301,PM2.5,40,170,82
India,Delhi,Delhi,"Alipur, Delhi - DPCC","24-08-2026 11:00:00",28.815329,77.15301,OZONE,4,8,6
India,Delhi,Delhi,"North Campus, DU, Delhi - IITM","24-08-2026 11:00:00",28.6573814,77.1585447,PM10,69,149,99
India,Delhi,Delhi,"North Campus, DU, Delhi - IITM","24-08-2026 11:00:00",28.6573814,77.1585447,SO2,NA,NA,NA
India,Delhi,Delhi,"North Campus, DU, Delhi - IITM","24-08-2026 11:00:00",28.6573814,77.1585447,CO,49,71,59
India,Delhi,Delhi,"R K Puram, Delhi - DPCC","24-08-2026 11:00:00",28.563262,77.186937,NO2,11,76,40
India,Gujarat,Vadodara,"Bapunagar, Vadodara - Nexteng Enviro","24-08-2026 11:00:00",22.320153,73.216285,OZONE,2,3,3
India,Gujarat,Vapi,"Phase-1 GIDC, Vapi - GPCB","24-08-2026 11:00:00",20.362421,72.918013,PM10,NA,NA,NA
India,Gujarat,Vapi,"Phase-1 GIDC, Vapi - GPCB","24-08-2026 11:00:00",20.362421,72.918013,NO2,NA,NA,NA
India,Gujarat,Vapi,"Phase-1 GIDC, Vapi - GPCB","24-08-2026 11:00:00",20.362421,72.918013,SO2,NA,NA,NA
India,Gujarat,Vapi,"Phase-1 GIDC, Vapi - GPCB","24-08-2026 11:00:00",20.362421,72.918013,OZONE,9,11,10
India,Haryana,Ambala,"Patti Mehar, Ambala - HSPCB","24-08-2026 11:00:00",30.379589,76.778328,OZONE,23,33,27
India,Haryana,Bahadurgarh,"Arya Nagar, Bahadurgarh - HSPCB","24-08-2026 11:00:00",28.6701,76.9254,PM2.5,37,106,65
India,Haryana,Bahadurgarh,"Arya Nagar, Bahadurgarh - HSPCB","24-08-2026 11:00:00",28.6701,76.9254,NO2,27,32,29
India,Haryana,Bahadurgarh,"Arya Nagar, Bahadurgarh - HSPCB","24-08-2026 11:00:00",28.6701,76.9254,NH3,7,9,8
India,Haryana,Ballabgarh,"Nathu Colony, Ballabgarh - HSPCB","24-08-2026 11:00:00",28.3419248,77.319699,SO2,1,4,2
India,Haryana,Hisar,"Urban Estate-II, Hisar - HSPCB","24-08-2026 11:00:00",29.14056,75.744941,OZONE,69,70,70
India,Haryana,Jind,"Police Lines, Jind - HSPCB","24-08-2026 11:00:00",29.307814,76.337619,PM10,60,82,69
India,Haryana,Karnal,"Sector-12, Karnal - HSPCB","24-08-2026 11:00:00",29.6953,77.0027,PM2.5,17,412,74
India,Haryana,Karnal,"Sector-12, Karnal - HSPCB","24-08-2026 11:00:00",29.6953,77.0027,NO2,9,21,15
India,Haryana,Karnal,"Sector-12, Karnal - HSPCB","24-08-2026 11:00:00",29.6953,77.0027,SO2,12,13,12
India,Haryana,Kurukshetra,"Sector-7, Kurukshetra - HSPCB","24-08-2026 11:00:00",29.966942,76.875879,CO,13,27,21
India,Haryana,Kurukshetra,"Sector-7, Kurukshetra - HSPCB","24-08-2026 11:00:00",29.966942,76.875879,OZONE,3,22,10
India,Haryana,Mandikhera,"General Hospital, Mandikhera(Nuh) - HSPCB","24-08-2026 11:00:00",27.9002,76.9938,PM2.5,16,18,17
India,Haryana,Mandikhera,"General Hospital, Mandikhera(Nuh) - HSPCB","24-08-2026 11:00:00",27.9002,76.9938,NH3,7,9,8
India,Haryana,Bhiwani,"H.B. Colony, Bhiwani - HSPCB","24-08-2026 11:00:00",28.806223,76.141105,NO2,6,18,14
India,Haryana,Bhiwani,"H.B. Colony, Bhiwani - HSPCB","24-08-2026 11:00:00",28.806223,76.141105,NH3,9,12,10
India,Haryana,"Charkhi Dadri","Mini Secretariat, Charkhi Dadri - HSPCB","24-08-2026 11:00:00",28.593883,76.270653,PM10,52,131,81
India,Haryana,"Charkhi Dadri","Mini Secretariat, Charkhi Dadri - HSPCB","24-08-2026 11:00:00",28.593883,76.270653,CO,7,16,12
India,Haryana,"Charkhi Dadri","Mini Secretariat, Charkhi Dadri - HSPCB","24-08-2026 11:00:00",28.593883,76.270653,OZONE,10,38,22
India,Haryana,Dharuhera,"Municipal Corporation Office, Dharuhera -  HSPCB","24-08-2026 11:00:00",28.2068,76.7997,NO2,8,45,33
India,Haryana,Faridabad,"New Industrial Town, Faridabad - HSPCB","24-08-2026 11:00:00",28.39072,77.30059,PM10,41,94,73
India,Haryana,Faridabad,"New Industrial Town, Faridabad - HSPCB","24-08-2026 11:00:00",28.39072,77.30059,SO2,4,10,7
India,Haryana,Faridabad,"New Industrial Town, Faridabad - HSPCB","24-08-2026 11:00:00",28.39072,77.30059,OZONE,14,14,14
India,Haryana,Faridabad,"Sector 11, Faridabad - HSPCB","24-08-2026 11:00:00",28.376058,77.315741,SO2,3,13,7
India,Haryana,Faridabad,"Sector 30, Faridabad - HSPCB","24-08-2026 11:00:00",28.4417,77.3217,PM10,66,107,84
India,Haryana,Faridabad,"Sector 30, Faridabad - HSPCB","24-08-2026 11:00:00",28.4417,77.3217,SO2,2,3,2
India,Haryana,Faridabad,"Sector 30, Faridabad - HSPCB","24-08-2026 11:00:00",28.4417,77.3217,CO,24,26,25
India,Haryana,Gurugram,"Teri Gram, Gurugram - HSPCB","24-08-2026 11:00:00",28.4275,77.1465,PM2.5,6,301,95
India,Haryana,Gurugram,"Sector-51, Gurugram - HSPCB","24-08-2026 11:00:00",28.4227,77.0667,PM2.5,51,200,113
India,Haryana,Gurugram,"Sector-51, Gurugram - HSPCB","24-08-2026 11:00:00",28.4227,77.0667,OZONE,12,44,22
India,Haryana,Gurugram,"Vikas Sadan, Gurugram - HSPCB","24-08-2026 11:00:00",28.4501238,77.0263051,NH3,NA,NA,NA
India,Haryana,Gurugram,"Vikas Sadan, Gurugram - HSPCB","24-08-2026 11:00:00",28.4501238,77.0263051,SO2,NA,NA,NA
India,Gujarat,Gandhinagar,"GIFT City, Gandhinagar - IITM","24-08-2026 11:00:00",23.163798,72.677768,NO2,20,27,22
India,Gujarat,Gandhinagar,"GIFT City, Gandhinagar - IITM","24-08-2026 11:00:00",23.163798,72.677768,SO2,0,16,5
India,Gujarat,Mehsana,"Sadanand Nagar, Mehsana - Nexteng Enviro","24-08-2026 11:00:00",23.59315,72.372792,PM10,54,135,90
India,Gujarat,Nandesari,"GIDC, Nandesari - Nandesari Ind. Association","24-08-2026 11:00:00",22.410802,73.097923,CO,12,37,22
India,Gujarat,Rajkot,"Mavdi, Rajkot - Nexteng Enviro ","24-08-2026 11:00:00",22.248853,70.776774,PM2.5,23,63,36
India,Gujarat,Rajkot,"Mavdi, Rajkot - Nexteng Enviro ","24-08-2026 11:00:00",22.248853,70.776774,PM10,31,65,51
India,Gujarat,Surat,"Science Center, Surat - SMC","24-08-2026 11:00:00",21.170046,72.795405,PM10,25,69,43
India,Gujarat,Surat,"Katargam, Surat - Nexteng Enviro","24-08-2026 11:00:00",21.217779,72.834787,PM10,42,89,58
India,Gujarat,Vadodara,"Bapunagar, Vadodara - Nexteng Enviro","24-08-2026 11:00:00",22.320153,73.216285,PM2.5,23,81,47
India,Gujarat,Vadodara,"Bapunagar, Vadodara - Nexteng Enviro","24-08-2026 11:00:00",22.320153,73.216285,PM10,43,103,67
India,Gujarat,Vadodara,"Bapunagar, Vadodara - Nexteng Enviro","24-08-2026 11:00:00",22.320153,73.216285,NO2,11,12,11
India,Gujarat,Vadodara,"Bapunagar, Vadodara - Nexteng Enviro","24-08-2026 11:00:00",22.320153,73.216285,NH3,2,2,2
India,Gujarat,Bhavnagar,"Vidhyanagar, Bhavnagar - Nexteng Enviro","24-08-2026 11:00:00",21.755417,72.139056,SO2,7,8,7
India,Gujarat,Gandhinagar,"Sector-10, Gandhinagar - GPCB","24-08-2026 11:00:00",23.221714,72.654328,PM2.5,31,63,44
India,Karnataka,Yadgir,"Collector Office, Yadgir - KSPCB","24-08-2026 11:00:00",16.7602,77.1428,NH3,0,1,0
India,Karnataka,Yadgir,"Collector Office, Yadgir - KSPCB","24-08-2026 11:00:00",16.7602,77.1428,OZONE,32,36,34
India,Kerala,Eloor,"Udyogamandal, Eloor - Kerala PCB","24-08-2026 11:00:00",10.073232,76.302765,PM2.5,NA,NA,NA
India,Kerala,Eloor,"Udyogamandal, Eloor - Kerala PCB","24-08-2026 11:00:00",10.073232,76.302765,SO2,NA,NA,NA
India,Kerala,Eloor,"Udyogamandal, Eloor - Kerala PCB","24-08-2026 11:00:00",10.073232,76.302765,CO,45,46,46
India,Kerala,Kannur,"Thavakkara, Kannur - Kerala PCB","24-08-2026 11:00:00",11.875,75.3732,SO2,0,0,0
India,Kerala,Kannur,"Thavakkara, Kannur - Kerala PCB","24-08-2026 11:00:00",11.875,75.3732,OZONE,28,29,28
India,Kerala,Thiruvananthapuram,"Plammoodu, Thiruvananthapuram - Kerala PCB","24-08-2026 11:00:00",8.5149093,76.9435879,CO,3,10,7
India,Kerala,Thiruvananthapuram,"Kariavattom, Thiruvananthapuram - Kerala PCB","24-08-2026 11:00:00",8.5637,76.8865,PM10,27,105,59
India,Kerala,Thrissur,"Corporation Ground, Thrissur - Kerala PCB","24-08-2026 11:00:00",10.5324,76.2159,PM2.5,46,57,52
India,Kerala,Thrissur,"Corporation Ground, Thrissur - Kerala PCB","24-08-2026 11:00:00",10.5324,76.2159,NO2,8,10,9
India,Ladakh,Leh,"Skara Yokma, Leh - LPCC","24-08-2026 11:00:00",34.147096,77.55709,PM2.5,1,33,11
India,"Madhya Pradesh",Bhopal,"Paryavaran Parisar, Bhopal - MPPCB","24-08-2026 11:00:00",23.210494,77.425409,PM10,26,93,52
India,"Madhya Pradesh",Bhopal,"Idgah Hills, Bhopal - MPPCB","24-08-2026 11:00:00",23.264759,77.381568,NO2,11,46,19
India,"Madhya Pradesh",Indore,"Residency Area, Indore - IMC","24-08-2026 11:00:00",22.7084,75.8815,NO2,NA,NA,NA
India,"Madhya Pradesh",Indore,"Residency Area, Indore - IMC","24-08-2026 11:00:00",22.7084,75.8815,SO2,2,3,2
India,"Madhya Pradesh",Jabalpur,"Marhatal, Jabalpur - MPPCB","24-08-2026 11:00:00",23.168606,79.932247,PM2.5,19,93,52
India,"Madhya Pradesh",Jabalpur,"Marhatal, Jabalpur - MPPCB","24-08-2026 11:00:00",23.168606,79.932247,PM10,NA,NA,NA
India,"Madhya Pradesh",Jabalpur,"Marhatal, Jabalpur - MPPCB","24-08-2026 11:00:00",23.168606,79.932247,NO2,39,48,43
India,"Madhya Pradesh",Jabalpur,"Marhatal, Jabalpur - MPPCB","24-08-2026 11:00:00",23.168606,79.932247,NH3,4,5,5
India,"Madhya Pradesh",Jabalpur,"Govindh Bhavan Colony, Jabalpur - JMC","24-08-2026 11:00:00",23.163174,79.973061,PM2.5,15,47,31
India,"Madhya Pradesh",Jabalpur,"Govindh Bhavan Colony, Jabalpur - JMC","24-08-2026 11:00:00",23.163174,79.973061,CO,38,47,42
India,"Madhya Pradesh",Jabalpur,"Govindh Bhavan Colony, Jabalpur - JMC","24-08-2026 11:00:00",23.163174,79.973061,OZONE,12,30,20
India,"Madhya Pradesh",Jabalpur,"Suhagi, Jabalpur - JMC","24-08-2026 11:00:00",23.218135,79.95777,OZONE,11,29,17
India,"Madhya Pradesh",Katni,"Gole Bazar, Katni - MPPCB","24-08-2026 11:00:00",23.50016,80.23284,PM2.5,16,59,35
India,"Madhya Pradesh",Katni,"Gole Bazar, Katni - MPPCB","24-08-2026 11:00:00",23.50016,80.23284,NH3,2,3,3
India,"Madhya Pradesh",Katni,"Gole Bazar, Katni - MPPCB","24-08-2026 11:00:00",23.50016,80.23284,CO,18,33,28
India,"Madhya Pradesh",Katni,"Gole Bazar, Katni - MPPCB","24-08-2026 11:00:00",23.50016,80.23284,OZONE,14,28,18
India,"Madhya Pradesh",Maihar,"Sahilara, Maihar - KJS Cements","24-08-2026 11:00:00",24.2613009,80.7231783,NO2,12,17,15
India,"Madhya Pradesh",Mandideep,"Sector-D Industrial Area, Mandideep - MPPCB","24-08-2026 11:00:00",23.10844,77.511428,CO,16,38,21
India,"Madhya Pradesh",Mandideep,"Sector-D Industrial Area, Mandideep - MPPCB","24-08-2026 11:00:00",23.10844,77.511428,OZONE,25,36,29
India,"Madhya Pradesh",Bhopal,"T T Nagar, Bhopal - MPPCB","24-08-2026 11:00:00",23.233584,77.400574,NO2,12,30,18
India,"Madhya Pradesh",Bhopal,"T T Nagar, Bhopal - MPPCB","24-08-2026 11:00:00",23.233584,77.400574,OZONE,18,27,23
India,"Madhya Pradesh",Damoh,"Shrivastav Colony, Damoh - MPPCB","24-08-2026 11:00:00",23.81748678,79.446246,NH3,NA,NA,NA
India,"Madhya Pradesh",Damoh,"Shrivastav Colony, Damoh - MPPCB","24-08-2026 11:00:00",23.81748678,79.446246,SO2,43,57,51
India,"Madhya Pradesh",Dewas,"Bhopal Chauraha, Dewas - MPPCB","24-08-2026 11:00:00",22.9682591,76.064118,NH3,2,3,3
India,"Madhya Pradesh",Dewas,"Bhopal Chauraha, Dewas - MPPCB","24-08-2026 11:00:00",22.9682591,76.064118,CO,17,25,21
India,"Madhya Pradesh",Gwalior,"Maharaj Bada, Gwalior - MPPCB","24-08-2026 11:00:00",26.200388,78.147714,PM2.5,8,28,16
India,"Madhya Pradesh",Gwalior,"Maharaj Bada, Gwalior - MPPCB","24-08-2026 11:00:00",26.200388,78.147714,NH3,3,5,4
India,"Madhya Pradesh",Gwalior,"City Center, Gwalior - MPPCB","24-08-2026 11:00:00",26.203442,78.193251,NO2,30,51,44
India,"Madhya Pradesh",Gwalior,"City Center, Gwalior - MPPCB","24-08-2026 11:00:00",26.203442,78.193251,NH3,2,3,2
India,"Madhya Pradesh",Gwalior,"Deen Dayal Nagar, Gwalior - MPPCB","24-08-2026 11:00:00",26.259242,78.216432,PM10,20,114,54
India,"Madhya Pradesh",Gwalior,"Deen Dayal Nagar, Gwalior - MPPCB","24-08-2026 11:00:00",26.259242,78.216432,NO2,29,57,42
India,"Madhya Pradesh",Indore,"Regional Park, Indore - IMC","24-08-2026 11:00:00",22.678,75.8559,NH3,0,3,1
India,"Madhya Pradesh",Indore,"Chhoti Gwaltoli, Indore - MPPCB","24-08-2026 11:00:00",22.431,75.5213,PM2.5,35,64,50
India,"Madhya Pradesh",Indore,"Residency Area, Indore - IMC","24-08-2026 11:00:00",22.7084,75.8815,PM2.5,2,41,29
India,Haryana,"Yamuna Nagar","Gobind Pura, Yamuna Nagar - HSPCB","24-08-2026 11:00:00",30.1480566,77.2893471,NO2,11,21,16
India,Haryana,"Yamuna Nagar","Gobind Pura, Yamuna Nagar - HSPCB","24-08-2026 11:00:00",30.1480566,77.2893471,SO2,10,15,12
India,"Himachal Pradesh",Baddi,"HIMUDA Complex Phase-1, Baddi - HPPCB","24-08-2026 11:00:00",30.943887,76.801991,PM2.5,8,227,52
India,"Himachal Pradesh",Baddi,"HIMUDA Complex Phase-1, Baddi - HPPCB","24-08-2026 11:00:00",30.943887,76.801991,PM10,10,274,86
India,"Himachal Pradesh",Baddi,"HIMUDA Complex Phase-1, Baddi - HPPCB","24-08-2026 11:00:00",30.943887,76.801991,NO2,3,21,10
India,"Jammu and Kashmir",Srinagar,"Rajbagh, Srinagar - JKPCC","24-08-2026 11:00:00",34.066206,74.81982,PM2.5,17,30,22
India,"Jammu and Kashmir",Srinagar,"Rajbagh, Srinagar - JKPCC","24-08-2026 11:00:00",34.066206,74.81982,NH3,9,9,9
India,"Jammu and Kashmir",Srinagar,"Khunmoh, Srinagar - JKPCC","24-08-2026 11:00:00",34.06313,74.96017,PM10,30,89,57
India,"Jammu and Kashmir",Srinagar,"Khunmoh, Srinagar - JKPCC","24-08-2026 11:00:00",34.06313,74.96017,NH3,NA,NA,NA
India,Jharkhand,Dhanbad,"Sardar Patel Nagar, Dhanbad - JSPCB","24-08-2026 11:00:00",23.80569,86.44268,PM2.5,1,295,53
India,Jharkhand,Dhanbad,"Sardar Patel Nagar, Dhanbad - JSPCB","24-08-2026 11:00:00",23.80569,86.44268,NO2,96,205,104
India,Jharkhand,Dhanbad,"Sardar Patel Nagar, Dhanbad - JSPCB","24-08-2026 11:00:00",23.80569,86.44268,OZONE,16,51,23
India,Jharkhand,Jorapokhar,"Tata Stadium, Jorapokhar - JSPCB","24-08-2026 11:00:00",23.707909,86.41467,PM2.5,57,65,60
India,Jharkhand,Jorapokhar,"Tata Stadium, Jorapokhar - JSPCB","24-08-2026 11:00:00",23.707909,86.41467,OZONE,5,63,26
India,Karnataka,Kalaburagi,"Mahatma Basaveswar Colony, Kalaburgi - KSPCB","24-08-2026 11:00:00",17.336318,76.847397,PM10,NA,NA,NA
India,Karnataka,Kalaburagi,"Mahatma Basaveswar Colony, Kalaburgi - KSPCB","24-08-2026 11:00:00",17.336318,76.847397,OZONE,13,15,14
India,Karnataka,Karwar,"KHB Colony, Karwar - KSPCB","24-08-2026 11:00:00",14.816666,74.141003,PM10,1,45,24
India,Karnataka,Madikeri,"Stuart Hill, Madikeri - KSPCB","24-08-2026 11:00:00",12.415911,75.73505,PM2.5,2,15,8
India,Karnataka,Madikeri,"Stuart Hill, Madikeri - KSPCB","24-08-2026 11:00:00",12.415911,75.73505,NO2,2,2,2
India,Karnataka,Madikeri,"Stuart Hill, Madikeri - KSPCB","24-08-2026 11:00:00",12.415911,75.73505,SO2,7,7,7
India,Karnataka,Madikeri,"Stuart Hill, Madikeri - KSPCB","24-08-2026 11:00:00",12.415911,75.73505,CO,7,22,12
India,Karnataka,Madikeri,"Stuart Hill, Madikeri - KSPCB","24-08-2026 11:00:00",12.415911,75.73505,OZONE,1,5,2
India,Karnataka,Mysuru,"Hebbal 1st Stage, Mysuru - KSPCB","24-08-2026 11:00:00",12.21041,76.37376,PM2.5,9,21,14
India,Karnataka,Mysuru,"Hebbal 1st Stage, Mysuru - KSPCB","24-08-2026 11:00:00",12.21041,76.37376,PM10,20,50,35
India,Karnataka,Shivamogga,"Vinoba Nagara, Shivamogga - KSPCB","24-08-2026 11:00:00",13.94,75.555917,SO2,3,7,6
India,Karnataka,Bengaluru,"Jigani, Bengaluru - KSPCB","24-08-2026 11:00:00",12.7816279,77.6299145,OZONE,20,22,21
India,Karnataka,Bengaluru,"City Railway Station, Bengaluru - KSPCB","24-08-2026 11:00:00",12.9756843,77.5660749,NO2,27,33,30
India,Karnataka,Bengaluru,"City Railway Station, Bengaluru - KSPCB","24-08-2026 11:00:00",12.9756843,77.5660749,CO,52,60,56
India,Karnataka,Bengaluru,"Jayanagar 5th Block, Bengaluru - KSPCB","24-08-2026 11:00:00",12.920984,77.584908,PM2.5,13,420,87
India,Karnataka,Bengaluru,"Jayanagar 5th Block, Bengaluru - KSPCB","24-08-2026 11:00:00",12.920984,77.584908,SO2,17,31,24
India,Karnataka,Bengaluru,"Hombegowda Nagar, Bengaluru - KSPCB","24-08-2026 11:00:00",12.938539,77.5901,PM2.5,22,40,29
India,Karnataka,Bengaluru,"Hebbal, Bengaluru - KSPCB","24-08-2026 11:00:00",13.029152,77.585901,NO2,9,24,21
India,Karnataka,Bengaluru,"Hebbal, Bengaluru - KSPCB","24-08-2026 11:00:00",13.029152,77.585901,SO2,NA,NA,NA
India,Karnataka,Bengaluru,"Silk Board, Bengaluru - KSPCB","24-08-2026 11:00:00",12.917348,77.622813,PM10,23,118,55
India,Karnataka,Bengaluru,"Silk Board, Bengaluru - KSPCB","24-08-2026 11:00:00",12.917348,77.622813,NO2,17,19,18
India,Karnataka,Bengaluru,"Silk Board, Bengaluru - KSPCB","24-08-2026 11:00:00",12.917348,77.622813,SO2,22,25,24
India,Karnataka,Bengaluru,"Silk Board, Bengaluru - KSPCB","24-08-2026 11:00:00",12.917348,77.622813,CO,22,61,38
India,Karnataka,Chamarajanagar,"Urban, Chamarajanagar - KSPCB","24-08-2026 11:00:00",11.55358,76.55521,PM10,29,45,36
India,Karnataka,Chamarajanagar,"Urban, Chamarajanagar - KSPCB","24-08-2026 11:00:00",11.55358,76.55521,NO2,14,29,21
India,Karnataka,Chamarajanagar,"Urban, Chamarajanagar - KSPCB","24-08-2026 11:00:00",11.55358,76.55521,NH3,1,2,2
India,Karnataka,Gadag,"Panchal Nagar, Gadag - KSPCB","24-08-2026 11:00:00",15.411456,75.638133,PM2.5,75,95,86
India,Karnataka,Hubballi,"Lingaraj Nagar, Hubballi - KSPCB","24-08-2026 11:00:00",15.3714823,75.1160168,PM2.5,28,34,32
India,Karnataka,Hubballi,"Lingaraj Nagar, Hubballi - KSPCB","24-08-2026 11:00:00",15.3714823,75.1160168,PM10,49,53,52
India,Haryana,Narnaul,"Shastri Nagar, Narnaul - HSPCB","24-08-2026 11:00:00",28.060249,76.113115,PM2.5,42,82,59
India,Haryana,Narnaul,"Shastri Nagar, Narnaul - HSPCB","24-08-2026 11:00:00",28.060249,76.113115,PM10,97,126,110
India,Haryana,Narnaul,"Shastri Nagar, Narnaul - HSPCB","24-08-2026 11:00:00",28.060249,76.113115,NO2,19,60,41
India,Haryana,Narnaul,"Shastri Nagar, Narnaul - HSPCB","24-08-2026 11:00:00",28.060249,76.113115,SO2,5,18,9
India,Haryana,Panchgaon,"Amity University, Panchgaon - IITM","24-08-2026 11:00:00",28.3153,76.9143,NH3,NA,NA,NA
India,Haryana,Panchgaon,"Amity University, Panchgaon - IITM","24-08-2026 11:00:00",28.3153,76.9143,OZONE,NA,NA,NA
India,Haryana,Panchkula,"Sector-6, Panchkula - HSPCB ","24-08-2026 11:00:00",30.7057778,76.8531805555555,PM10,NA,NA,NA
India,Haryana,Panchkula,"Sector-6, Panchkula - HSPCB ","24-08-2026 11:00:00",30.7057778,76.8531805555555,CO,19,20,19
India,Haryana,Panipat,"Sector-18, Panipat - HSPCB","24-08-2026 11:00:00",29.432304,76.972765,OZONE,48,50,49
India,Haryana,Sonipat,"Murthal, Sonipat - HSPCB","24-08-2026 11:00:00",29.0272,77.0621,PM2.5,3,15,7
India,Haryana,Sonipat,"Murthal, Sonipat - HSPCB","24-08-2026 11:00:00",29.0272,77.0621,NO2,6,9,7
India,"Madhya Pradesh",Ratlam,"Shasthri Nagar, Ratlam - IPCA Lab","24-08-2026 11:00:00",23.331731,75.045981,PM10,36,66,49
India,"Madhya Pradesh",Sagar,"Civil Lines, Sagar - MPPCB","24-08-2026 11:00:00",23.838586,78.759431,PM10,13,63,29
India,"Madhya Pradesh",Satna,"Bandhavgar Colony, Satna - Birla Cement","24-08-2026 11:00:00",24.58434363,80.8549414,PM10,70,71,70
India,"Madhya Pradesh",Satna,"Bandhavgar Colony, Satna - Birla Cement","24-08-2026 11:00:00",24.58434363,80.8549414,OZONE,10,20,16
India,"Madhya Pradesh",Singrauli,"Suryakiran Bhawan NCL, Singrauli - MPPCB","24-08-2026 11:00:00",24.10897,82.64558,PM2.5,NA,NA,NA
India,"Madhya Pradesh",Singrauli,"Suryakiran Bhawan NCL, Singrauli - MPPCB","24-08-2026 11:00:00",24.10897,82.64558,NO2,0,15,7
India,"Madhya Pradesh",Singrauli,"Suryakiran Bhawan NCL, Singrauli - MPPCB","24-08-2026 11:00:00",24.10897,82.64558,SO2,34,102,61
India,"Madhya Pradesh",Ujjain,"Mahashweta Nagar, Ujjain - MPPCB","24-08-2026 11:00:00",23.1633321,75.800225,NH3,3,14,11
India,"Madhya Pradesh",Ujjain,"Mahashweta Nagar, Ujjain - MPPCB","24-08-2026 11:00:00",23.1633321,75.800225,OZONE,28,58,37
India,Maharashtra,Akola,"Ramdaspeth, Akola - MPCB","24-08-2026 11:00:00",20.719516,77.000253,PM10,37,55,43
India,Maharashtra,Akola,"Ramdaspeth, Akola - MPCB","24-08-2026 11:00:00",20.719516,77.000253,NH3,7,9,8
India,Maharashtra,Akola,"Ramdaspeth, Akola - MPCB","24-08-2026 11:00:00",20.719516,77.000253,CO,17,24,20
India,Maharashtra,Ambernath,"Chinchpada, Ambernath - MPCB","24-08-2026 11:00:00",19.215784,73.199781,SO2,22,29,26
India,Maharashtra,Amravati,"Shri Shivaji Science College, Amravati - MPCB","24-08-2026 11:00:00",20.939198,77.765701,PM2.5,17,52,32
India,Maharashtra,Amravati,"Shri Shivaji Science College, Amravati - MPCB","24-08-2026 11:00:00",20.939198,77.765701,NH3,2,3,2
India,Maharashtra,Aurangabad,"MIDC Chilkalthana, Aurangabad - MPCB","24-08-2026 11:00:00",19.87562,75.38731,OZONE,13,31,22
India,Maharashtra,Aurangabad,"Rachnakar Colony, Aurangabad - MPCB","24-08-2026 11:00:00",19.863756,75.321188,NH3,1,2,1
India,Maharashtra,Aurangabad,"More Chowk Waluj, Aurangabad - MPCB","24-08-2026 11:00:00",19.8389439,75.244448,NO2,7,12,10
India,Maharashtra,Badlapur,"Katrap, Badlapur - MPCB","24-08-2026 11:00:00",19.16485,73.23409,PM2.5,13,27,17
India,Maharashtra,Badlapur,"Katrap, Badlapur - MPCB","24-08-2026 11:00:00",19.16485,73.23409,PM10,16,36,22
India,Maharashtra,Badlapur,"Katrap, Badlapur - MPCB","24-08-2026 11:00:00",19.16485,73.23409,NH3,NA,NA,NA
India,Maharashtra,Badlapur,"Katrap, Badlapur - MPCB","24-08-2026 11:00:00",19.16485,73.23409,CO,38,51,44
India,Maharashtra,Bhiwandi,"Gokul Nagar, Bhiwandi - MPCB","24-08-2026 11:00:00",19.309073,73.057223,SO2,3,4,3
India,Maharashtra,Boisar,"Khaira, Boisar - MPCB","24-08-2026 11:00:00",19.786089,72.757971,CO,10,52,24
India,Maharashtra,Chandrapur,"MIDC Khutala, Chandrapur - MPCB","24-08-2026 11:00:00",19.9775302,79.2337086,PM2.5,NA,NA,NA
India,Maharashtra,Chandrapur,"MIDC Khutala, Chandrapur - MPCB","24-08-2026 11:00:00",19.9775302,79.2337086,PM10,NA,NA,NA
India,Maharashtra,Chandrapur,"MIDC Khutala, Chandrapur - MPCB","24-08-2026 11:00:00",19.9775302,79.2337086,NO2,NA,NA,NA
India,Maharashtra,Chandrapur,"MIDC Khutala, Chandrapur - MPCB","24-08-2026 11:00:00",19.9775302,79.2337086,NH3,NA,NA,NA
India,Maharashtra,Chandrapur,"Chauhan Colony, Chandrapur - MPCB","24-08-2026 11:00:00",19.9629,79.298714,PM10,23,54,33
India,Maharashtra,Chandrapur,"Chauhan Colony, Chandrapur - MPCB","24-08-2026 11:00:00",19.9629,79.298714,NH3,1,1,1
India,Maharashtra,Chandrapur,"Chauhan Colony, Chandrapur - MPCB","24-08-2026 11:00:00",19.9629,79.298714,CO,23,25,24
India,Maharashtra,Chandrapur,"Chauhan Colony, Chandrapur - MPCB","24-08-2026 11:00:00",19.9629,79.298714,OZONE,7,9,8
India,Maharashtra,Mumbai,"Deonar, Mumbai - IITM","24-08-2026 11:00:00",19.04946,72.923,OZONE,7,7,7
India,Maharashtra,Nagpur,"Mahal, Nagpur - MPCB","24-08-2026 11:00:00",21.14472,79.107595,SO2,5,38,15
India,Maharashtra,Nagpur,"Mahal, Nagpur - MPCB","24-08-2026 11:00:00",21.14472,79.107595,CO,14,50,25
India,Maharashtra,Nagpur,"Ram Nagar, Nagpur - MPCB","24-08-2026 11:00:00",21.143383,79.048912,PM10,25,52,37
India,Maharashtra,Nagpur,"Opp GPO Civil Lines, Nagpur - MPCB","24-08-2026 11:00:00",21.152875,79.0517531,PM10,16,42,26
India,Maharashtra,Nagpur,"Opp GPO Civil Lines, Nagpur - MPCB","24-08-2026 11:00:00",21.152875,79.0517531,CO,4,47,26
India,Maharashtra,Nanded,"Sneh Nagar, Nanded - MPCB","24-08-2026 11:00:00",19.173852,77.296291,PM2.5,18,31,24
India,Maharashtra,Nanded,"Sneh Nagar, Nanded - MPCB","24-08-2026 11:00:00",19.173852,77.296291,NH3,0,4,2
India,Maharashtra,Nanded,"Sneh Nagar, Nanded - MPCB","24-08-2026 11:00:00",19.173852,77.296291,SO2,NA,NA,NA
India,Maharashtra,Nashik,"Gangapur Road, Nashik - MPCB","24-08-2026 11:00:00",20.0073285,73.7762427,PM2.5,7,37,24
India,Maharashtra,Nashik,"Gangapur Road, Nashik - MPCB","24-08-2026 11:00:00",20.0073285,73.7762427,NH3,3,3,3
India,Maharashtra,Nashik,"Pandav Nagari, Nashik - MPCB","24-08-2026 11:00:00",19.9591346,73.7788008,NH3,1,3,2
India,Maharashtra,Nashik,"Hirawadi, Nashik - MPCB","24-08-2026 11:00:00",20.021503,73.813844,NO2,NA,NA,NA
India,Maharashtra,Nashik,"Hirawadi, Nashik - MPCB","24-08-2026 11:00:00",20.021503,73.813844,CO,34,41,37
India,Maharashtra,Dhule,"Deopur, Dhule - MPCB","24-08-2026 11:00:00",20.918946,74.776388,PM2.5,20,41,29
India,Maharashtra,Dhule,"Deopur, Dhule - MPCB","24-08-2026 11:00:00",20.918946,74.776388,PM10,32,60,42
India,Maharashtra,Dhule,"Deopur, Dhule - MPCB","24-08-2026 11:00:00",20.918946,74.776388,NO2,3,13,6
India,Maharashtra,Hingoli,"Ashta Vinayak Nagar, Hingoli - MPCB","24-08-2026 11:00:00",19.710842,77.151824,NH3,1,3,2
India,Maharashtra,Jalgaon,"Prabhat Colony, Jalgaon - MPCB","24-08-2026 11:00:00",21.001264,75.565602,OZONE,8,15,11
India,Maharashtra,Jalna,"Old MIDC, Jalna - MPCB","24-08-2026 11:00:00",19.854616,75.905894,PM2.5,23,69,47
India,Maharashtra,Kalyan,"Khadakpada, Kalyan - MPCB","24-08-2026 11:00:00",19.25292,73.142019,OZONE,8,8,8
India,Maharashtra,Kalyan,"Pimpleshwar Mandir, Kalyan - MPCB","24-08-2026 11:00:00",19.192056,72.9585188,PM10,46,70,51
India,Maharashtra,Kalyan,"Pimpleshwar Mandir, Kalyan - MPCB","24-08-2026 11:00:00",19.192056,72.9585188,NO2,14,20,17
India,Maharashtra,Kolhapur,"Shivaji University, Kolhapur - MPCB","24-08-2026 11:00:00",16.6870449,74.2505872,NH3,3,4,3
India,Maharashtra,Latur,"Sawe Wadi, Latur - MPCB","24-08-2026 11:00:00",18.39963,76.57452,NH3,1,11,3
India,Maharashtra,Latur,"Sawe Wadi, Latur - MPCB","24-08-2026 11:00:00",18.39963,76.57452,SO2,2,8,5
India,Maharashtra,Mumbai,"Mulund West, Mumbai - MPCB","24-08-2026 11:00:00",19.175,72.9419,PM2.5,1,32,12
India,Maharashtra,Mumbai,"Mulund West, Mumbai - MPCB","24-08-2026 11:00:00",19.175,72.9419,PM10,NA,NA,NA
India,Maharashtra,Mumbai,"Mulund West, Mumbai - MPCB","24-08-2026 11:00:00",19.175,72.9419,SO2,NA,NA,NA
India,Maharashtra,Mumbai,"Chembur, Mumbai - MPCB","24-08-2026 11:00:00",19.0364585,72.8954371,PM10,30,48,39
India,Maharashtra,Mumbai,"Kandivali West, Mumbai - BMC","24-08-2026 11:00:00",19.215859,72.831718,PM2.5,9,21,14
India,Maharashtra,Mumbai,"Kandivali West, Mumbai - BMC","24-08-2026 11:00:00",19.215859,72.831718,OZONE,6,9,8
India,Maharashtra,Mumbai,"Sewri, Mumbai - BMC","24-08-2026 11:00:00",19.000084,72.85673,PM2.5,20,33,25
India,Maharashtra,Mumbai,"Sewri, Mumbai - BMC","24-08-2026 11:00:00",19.000084,72.85673,NO2,NA,NA,NA
India,Maharashtra,Mumbai,"Malad West, Mumbai - IITM","24-08-2026 11:00:00",19.19709,72.82204,PM2.5,3,25,11
India,Maharashtra,Mumbai,"Malad West, Mumbai - IITM","24-08-2026 11:00:00",19.19709,72.82204,PM10,15,46,30
India,Maharashtra,Mumbai,"Borivali East, Mumbai - IITM","24-08-2026 11:00:00",19.23241,72.86895,NO2,6,22,13
India,Maharashtra,Mumbai,"Mazgaon, Mumbai - IITM","24-08-2026 11:00:00",18.96702,72.84214,SO2,0,13,8
India,Maharashtra,Mahad,"Kamble Tarf Birwadi, Mahad - MPCB","24-08-2026 11:00:00",18.1023399,73.4783687,SO2,7,14,8
India,Maharashtra,Mahad,"Kamble Tarf Birwadi, Mahad - MPCB","24-08-2026 11:00:00",18.1023399,73.4783687,OZONE,9,9,9
India,Maharashtra,Malegaon,"Mahesh Nagar, Malegaon - MPCB","24-08-2026 11:00:00",20.555712,74.529236,SO2,0,3,1
India,Maharashtra,Mumbai,"Shivaji Nagar, Mumbai - BMC","24-08-2026 11:00:00",19.060498,72.923356,OZONE,10,12,11
India,Maharashtra,Mumbai,"Siddharth Nagar-Worli, Mumbai - IITM","24-08-2026 11:00:00",19.000083,72.813993,PM2.5,10,15,12
India,Maharashtra,Mumbai,"Bandra Kurla Complex, Mumbai - MPCB","24-08-2026 11:00:00",19.065931,72.862131,PM10,35,64,50
India,Maharashtra,Mumbai,"Kherwadi_Bandra East, Mumbai - MPCB","24-08-2026 11:00:00",19.0632143,72.8456324,SO2,2,4,3
India,Maharashtra,"Navi Mumbai","Tondare-Taloja, Navi Mumbai - MPCB","24-08-2026 11:00:00",19.063,73.1209,NO2,8,14,11
India,Maharashtra,"Navi Mumbai","Sector-2E Kalamboli, Navi Mumbai - MPCB","24-08-2026 11:00:00",19.02579,73.10297,PM2.5,21,35,28
India,Maharashtra,"Navi Mumbai","Sector-2E Kalamboli, Navi Mumbai - MPCB","24-08-2026 11:00:00",19.02579,73.10297,PM10,25,50,35
India,Maharashtra,"Navi Mumbai","Sector-2E Kalamboli, Navi Mumbai - MPCB","24-08-2026 11:00:00",19.02579,73.10297,NH3,5,12,9
India,Maharashtra,"Navi Mumbai","Sector-2E Kalamboli, Navi Mumbai - MPCB","24-08-2026 11:00:00",19.02579,73.10297,SO2,3,4,4
India,Maharashtra,"Navi Mumbai","Nerul, Navi Mumbai - MPCB","24-08-2026 11:00:00",19.008751,73.01662,NH3,1,1,1
India,Maharashtra,Mumbai,"Chakala-Andheri East, Mumbai - IITM","24-08-2026 11:00:00",19.11074,72.86084,NH3,1,3,1
India,Maharashtra,Mumbai,"Chakala-Andheri East, Mumbai - IITM","24-08-2026 11:00:00",19.11074,72.86084,SO2,0,3,1
India,Maharashtra,Mumbai,"Bandra Kurla Complex, Mumbai - IITM","24-08-2026 11:00:00",19.053536,72.84643,PM2.5,8,41,20
India,Maharashtra,Mumbai,"Kurla, Mumbai - MPCB","24-08-2026 11:00:00",19.0863,72.8888,SO2,29,29,29
India,Maharashtra,Mumbai,"Deonar, Mumbai - IITM","24-08-2026 11:00:00",19.04946,72.923,SO2,4,4,4
India,Maharashtra,Mumbai,"Worli, Mumbai - MPCB","24-08-2026 11:00:00",18.9936162,72.8128113,PM10,31,80,62
India,Maharashtra,Mumbai,"Worli, Mumbai - MPCB","24-08-2026 11:00:00",18.9936162,72.8128113,NH3,1,1,1
India,Maharashtra,Mumbai,"Worli, Mumbai - MPCB","24-08-2026 11:00:00",18.9936162,72.8128113,SO2,7,12,9
India,Maharashtra,Mumbai,"Worli, Mumbai - MPCB","24-08-2026 11:00:00",18.9936162,72.8128113,OZONE,5,9,7
India,Maharashtra,Mumbai,"Navy Nagar-Colaba, Mumbai - IITM","24-08-2026 11:00:00",18.897756,72.81332,SO2,1,15,9
India,Mizoram,Aizawl,"Sikulpuikawn, Aizawl - Mizoram PCB","24-08-2026 11:00:00",23.7176342,92.7192841,CO,3,3,3
India,Nagaland,Kohima,"PWD Junction, Kohima - NPCB","24-08-2026 11:00:00",25.6635413,94.0989878,PM2.5,1,31,13
India,Nagaland,Kohima,"PWD Junction, Kohima - NPCB","24-08-2026 11:00:00",25.6635413,94.0989878,PM10,3,26,11
India,Nagaland,Kohima,"PWD Junction, Kohima - NPCB","24-08-2026 11:00:00",25.6635413,94.0989878,CO,2,4,3
India,Nagaland,Kohima,"PWD Junction, Kohima - NPCB","24-08-2026 11:00:00",25.6635413,94.0989878,OZONE,NA,NA,NA
India,Odisha,Balasore,"Kalidaspur, Balasore - OSPCB","24-08-2026 11:00:00",21.51161,86.89088,NO2,2,10,5
India,Odisha,Barbil,"Forest Office, Barbil - OSPCB","24-08-2026 11:00:00",22.1166054,85.3945546,PM2.5,18,147,56
India,Odisha,Barbil,"Forest Office, Barbil - OSPCB","24-08-2026 11:00:00",22.1166054,85.3945546,PM10,26,103,56
India,Odisha,Baripada,"Meher Colony, Baripada - OSPCB","24-08-2026 11:00:00",21.941841,86.728318,SO2,6,7,6
India,Odisha,Bhubaneswar,"Patia, Bhubaneswar - OSPCB","24-08-2026 11:00:00",20.34652,85.8163,SO2,4,53,15
India,Odisha,Bhubaneswar,"Patia, Bhubaneswar - OSPCB","24-08-2026 11:00:00",20.34652,85.8163,OZONE,15,35,24
India,Odisha,Bhubaneswar,"Lingraj Mandir, Bhubaneswar - OSPCB","24-08-2026 11:00:00",20.24079,85.836784,PM10,3,75,37
India,Maharashtra,Parbhani,"Masoom Colony, Parbhani - MPCB","24-08-2026 11:00:00",19.265594,76.761463,SO2,0,3,2
India,Maharashtra,Pimpri-Chinchwad,"Gavalinagar, Pimpri Chinchwad - MPCB","24-08-2026 11:00:00",18.63673,73.82487,PM10,20,51,35
India,Maharashtra,Pimpri-Chinchwad,"Bhosari, Pune - IITM","24-08-2026 11:00:00",18.640051,73.848956,OZONE,8,20,11
India,Maharashtra,Pimpri-Chinchwad,"Thergaon, Pimpri Chinchwad - MPCB","24-08-2026 11:00:00",18.616318,73.765797,PM2.5,5,39,18
India,Maharashtra,Pimpri-Chinchwad,"Transport Nagar-Nigdi, Pune - IITM","24-08-2026 11:00:00",18.664282,73.763966,PM10,42,92,61
India,Maharashtra,Pimpri-Chinchwad,"Transport Nagar-Nigdi, Pune - IITM","24-08-2026 11:00:00",18.664282,73.763966,NH3,NA,NA,NA
India,Maharashtra,Pimpri-Chinchwad,"Park Street Wakad, Pimpri Chinchwad - MPCB","24-08-2026 11:00:00",18.59051,73.77946,PM2.5,20,29,26
India,Maharashtra,Pimpri-Chinchwad,"Park Street Wakad, Pimpri Chinchwad - MPCB","24-08-2026 11:00:00",18.59051,73.77946,NO2,9,20,14
India,Maharashtra,Pimpri-Chinchwad,"Savta Mali Nagar, Pimpri-Chinchwad - IITM","24-08-2026 11:00:00",18.614767,73.799516,OZONE,8,17,11
India,Maharashtra,Pune,"Katraj Dairy, Pune - MPCB","24-08-2026 11:00:00",18.45445,73.854155,NH3,1,1,1
India,Maharashtra,Pune,"Katraj Dairy, Pune - MPCB","24-08-2026 11:00:00",18.45445,73.854155,OZONE,10,10,10
India,Maharashtra,Pune,"Hadapsar, Pune - IITM","24-08-2026 11:00:00",18.501793,73.927532,PM10,26,91,58
India,Maharashtra,Pune,"Hadapsar, Pune - IITM","24-08-2026 11:00:00",18.501793,73.927532,NO2,4,15,8
India,Maharashtra,Pune,"Revenue Colony-Shivajinagar, Pune - IITM","24-08-2026 11:00:00",18.530085,73.849598,NO2,7,25,15
India,Maharashtra,Pune,"Revenue Colony-Shivajinagar, Pune - IITM","24-08-2026 11:00:00",18.530085,73.849598,CO,48,81,67
India,Maharashtra,Pune,"Mhada Colony, Pune - IITM","24-08-2026 11:00:00",18.57304,73.927715,PM10,44,76,65
India,Odisha,Rourkela,"Fertilizer Township, Rourkela - OSPCB","24-08-2026 11:00:00",22.18972222,84.86277778,NH3,NA,NA,NA
India,Odisha,Tensa,"Barsua Iron Ore Mines, Tensa - OSPCB","24-08-2026 11:00:00",21.869985,85.167016,SO2,19,32,27
India,Odisha,Tensa,"Barsua Iron Ore Mines, Tensa - OSPCB","24-08-2026 11:00:00",21.869985,85.167016,OZONE,46,47,47
India,Punjab,Amritsar,"Golden Temple, Amritsar - PPCB","24-08-2026 11:00:00",31.62,74.876512,OZONE,10,25,13
India,Punjab,Bathinda,"Hardev Nagar, Bathinda - PPCB","24-08-2026 11:00:00",30.233011,74.907758,PM2.5,9,114,45
India,Punjab,Bathinda,"Hardev Nagar, Bathinda - PPCB","24-08-2026 11:00:00",30.233011,74.907758,NO2,25,31,28
India,Punjab,Jalandhar,"Civil Line, Jalandhar - PPCB","24-08-2026 11:00:00",31.321907,75.578914,PM2.5,69,211,91
India,Maharashtra,Virar,"Bolinj, Virar - MPCB","24-08-2026 11:00:00",19.445821,72.7988231,CO,11,11,11
India,Meghalaya,Byrnihat,"15th Mile-Nongthymmai, Byrnihat -Meghalaya PCB","24-08-2026 11:00:00",26.079047,91.875185,PM10,NA,NA,NA
India,Meghalaya,Byrnihat,"15th Mile-Nongthymmai, Byrnihat -Meghalaya PCB","24-08-2026 11:00:00",26.079047,91.875185,CO,NA,NA,NA
India,Meghalaya,Shillong,"JN Stadium, Shillong - Meghalaya PCB","24-08-2026 11:00:00",25.5803419,91.8942571,PM2.5,NA,NA,NA
India,Meghalaya,Shillong,"JN Stadium, Shillong - Meghalaya PCB","24-08-2026 11:00:00",25.5803419,91.8942571,NH3,NA,NA,NA
India,Meghalaya,Shillong,"JN Stadium, Shillong - Meghalaya PCB","24-08-2026 11:00:00",25.5803419,91.8942571,SO2,25,31,29
India,Meghalaya,Shillong,"JN Stadium, Shillong - Meghalaya PCB","24-08-2026 11:00:00",25.5803419,91.8942571,CO,6,10,8
India,Meghalaya,Shillong,"Lumpyngngad, Shillong - Meghalaya PCB","24-08-2026 11:00:00",25.5586,91.8985,SO2,10,12,11
India,Meghalaya,Shillong,"Lumpyngngad, Shillong - Meghalaya PCB","24-08-2026 11:00:00",25.5586,91.8985,CO,8,14,9
India,Odisha,Byasanagar,"Ferro Chrome Colony, Byasanagar - OSPCB","24-08-2026 11:00:00",20.94185,86.1151,NH3,0,1,1
India,Odisha,Byasanagar,"Ferro Chrome Colony, Byasanagar - OSPCB","24-08-2026 11:00:00",20.94185,86.1151,CO,35,48,42
India,Odisha,Byasanagar,"Ferro Chrome Colony, Byasanagar - OSPCB","24-08-2026 11:00:00",20.94185,86.1151,OZONE,17,25,21
India,Odisha,Cuttack,"CDA Area, Cuttack - OSPCB","24-08-2026 11:00:00",20.48891,85.84768,PM2.5,15,183,59
India,Odisha,Rourkela,"Sector-2, Rourkela - OSPCB","24-08-2026 11:00:00",22.245,84.88111111,SO2,NA,NA,NA
India,Odisha,Rourkela,"Raghunathpali, Rourkela - OSPCB","24-08-2026 11:00:00",22.220833,84.809444,NH3,1,1,1
India,Odisha,Rourkela,"Fertilizer Township, Rourkela - OSPCB","24-08-2026 11:00:00",22.18972222,84.86277778,PM10,NA,NA,NA
India,Odisha,Rourkela,"Fertilizer Township, Rourkela - OSPCB","24-08-2026 11:00:00",22.18972222,84.86277778,NO2,NA,NA,NA
India,Maharashtra,Pune,"Panchawati_Pashan, Pune - IITM","24-08-2026 11:00:00",18.536457,73.805454,PM10,35,52,44
India,Maharashtra,Pune,"Panchawati_Pashan, Pune - IITM","24-08-2026 11:00:00",18.536457,73.805454,SO2,NA,NA,NA
India,Maharashtra,Sangli,"Vijay Nagar, Sangli - MPCB","24-08-2026 11:00:00",16.5038,74.3623,NO2,1,12,3
India,Maharashtra,Satara,"Koyana Nagar, Satara - MPCB","24-08-2026 11:00:00",17.696651,74.003387,NH3,0,2,1
India,Maharashtra,Satara,"Koyana Nagar, Satara - MPCB","24-08-2026 11:00:00",17.696651,74.003387,SO2,4,7,5
India,Maharashtra,Satara,"Koyana Nagar, Satara - MPCB","24-08-2026 11:00:00",17.696651,74.003387,CO,12,28,20
India,Maharashtra,Solapur,"Ratandeep Housing Society, Solapur - MPCB","24-08-2026 11:00:00",17.65439,75.90649,NH3,3,8,6
India,Maharashtra,Thane,"Upvan Fort, Thane - MPCB","24-08-2026 11:00:00",19.222279,72.957979,PM2.5,3,31,17
India,Maharashtra,Thane,"Upvan Fort, Thane - MPCB","24-08-2026 11:00:00",19.222279,72.957979,SO2,0,6,2
India,Maharashtra,Thane,"Kasarvadavali, Thane - MPCB","24-08-2026 11:00:00",19.26777,72.97182,PM2.5,23,49,36
India,Maharashtra,Thane,"Kasarvadavali, Thane - MPCB","24-08-2026 11:00:00",19.26777,72.97182,SO2,7,8,8
India,Maharashtra,Ulhasnagar,"Sidhi Vinayak Nagar, Ulhasnagar - MPCB","24-08-2026 11:00:00",19.235581,73.159121,NO2,1,16,6
India,Maharashtra,Ulhasnagar,"Sidhi Vinayak Nagar, Ulhasnagar - MPCB","24-08-2026 11:00:00",19.235581,73.159121,CO,13,14,14
India,Rajasthan,Jodhpur,"Collectorate, Jodhpur - RSPCB","24-08-2026 11:00:00",26.268249,73.0193853,PM10,NA,NA,NA
India,Rajasthan,Jodhpur,"Collectorate, Jodhpur - RSPCB","24-08-2026 11:00:00",26.268249,73.0193853,NH3,NA,NA,NA
India,Rajasthan,Jodhpur,"Samrat Ashok Udhyan, Jodhpur - RSPCB","24-08-2026 11:00:00",26.253384,72.976571,PM10,77,113,96
India,Rajasthan,Karauli,"Satyawati Vihar, Karauli - RSPCB","24-08-2026 11:00:00",26.506177,77.025989,NO2,40,55,46
India,Rajasthan,Kota,"Nayapura, Kota - RSPCB","24-08-2026 11:00:00",25.196024,75.855668,PM10,65,151,86
India,Rajasthan,Kota,"Nayapura, Kota - RSPCB","24-08-2026 11:00:00",25.196024,75.855668,SO2,4,6,5
India,Rajasthan,Kota,"Nayapura, Kota - RSPCB","24-08-2026 11:00:00",25.196024,75.855668,OZONE,22,41,28
India,Rajasthan,Kota,"Dhanmandi, Kota - RSPCB","24-08-2026 11:00:00",25.16409,75.858137,SO2,2,72,14
India,Rajasthan,Kota,"Shrinath Puram, Kota - RSPCB","24-08-2026 11:00:00",25.14389,75.821256,PM2.5,43,66,55
India,Rajasthan,Kota,"Shrinath Puram, Kota - RSPCB","24-08-2026 11:00:00",25.14389,75.821256,NO2,2,18,8
India,Rajasthan,Nagaur,"Karni Colony, Nagaur - RSPCB","24-08-2026 11:00:00",27.213494,73.734444,PM2.5,15,42,25
India,Rajasthan,Dungarpur,"Bhoiwada, Dungarpur - RSPCB","24-08-2026 11:00:00",23.837789,73.714926,NO2,7,13,8
India,Rajasthan,Dungarpur,"Bhoiwada, Dungarpur - RSPCB","24-08-2026 11:00:00",23.837789,73.714926,NH3,10,13,11
India,Rajasthan,Dungarpur,"Bhoiwada, Dungarpur - RSPCB","24-08-2026 11:00:00",23.837789,73.714926,CO,18,110,55
India,Rajasthan,Dungarpur,"Bhoiwada, Dungarpur - RSPCB","24-08-2026 11:00:00",23.837789,73.714926,OZONE,7,26,17
India,Rajasthan,Hanumangarh,"Housing Board, Hanumangarh - RSPCB","24-08-2026 11:00:00",29.61075,74.283608,PM10,50,93,67
India,Rajasthan,Hanumangarh,"Housing Board, Hanumangarh - RSPCB","24-08-2026 11:00:00",29.61075,74.283608,NO2,2,10,6
India,Rajasthan,Hanumangarh,"Housing Board, Hanumangarh - RSPCB","24-08-2026 11:00:00",29.61075,74.283608,OZONE,25,32,28
India,Rajasthan,Jaipur,"Mansarovar Sector-12, Jaipur - RSPCB","24-08-2026 11:00:00",26.843698,75.766894,PM2.5,17,42,29
India,Rajasthan,Jaipur,"Mansarovar Sector-12, Jaipur - RSPCB","24-08-2026 11:00:00",26.843698,75.766894,PM10,67,122,90
India,Rajasthan,Jaipur,"Sector-2 Murlipura, Jaipur - RSPCB","24-08-2026 11:00:00",26.960669,75.771817,PM10,59,101,77
India,Rajasthan,Jaipur,"RIICO Sitapura, Jaipur - RSPCB","24-08-2026 11:00:00",26.786682,75.827928,SO2,NA,NA,NA
India,Rajasthan,Jaisalmer,"Sadar Bazar, Jaisalmer - RSPCB","24-08-2026 11:00:00",26.912329,70.909168,PM10,44,100,67
India,Rajasthan,Jaisalmer,"Sadar Bazar, Jaisalmer - RSPCB","24-08-2026 11:00:00",26.912329,70.909168,CO,9,27,20
India,Rajasthan,Jhalawar,"Rajlaxmi Nagar, Jhalawar - RSPCB","24-08-2026 11:00:00",24.588397,76.172782,PM2.5,22,75,53
India,Rajasthan,Jodhpur,"Digari Kalan, Jodhpur - RSPCB","24-08-2026 11:00:00",26.29581,73.082283,NO2,11,28,16
India,Rajasthan,Jodhpur,"Digari Kalan, Jodhpur - RSPCB","24-08-2026 11:00:00",26.29581,73.082283,NH3,4,6,5
India,Rajasthan,Jodhpur,"Digari Kalan, Jodhpur - RSPCB","24-08-2026 11:00:00",26.29581,73.082283,CO,8,20,13
India,Rajasthan,Jodhpur,"Digari Kalan, Jodhpur - RSPCB","24-08-2026 11:00:00",26.29581,73.082283,OZONE,12,42,25
India,Rajasthan,Jodhpur,"Jhalamand, Jodhpur - RSPCB","24-08-2026 11:00:00",26.215415,73.070156,OZONE,29,44,34
India,Rajasthan,Jodhpur,"Mandor, Jodhpur - RSPCB","24-08-2026 11:00:00",26.358805,73.047444,PM2.5,20,42,30
India,Rajasthan,Jodhpur,"Mandor, Jodhpur - RSPCB","24-08-2026 11:00:00",26.358805,73.047444,SO2,2,3,2
India,Rajasthan,Pratapgarh,"Pragati Nagar, Pratapgarh - RSPCB","24-08-2026 11:00:00",24.041198,74.780702,OZONE,20,44,31
India,Rajasthan,Rajsamand,"Dhoinda, Rajsamand - RSPCB","24-08-2026 11:00:00",25.03636,73.883502,NH3,6,8,7
India,Rajasthan,Rajsamand,"Dhoinda, Rajsamand - RSPCB","24-08-2026 11:00:00",25.03636,73.883502,SO2,4,5,5
India,Rajasthan,"Sawai Madhopur","Sahu Nagar, Sawai Madhopur - RSPCB","24-08-2026 11:00:00",26.031443,76.359327,OZONE,24,52,36
India,Rajasthan,Sikar,"Radhakishan Pura, Sikar - RSPCB","24-08-2026 11:00:00",27.608912,75.153302,NO2,6,17,9
India,Rajasthan,"Sri Ganganagar","Old City, Sri Ganganagar - RSPCB","24-08-2026 11:00:00",29.931624,73.864511,CO,24,37,28
India,Rajasthan,Tonk,"Shastri Nagar, Tonk - RSPCB","24-08-2026 11:00:00",26.159933,75.780517,PM10,103,174,127
India,Rajasthan,Tonk,"Shastri Nagar, Tonk - RSPCB","24-08-2026 11:00:00",26.159933,75.780517,OZONE,16,26,21
India,"Tamil Nadu",Chennai,"Kodungaiyur, Chennai - TNPCB","24-08-2026 11:00:00",13.1278,80.2642,PM2.5,8,88,36
India,"Tamil Nadu",Chennai,"Arumbakkam, Chennai - TNPCB","24-08-2026 11:00:00",13.0664,80.2112,CO,NA,NA,NA
India,"Tamil Nadu",Chennai,"Velachery Res. Area, Chennai - CPCB","24-08-2026 11:00:00",13.0052189,80.2398125,SO2,4,8,5
India,"Tamil Nadu",Chennai,"Velachery Res. Area, Chennai - CPCB","24-08-2026 11:00:00",13.0052189,80.2398125,OZONE,6,10,8
India,"Tamil Nadu",Chennai,"Perungudi, Chennai - TNPCB","24-08-2026 11:00:00",12.9533,80.2357,NO2,5,11,8
India,"Tamil Nadu",Chennai,"Perungudi, Chennai - TNPCB","24-08-2026 11:00:00",12.9533,80.2357,OZONE,0,20,5
India,"Tamil Nadu",Chennai,"Manali Village, Chennai - TNPCB","24-08-2026 11:00:00",13.1662,80.2584,OZONE,45,317,231
India,"Tamil Nadu",Chennai,"Manali, Chennai - CPCB","24-08-2026 11:00:00",13.164544,80.26285,PM10,24,159,56
India,Punjab,Ludhiana,"Punjab Agricultural University, Ludhiana - PPCB","24-08-2026 11:00:00",30.9028,75.8086,PM2.5,40,135,66
India,Punjab,Ludhiana,"Punjab Agricultural University, Ludhiana - PPCB","24-08-2026 11:00:00",30.9028,75.8086,OZONE,49,64,56
India,Punjab,Rupnagar,"Ratanpura, Rupnagar - Ambuja Cements","24-08-2026 11:00:00",31.0325454,76.5623046,NO2,9,45,26
India,Rajasthan,Alwar,"Moti Doongri, Alwar - RSPCB","24-08-2026 11:00:00",27.554793,76.611536,NO2,34,82,50
India,Rajasthan,Alwar,"Moti Doongri, Alwar - RSPCB","24-08-2026 11:00:00",27.554793,76.611536,CO,43,81,61
India,Rajasthan,Alwar,"Vigyan Nagar, Alwar - RSPCB","24-08-2026 11:00:00",27.598796,76.63861,NO2,9,19,11
India,Rajasthan,Alwar,"Vigyan Nagar, Alwar - RSPCB","24-08-2026 11:00:00",27.598796,76.63861,NH3,8,21,13
India,Rajasthan,Bharatpur,"Krishna Nagar, Bharatpur - RSPCB","24-08-2026 11:00:00",27.215415,77.50873,OZONE,12,59,42
India,Rajasthan,Bhilwara,"Pratap Nagar, Bhilwara - RSPCB","24-08-2026 11:00:00",25.339605,74.618883,PM2.5,NA,NA,NA
India,Rajasthan,Bhilwara,"Pratap Nagar, Bhilwara - RSPCB","24-08-2026 11:00:00",25.339605,74.618883,NO2,NA,NA,NA
India,Rajasthan,Bhiwadi,"RIICO Ind. Area III, Bhiwadi - RSPCB","24-08-2026 11:00:00",28.194909,76.862296,NO2,22,55,34
India,Rajasthan,Bhiwadi,"RIICO Ind. Area III, Bhiwadi - RSPCB","24-08-2026 11:00:00",28.194909,76.862296,NH3,6,15,9
India,Rajasthan,Bhiwadi,"RIICO Ind. Area III, Bhiwadi - RSPCB","24-08-2026 11:00:00",28.194909,76.862296,CO,14,49,31
India,Rajasthan,Bikaner,"MM Ground, Bikaner - RSPCB","24-08-2026 11:00:00",28.018792,73.292658,NH3,3,6,4
India,Rajasthan,Bikaner,"MM Ground, Bikaner - RSPCB","24-08-2026 11:00:00",28.018792,73.292658,CO,10,18,13
India,Rajasthan,Bundi,"New Colony, Bundi - RSPCB","24-08-2026 11:00:00",25.435774,75.644272,PM10,52,103,76
India,Rajasthan,Churu,"Subash Chowk, Churu - RSPCB","24-08-2026 11:00:00",28.296139,74.961696,NH3,4,5,4
India,Rajasthan,Churu,"Subash Chowk, Churu - RSPCB","24-08-2026 11:00:00",28.296139,74.961696,SO2,3,7,5
India,Rajasthan,Churu,"Subash Chowk, Churu - RSPCB","24-08-2026 11:00:00",28.296139,74.961696,OZONE,29,31,30
India,Rajasthan,Dholpur,"Raja Ganj, Dholpur - RSPCB","24-08-2026 11:00:00",26.699557,77.898881,PM2.5,15,42,25
India,Rajasthan,Alwar,"Vigyan Nagar, Alwar - RSPCB","24-08-2026 11:00:00",27.598796,76.63861,SO2,6,8,7
India,Rajasthan,Banswara,"Rati Talai, Banswara - RSPCB","24-08-2026 11:00:00",23.55519,74.44001,CO,15,26,18
India,Rajasthan,Baran,"Bamboliya, Baran - RSPCB","24-08-2026 11:00:00",25.106006,76.469948,PM10,48,93,68
India,Rajasthan,Barmer,"Railway Colony, Barmer - RSPCB","24-08-2026 11:00:00",25.747299,71.393989,PM10,55,88,71
India,Rajasthan,Barmer,"Railway Colony, Barmer - RSPCB","24-08-2026 11:00:00",25.747299,71.393989,NO2,2,16,7
India,Telangana,Hyderabad,"ECIL Kapra, Hyderabad - TSPCB","24-08-2026 11:00:00",17.470431,78.566959,NO2,2,9,5
India,Telangana,Hyderabad,"Ramachandrapuram, Hyderabad - TSPCB","24-08-2026 11:00:00",17.528544,78.286195,PM2.5,32,43,35
India,Telangana,Hyderabad,"Ramachandrapuram, Hyderabad - TSPCB","24-08-2026 11:00:00",17.528544,78.286195,NO2,10,16,11
India,Telangana,Hyderabad,"Ramachandrapuram, Hyderabad - TSPCB","24-08-2026 11:00:00",17.528544,78.286195,SO2,11,14,12
India,Telangana,Hyderabad,"Ramachandrapuram, Hyderabad - TSPCB","24-08-2026 11:00:00",17.528544,78.286195,OZONE,21,27,22
India,Telangana,Hyderabad,"Kompally Municipal Office, Hyderabad - TSPCB","24-08-2026 11:00:00",17.544899,78.486949,PM10,51,65,55
India,Telangana,Hyderabad,"Kompally Municipal Office, Hyderabad - TSPCB","24-08-2026 11:00:00",17.544899,78.486949,OZONE,8,8,8
India,Telangana,Hyderabad,"Somajiguda, Hyderabad - TSPCB","24-08-2026 11:00:00",17.417094,78.457437,SO2,8,9,8
India,Telangana,Hyderabad,"IDA Pashamylaram, Hyderabad - TSPCB","24-08-2026 11:00:00",17.5316895,78.218939,PM2.5,3,33,17
India,Telangana,Hyderabad,"IDA Pashamylaram, Hyderabad - TSPCB","24-08-2026 11:00:00",17.5316895,78.218939,PM10,19,55,35
India,Telangana,Hyderabad,"IDA Pashamylaram, Hyderabad - TSPCB","24-08-2026 11:00:00",17.5316895,78.218939,NO2,12,23,20
India,Telangana,Hyderabad,"Sanathnagar, Hyderabad - TSPCB","24-08-2026 11:00:00",17.4559458,78.4332152,NO2,NA,NA,NA
India,Telangana,Hyderabad,"Sanathnagar, Hyderabad - TSPCB","24-08-2026 11:00:00",17.4559458,78.4332152,NH3,NA,NA,NA
India,Telangana,Hyderabad,"Sanathnagar, Hyderabad - TSPCB","24-08-2026 11:00:00",17.4559458,78.4332152,CO,19,44,32
India,Telangana,Hyderabad,"ICRISAT Patancheru, Hyderabad - TSPCB","24-08-2026 11:00:00",17.5184,78.278777,CO,3,11,8
India,Telangana,Hyderabad,"ICRISAT Patancheru, Hyderabad - TSPCB","24-08-2026 11:00:00",17.5184,78.278777,OZONE,9,11,10
India,Tripura,Agartala,"Bardowali, Agartala - Tripura SPCB","24-08-2026 11:00:00",23.8175497,91.2726974,NH3,NA,NA,NA
India,Tripura,Agartala,"Bardowali, Agartala - Tripura SPCB","24-08-2026 11:00:00",23.8175497,91.2726974,OZONE,4,7,6
India,"Tamil Nadu",Thoothukudi,"Meelavittan, Thoothukudi - TNPCB","24-08-2026 11:00:00",8.816428,78.099039,CO,18,27,23
India,Telangana,Hyderabad,"Bollaram Industrial Area, Hyderabad - TSPCB","24-08-2026 11:00:00",17.518,78.383,NH3,5,6,5
India,Telangana,Hyderabad,"Bollaram Industrial Area, Hyderabad - TSPCB","24-08-2026 11:00:00",17.518,78.383,SO2,11,15,13
India,Telangana,Hyderabad,"Bollaram Industrial Area, Hyderabad - TSPCB","24-08-2026 11:00:00",17.518,78.383,CO,50,57,54
India,Telangana,Hyderabad,"Central University, Hyderabad - TSPCB","24-08-2026 11:00:00",17.460103,78.334361,PM10,7,19,12
India,Telangana,Hyderabad,"Central University, Hyderabad - TSPCB","24-08-2026 11:00:00",17.460103,78.334361,CO,8,12,10
India,Telangana,Hyderabad,"IITH Kandi, Hyderabad - TSPCB","24-08-2026 11:00:00",17.585705,78.126199,PM2.5,32,52,39
India,Telangana,Hyderabad,"Nacharam_TSIIC IALA, Hyderabad - TSPCB","24-08-2026 11:00:00",17.429398,78.569354,NH3,4,4,4
India,Telangana,Hyderabad,"Nacharam_TSIIC IALA, Hyderabad - TSPCB","24-08-2026 11:00:00",17.429398,78.569354,SO2,11,12,11
India,Telangana,Hyderabad,"Kokapet, Hyderabad - TSPCB","24-08-2026 11:00:00",17.393559,78.339194,NO2,11,14,14
India,Telangana,Hyderabad,"Kokapet, Hyderabad - TSPCB","24-08-2026 11:00:00",17.393559,78.339194,OZONE,12,16,13
India,"Uttar Pradesh",Ghaziabad,"Sanjay Nagar, Ghaziabad - UPPCB","24-08-2026 11:00:00",28.685382,77.453839,NO2,13,68,37
India,"Uttar Pradesh",Ghaziabad,"Sanjay Nagar, Ghaziabad - UPPCB","24-08-2026 11:00:00",28.685382,77.453839,SO2,12,14,13
India,"Uttar Pradesh",Ghaziabad,"Wave City, Ghaziabad - UPPCB","24-08-2026 11:00:00",28.646675,77.489049,NO2,15,25,18
India,"Uttar Pradesh",Ghaziabad,"Wave City, Ghaziabad - UPPCB","24-08-2026 11:00:00",28.646675,77.489049,CO,57,71,64
India,"Uttar Pradesh",Ghaziabad,"Loni, Ghaziabad - UPPCB","24-08-2026 11:00:00",28.757294,77.278792,NO2,23,68,46
India,"Uttar Pradesh","Greater Noida","Knowledge Park - III, Greater Noida - UPPCB","24-08-2026 11:00:00",28.47272,77.482,CO,40,72,57
India,"Uttar Pradesh","Greater Noida","Knowledge Park - III, Greater Noida - UPPCB","24-08-2026 11:00:00",28.47272,77.482,OZONE,11,20,14
India,"Uttar Pradesh",Jhansi,"Shivaji Nagar, Jhansi - UPPCB","24-08-2026 11:00:00",25.4547,78.6039,PM10,29,94,48
India,"Uttar Pradesh",Jhansi,"Shivaji Nagar, Jhansi - UPPCB","24-08-2026 11:00:00",25.4547,78.6039,NO2,6,6,6
India,"Uttar Pradesh",Kanpur,"FTI Kidwai Nagar, Kanpur - UPPCB","24-08-2026 11:00:00",26.428282,80.327067,PM10,22,192,63
India,"Uttar Pradesh",Firozabad,"Nagla Bhau, Firozabad - UPPCB","24-08-2026 11:00:00",27.168897,78.37696,PM2.5,NA,NA,NA
India,"Uttar Pradesh",Firozabad,"Nagla Bhau, Firozabad - UPPCB","24-08-2026 11:00:00",27.168897,78.37696,NH3,1,2,2
India,"Uttar Pradesh",Firozabad,"Nagla Bhau, Firozabad - UPPCB","24-08-2026 11:00:00",27.168897,78.37696,CO,17,41,22
India,"Uttar Pradesh",Firozabad,"Vibhab Nagar, Firozabad - UPPCB","24-08-2026 11:00:00",27.1594,78.3953,NO2,15,15,15
India,"Uttar Pradesh",Firozabad,"Vibhab Nagar, Firozabad - UPPCB","24-08-2026 11:00:00",27.1594,78.3953,CO,18,27,23
India,"Uttar Pradesh",Gajraula,"Rajanpur, Gajraula - UPPCB","24-08-2026 11:00:00",28.829109,78.248796,OZONE,2,10,6
India,"Uttar Pradesh",Bareilly,"Rajendra Nagar, Bareilly - UPPCB","24-08-2026 11:00:00",28.38910936,79.42963708,NO2,9,10,9
India,"Uttar Pradesh",Bareilly,"Rajendra Nagar, Bareilly - UPPCB","24-08-2026 11:00:00",28.38910936,79.42963708,OZONE,NA,NA,NA
India,"Uttar Pradesh",Bareilly,"Civil Lines, Bareilly - UPPCB","24-08-2026 11:00:00",28.359581,79.414455,PM10,23,37,29
India,"Uttar Pradesh",Bareilly,"Civil Lines, Bareilly - UPPCB","24-08-2026 11:00:00",28.359581,79.414455,CO,27,31,29
India,"Uttar Pradesh",Bareilly,"Civil Lines, Bareilly - UPPCB","24-08-2026 11:00:00",28.359581,79.414455,OZONE,NA,NA,NA
India,"Uttar Pradesh",Bulandshahr,"Yamunapuram, Bulandshahr - UPPCB","24-08-2026 11:00:00",28.406963,77.849831,NH3,8,18,10
India,"Tamil Nadu",Coimbatore,"SIDCO Kurichi, Coimbatore - TNPCB","24-08-2026 11:00:00",10.942451,76.978996,PM2.5,NA,NA,NA
India,"Tamil Nadu",Coimbatore,"SIDCO Kurichi, Coimbatore - TNPCB","24-08-2026 11:00:00",10.942451,76.978996,OZONE,19,20,20
India,"Tamil Nadu",Cuddalore,"Kudikadu, Cuddalore - TNPCB","24-08-2026 11:00:00",11.6829898,79.7532099,NO2,NA,NA,NA
India,"Tamil Nadu",Thoothukudi,"Meelavittan, Thoothukudi - TNPCB","24-08-2026 11:00:00",8.816428,78.099039,PM2.5,NA,NA,NA
India,"Uttar Pradesh",Agra,"Rohta, Agra - UPPCB","24-08-2026 11:00:00",27.106972,78.000111,SO2,12,22,17
India,"Uttar Pradesh",Agra,"Manoharpur, Agra - UPPCB","24-08-2026 11:00:00",27.23711,78.01936,NO2,31,31,31
India,"Uttar Pradesh",Baghpat,"Sardar Patel Inter College, Baghpat - UPPCB","24-08-2026 11:00:00",28.964949,77.278761,CO,14,22,18
India,"Uttar Pradesh",Agra,"Shastripuram, Agra - UPPCB","24-08-2026 11:00:00",27.19862,77.92066,SO2,56,69,62
India,"West Bengal",Asansol,"Mahabir Colliery, Asansol - WBPCB","24-08-2026 11:00:00",23.618183,87.105718,CO,15,21,18
India,"West Bengal",Asansol,"Trivenidevi Bhalotia College, Asansol - WBPCB","24-08-2026 11:00:00",23.616515,87.119133,CO,38,46,42
India,"West Bengal",Barrackpore,"SVSPA Campus, Barrackpore - WBPCB","24-08-2026 11:00:00",22.7605581,88.3617589,CO,46,47,46
India,"West Bengal",Durgapur,"PCBL Residential Complex, Durgapur - WBPCB","24-08-2026 11:00:00",23.508764,87.35444,NH3,2,6,4
India,"West Bengal",Durgapur,"PCBL Residential Complex, Durgapur - WBPCB","24-08-2026 11:00:00",23.508764,87.35444,SO2,11,12,12
India,"West Bengal",Durgapur,"PCBL Residential Complex, Durgapur - WBPCB","24-08-2026 11:00:00",23.508764,87.35444,CO,31,39,35
India,"West Bengal",Durgapur,"PCBL Residential Complex, Durgapur - WBPCB","24-08-2026 11:00:00",23.508764,87.35444,OZONE,NA,NA,NA
India,"West Bengal",Durgapur,"Mahishkapur Road_B-Zone, Durgapur - WBPCB","24-08-2026 11:00:00",23.567923,87.306843,PM10,5,35,15
India,"West Bengal",Durgapur,"Mahishkapur Road_B-Zone, Durgapur - WBPCB","24-08-2026 11:00:00",23.567923,87.306843,NO2,1,5,2
India,"West Bengal",Durgapur,"Mahishkapur Road_B-Zone, Durgapur - WBPCB","24-08-2026 11:00:00",23.567923,87.306843,NH3,0,1,0
India,"West Bengal",Durgapur,"Womens College_City Center, Durgapur - WBPCB","24-08-2026 11:00:00",23.549395,87.300496,NH3,3,5,4
India,"West Bengal",Haldia,"Priyambada Housing Estate, Haldia - WBPCB","24-08-2026 11:00:00",22.06047,88.109737,SO2,12,13,12
India,"West Bengal",Haldia,"Priyambada Housing Estate, Haldia - WBPCB","24-08-2026 11:00:00",22.06047,88.109737,OZONE,24,28,27
India,"West Bengal",Howrah,"Belur Math, Howrah - WBPCB","24-08-2026 11:00:00",22.629801,88.352017,OZONE,8,9,9
India,"West Bengal",Howrah,"Dasnagar, Howrah - WBPCB","24-08-2026 11:00:00",22.6025571,88.3105664,NO2,2,7,3
India,"West Bengal",Howrah,"Dasnagar, Howrah - WBPCB","24-08-2026 11:00:00",22.6025571,88.3105664,CO,29,39,36
India,"West Bengal",Howrah,"Botanical Garden, Howrah - WBPCB","24-08-2026 11:00:00",22.554954,88.292568,PM10,15,41,30
India,"West Bengal",Howrah,"Botanical Garden, Howrah - WBPCB","24-08-2026 11:00:00",22.554954,88.292568,SO2,2,3,2
India,"West Bengal",Howrah,"Ghusuri, Howrah - WBPCB","24-08-2026 11:00:00",22.611968,88.347422,PM2.5,12,40,23
India,"West Bengal",Howrah,"Ghusuri, Howrah - WBPCB","24-08-2026 11:00:00",22.611968,88.347422,OZONE,18,26,20
India,"West Bengal",Howrah,"Padmapukur, Howrah - WBPCB","24-08-2026 11:00:00",22.5687319,88.2797276,NH3,10,10,10
India,"West Bengal",Howrah,"Padmapukur, Howrah - WBPCB","24-08-2026 11:00:00",22.5687319,88.2797276,CO,50,56,53
India,"West Bengal",Kolkata,"Bidhannagar, Kolkata - WBPCB","24-08-2026 11:00:00",22.58157048,88.41002457,PM10,25,34,29
India,"West Bengal",Kolkata,"Bidhannagar, Kolkata - WBPCB","24-08-2026 11:00:00",22.58157048,88.41002457,NH3,5,5,5
India,"West Bengal",Kolkata,"Bidhannagar, Kolkata - WBPCB","24-08-2026 11:00:00",22.58157048,88.41002457,CO,40,42,41
India,"West Bengal",Kolkata,"Bidhannagar, Kolkata - WBPCB","24-08-2026 11:00:00",22.58157048,88.41002457,OZONE,12,15,14
India,"West Bengal",Kolkata,"Jadavpur, Kolkata - WBPCB","24-08-2026 11:00:00",22.49929,88.36917,CO,24,27,26
India,"West Bengal",Kolkata,"Jadavpur, Kolkata - WBPCB","24-08-2026 11:00:00",22.49929,88.36917,OZONE,10,14,13
India,"West Bengal",Kolkata,"Fort William, Kolkata - WBPCB","24-08-2026 11:00:00",22.55664,88.342674,NO2,13,23,15
India,"West Bengal",Kolkata,"Fort William, Kolkata - WBPCB","24-08-2026 11:00:00",22.55664,88.342674,CO,14,17,15
India,"West Bengal",Kolkata,"Fort William, Kolkata - WBPCB","24-08-2026 11:00:00",22.55664,88.342674,OZONE,30,40,35
India,"West Bengal",Kolkata,"Rabindra Sarobar, Kolkata - WBPCB","24-08-2026 11:00:00",22.51106,88.35142,NO2,9,16,10
India,"West Bengal",Kolkata,"Rabindra Sarobar, Kolkata - WBPCB","24-08-2026 11:00:00",22.51106,88.35142,OZONE,11,14,12
India,"West Bengal",Kolkata,"Ballygunge, Kolkata - WBPCB","24-08-2026 11:00:00",22.5367507,88.3638022,SO2,2,7,6
India,"Uttar Pradesh",Modinagar,"SRM University, Modinagar - UPPCB","24-08-2026 11:00:00",28.798171,77.540243,OZONE,7,11,9
India,"Uttar Pradesh",Moradabad,"Eco Herbal Park, Moradabad - UPPCB","24-08-2026 11:00:00",28.840739,78.697531,PM2.5,8,90,42
India,"Uttar Pradesh",Moradabad,"Buddhi Vihar, Moradabad - UPPCB","24-08-2026 11:00:00",28.83526,78.7446,NO2,28,29,29
India,"Uttar Pradesh",Moradabad,"Buddhi Vihar, Moradabad - UPPCB","24-08-2026 11:00:00",28.83526,78.7446,NH3,5,5,5
India,"Uttar Pradesh",Moradabad,"Jigar Colony, Moradabad - UPPCB","24-08-2026 11:00:00",28.856664,78.772638,PM2.5,18,56,34
India,"Uttar Pradesh",Moradabad,"Jigar Colony, Moradabad - UPPCB","24-08-2026 11:00:00",28.856664,78.772638,SO2,33,48,45
India,"Uttar Pradesh",Moradabad,"Transport Nagar, Moradabad - UPPCB","24-08-2026 11:00:00",28.802625,78.753728,PM2.5,7,178,56
India,"Uttar Pradesh",Moradabad,"Transport Nagar, Moradabad - UPPCB","24-08-2026 11:00:00",28.802625,78.753728,NO2,24,24,24
India,"Uttar Pradesh",Moradabad,"Transport Nagar, Moradabad - UPPCB","24-08-2026 11:00:00",28.802625,78.753728,SO2,20,21,20
India,"Uttar Pradesh",Moradabad,"Kashiram Nagar, Moradabad - UPPCB","24-08-2026 11:00:00",28.849399,78.742362,PM2.5,21,116,53
India,"Uttar Pradesh",Moradabad,"Kashiram Nagar, Moradabad - UPPCB","24-08-2026 11:00:00",28.849399,78.742362,NH3,4,4,4
India,"Uttar Pradesh",Moradabad,"Employment Office, Moradabad - UPPCB","24-08-2026 11:00:00",28.88528,78.7388,PM10,27,63,41
India,"Uttar Pradesh",Muzaffarnagar,"New Mandi, Muzaffarnagar - UPPCB","24-08-2026 11:00:00",29.4723508,77.7194031,NH3,2,6,3
India,"Uttar Pradesh",Muzaffarnagar,"New Mandi, Muzaffarnagar - UPPCB","24-08-2026 11:00:00",29.4723508,77.7194031,OZONE,5,42,13
India,"Uttar Pradesh",Noida,"Sector - 125, Noida - UPPCB","24-08-2026 11:00:00",28.5447608,77.3231257,NO2,13,91,42
India,"Uttar Pradesh",Noida,"Sector - 62, Noida - IITM","24-08-2026 11:00:00",28.6245479,77.3577104,OZONE,18,33,23
India,"Uttar Pradesh",Noida,"Sector-1, Noida - UPPCB","24-08-2026 11:00:00",28.5898,77.3101,OZONE,5,47,15
India,"Uttar Pradesh",Noida,"Sector-116, Noida - UPPCB","24-08-2026 11:00:00",28.56923,77.393848,PM10,73,217,138
India,"Uttar Pradesh",Prayagraj,"Motilal Nehru NIT, Prayagraj - UPPCB","24-08-2026 11:00:00",25.494,81.863,PM2.5,9,23,16
India,"Uttar Pradesh",Prayagraj,"Motilal Nehru NIT, Prayagraj - UPPCB","24-08-2026 11:00:00",25.494,81.863,NH3,8,8,8
India,"Uttar Pradesh",Prayagraj,"Motilal Nehru NIT, Prayagraj - UPPCB","24-08-2026 11:00:00",25.494,81.863,SO2,17,22,19
India,"Uttar Pradesh",Prayagraj,"Nagar Nigam, Prayagraj - UPPCB","24-08-2026 11:00:00",25.44919916,81.82735986,NO2,5,5,5
India,"Uttar Pradesh",Prayagraj,"Nagar Nigam, Prayagraj - UPPCB","24-08-2026 11:00:00",25.44919916,81.82735986,SO2,37,53,41
India,"Uttar Pradesh",Lucknow,"B R Ambedkar University, Lucknow - UPPCB","24-08-2026 11:00:00",26.766433,80.927299,NH3,3,3,3
India,"Uttar Pradesh",Lucknow,"Lalbagh, Lucknow - CPCB","24-08-2026 11:00:00",26.8458805,80.9365541,SO2,3,10,6
India,"Uttar Pradesh",Meerut,"Jai Bhim Nagar, Meerut - UPPCB","24-08-2026 11:00:00",28.9535882,77.7622941,PM2.5,11,131,52
India,"Uttar Pradesh",Meerut,"Jai Bhim Nagar, Meerut - UPPCB","24-08-2026 11:00:00",28.9535882,77.7622941,SO2,11,12,11
India,"Uttar Pradesh",Meerut,"MIET College, Meerut - UPPCB","24-08-2026 11:00:00",28.972677,77.641018,SO2,1,3,2
India,"Uttar Pradesh",Meerut,"MIET College, Meerut - UPPCB","24-08-2026 11:00:00",28.972677,77.641018,CO,34,69,55
India,"Uttar Pradesh",Meerut,"MIET College, Meerut - UPPCB","24-08-2026 11:00:00",28.972677,77.641018,OZONE,3,23,9
India,"Uttar Pradesh",Meerut,"Pallavpuram Phase 2, Meerut - UPPCB","24-08-2026 11:00:00",29.06351,77.709723,CO,25,35,28
India,"Uttar Pradesh",Meerut,"Ganga Nagar, Meerut - UPPCB","24-08-2026 11:00:00",28.999264,77.7590354,PM2.5,22,78,55
India,"Uttar Pradesh",Modinagar,"SRM University, Modinagar - UPPCB","24-08-2026 11:00:00",28.798171,77.540243,PM10,NA,NA,NA
India,"Uttar Pradesh",Kanpur,"NSI Kalyanpur, Kanpur - UPPCB","24-08-2026 11:00:00",26.509954,80.249612,NO2,31,32,31
India,"Uttar Pradesh",Kanpur,"NSI Kalyanpur, Kanpur - UPPCB","24-08-2026 11:00:00",26.509954,80.249612,SO2,22,25,24
India,"Uttar Pradesh",Kanpur,"Nehru Nagar, Kanpur - UPPCB","24-08-2026 11:00:00",26.4703136,80.3229863,SO2,11,12,12
India,"Uttar Pradesh",Kanpur,"Nehru Nagar, Kanpur - UPPCB","24-08-2026 11:00:00",26.4703136,80.3229863,OZONE,2,24,8
India,"Uttar Pradesh",Khora,"Prashant Garden, Khora - UPPCB","24-08-2026 11:00:00",28.61119,77.34206,OZONE,5,8,6
India,"Uttar Pradesh",Khurja,"Kalindi Kunj, Khurja - UPPCB","24-08-2026 11:00:00",28.2348927,77.8683002,NH3,1,1,1
India,"Uttar Pradesh",Khurja,"Kalindi Kunj, Khurja - UPPCB","24-08-2026 11:00:00",28.2348927,77.8683002,CO,1,38,21
India,"Uttar Pradesh",Khurja,"Kalindi Kunj, Khurja - UPPCB","24-08-2026 11:00:00",28.2348927,77.8683002,OZONE,10,12,11
India,"Uttar Pradesh",Varanasi,"IESD Banaras Hindu University, Varanasi - UPPCB","24-08-2026 11:00:00",25.262326,82.995408,PM10,30,88,51
India,"Uttar Pradesh",Vrindavan,"Omex Eternity, Vrindavan - UPPCB","24-08-2026 11:00:00",27.571409,77.655757,SO2,26,27,27
India,"West Bengal",Asansol,"Asansol Court Area, Asansol - WBPCB","24-08-2026 11:00:00",23.685297,86.945968,NO2,31,41,35
India,"West Bengal",Asansol,"Evelyn Lodge, Asansol - WBPCB","24-08-2026 11:00:00",23.697936,86.944395,PM10,14,52,25
India,"West Bengal",Asansol,"Evelyn Lodge, Asansol - WBPCB","24-08-2026 11:00:00",23.697936,86.944395,SO2,77,78,77
India,"West Bengal",Asansol,"Mahabir Colliery, Asansol - WBPCB","24-08-2026 11:00:00",23.618183,87.105718,PM2.5,6,36,16
India,"Uttar Pradesh",Lucknow,"Talkatora District Industries Center, Lucknow - CPCB","24-08-2026 11:00:00",26.83399722,80.8917361,CO,8,16,11
India,"Uttar Pradesh",Lucknow,"Kendriya Vidyalaya, Lucknow - CPCB","24-08-2026 11:00:00",26.906111,80.948222,PM10,32,46,38
India,"Uttar Pradesh",Lucknow,"Kendriya Vidyalaya, Lucknow - CPCB","24-08-2026 11:00:00",26.906111,80.948222,NO2,24,28,25
India,"Uttar Pradesh",Lucknow,"Kendriya Vidyalaya, Lucknow - CPCB","24-08-2026 11:00:00",26.906111,80.948222,SO2,2,9,6
India,"Uttar Pradesh",Lucknow,"Gomti Nagar, Lucknow - UPPCB","24-08-2026 11:00:00",26.86812,81.005119,PM10,8,42,23
India,"Uttar Pradesh",Lucknow,"B R Ambedkar University, Lucknow - UPPCB","24-08-2026 11:00:00",26.766433,80.927299,PM10,7,118,24
India,"Uttar Pradesh",Lucknow,"B R Ambedkar University, Lucknow - UPPCB","24-08-2026 11:00:00",26.766433,80.927299,NO2,11,12,12
India,"Uttar Pradesh",Prayagraj,"Nagar Nigam, Prayagraj - UPPCB","24-08-2026 11:00:00",25.44919916,81.82735986,OZONE,12,12,12
India,"Uttar Pradesh",Prayagraj,"Jhunsi, Prayagraj - UPPCB","24-08-2026 11:00:00",25.425602,81.917152,NH3,6,6,6
India,"Uttar Pradesh",Shamli,"New Tehsil, Shamli - UPPCB","24-08-2026 11:00:00",29.4603683,77.3410291,PM2.5,27,82,54
India,"Uttar Pradesh",Shamli,"New Tehsil, Shamli - UPPCB","24-08-2026 11:00:00",29.4603683,77.3410291,NO2,9,25,15
India,"Uttar Pradesh",Varanasi,"Ardhali Bazar, Varanasi - UPPCB","24-08-2026 11:00:00",25.3505986,82.9083074,NO2,20,23,22
India,"Uttar Pradesh",Varanasi,"Ardhali Bazar, Varanasi - UPPCB","24-08-2026 11:00:00",25.3505986,82.9083074,CO,14,14,14
India,"West Bengal",Kolkata,"Victoria, Kolkata - WBPCB","24-08-2026 11:00:00",22.5448082,88.3403691,PM10,78,87,82
India,"West Bengal",Kolkata,"Victoria, Kolkata - WBPCB","24-08-2026 11:00:00",22.5448082,88.3403691,NH3,6,7,6
India,"West Bengal",Kolkata,"Victoria, Kolkata - WBPCB","24-08-2026 11:00:00",22.5448082,88.3403691,SO2,3,7,5
India,"West Bengal",Kolkata,"Victoria, Kolkata - WBPCB","24-08-2026 11:00:00",22.5448082,88.3403691,OZONE,34,37,35
India,"West Bengal",Siliguri,"Ward-32 Bapupara, Siliguri - WBPCB","24-08-2026 11:00:00",26.6879226,88.4152495,OZONE,18,19,18
